resume_text,clean_resume,skills_found,num_skills
"{""name"":""Unknown"",""email"":""Unknown"",""phone"":""Unknown"",""location"":{""city"":""Pune"",""country"":""India"",""remote_preference"":""Unknown""},""summary"":""Python Developer with experience in Python, Tensorflow, Numpy, C, C++, MySQL, and various platforms."",""linkedin"":""Unknown"",""github"":""Unknown""}",name unknown email unknown phone unknown location city pune country india remote preference unknown summary python developer with experience in python tensorflow numpy c c++ mysql and various platforms. linkedin unknown github unknown,"['python', 'c++', 'sql', 'mysql', 'tensorflow', 'git', 'github']",7
"{""name"":""Unknown"",""email"":""Unknown"",""phone"":""Unknown"",""location"":{""city"":""Pune"",""country"":""India"",""remote_preference"":""Unknown""},""summary"":""Experienced Operations Manager with expertise in project execution, engineering, and team coordination. Skilled in managing contractual and commercial issues, ensuring project profitability, and maintaining high client satisfaction.""}",name unknown email unknown phone unknown location city pune country india remote preference unknown summary experienced operations manager with expertise in project execution engineering and team coordination. skilled in managing contractual and commercial issues ensuring project profitability and maintaining high client satisfaction.,[],0
"{""name"":""Not Provided"",""email"":""Not Provided"",""phone"":""Not Provided"",""location"":{""city"":""Pune"",""country"":""India"",""remote_preference"":""Not Provided""},""summary"":""Software Proficiency in various languages and tools. Worked on several projects including FPGA Implementation, Sorting Robot, and RFID Based Student Attendance System."",""linkedin"":""Not Provided"",""github"":""Not Provided""}",name not provided email not provided phone not provided location city pune country india remote preference not provided summary software proficiency in various languages and tools. worked on several projects including fpga implementation sorting robot and rfid based student attendance system. linkedin not provided github not provided,"['git', 'github']",2
"{""name"":""Unknown"",""email"":""Unknown"",""phone"":""Unknown"",""location"":{""city"":""Pune"",""country"":""India"",""remote_preference"":""Unknown""},""summary"":""Experienced Operations Manager with expertise in project execution, engineering, and team coordination. Skilled in managing contractual and commercial issues, ensuring project profitability, and maintaining high client satisfaction.""}",name unknown email unknown phone unknown location city pune country india remote preference unknown summary experienced operations manager with expertise in project execution engineering and team coordination. skilled in managing contractual and commercial issues ensuring project profitability and maintaining high client satisfaction.,[],0
"{""name"":"""",""email"":"""",""phone"":"""",""location"":{""city"":""Pune"",""country"":""India"",""remote_preference"":""""},""summary"":"""",""linkedin"":"""",""github"":""""}",name email phone location city pune country india remote preference summary linkedin github,"['git', 'github']",2
"{""name"":"""",""email"":"""",""phone"":"""",""location"":{""city"":""Pune"",""country"":""Maharashtra"",""remote_preference"":""""},""summary"":"""",""linkedin"":"""",""github"":""""}",name email phone location city pune country maharashtra remote preference summary linkedin github,"['git', 'github']",2
"{""name"":"""",""email"":"""",""phone"":"""",""location"":{""city"":""Nagpur"",""country"":""India"",""remote_preference"":""""},""summary"":"""",""linkedin"":"""",""github"":""""}",name email phone location city nagpur country india remote preference summary linkedin github,"['git', 'github']",2
"{""name"":""Unknown"",""email"":""Unknown"",""phone"":""Unknown"",""location"":{""city"":""Amravati"",""country"":""India"",""remote_preference"":""Unknown""},""summary"":""Experienced Java Developer with expertise in JSP, Servlets, Spring, Hibernate, and front-end technologies like HTML, CSS, JavaScript, and jQuery. Proficient in MySQL and development tools such as Eclipse and NetBeans."",""linkedin"":""Unknown"",""github"":""Unknown""}",name unknown email unknown phone unknown location city amravati country india remote preference unknown summary experienced java developer with expertise in jsp servlets spring hibernate and front end technologies like html css javascript and jquery. proficient in mysql and development tools such as eclipse and netbeans. linkedin unknown github unknown,"['java', 'sql', 'mysql', 'html', 'css', 'javascript', 'git', 'github']",8
"{""name"":"""",""email"":"""",""phone"":"""",""location"":{""city"":""Gondia"",""country"":""India"",""remote_preference"":""""},""summary"":"""",""linkedin"":"""",""github"":""""}",name email phone location city gondia country india remote preference summary linkedin github,"['git', 'github']",2
"{""name"":"""",""email"":"""",""phone"":"""",""location"":{""city"":""Jabalpur"",""country"":""India"",""remote_preference"":""""},""summary"":"""",""linkedin"":"""",""github"":""""}",name email phone location city jabalpur country india remote preference summary linkedin github,"['git', 'github']",2
"{""name"":""Unknown"",""email"":""Unknown"",""phone"":""Unknown"",""location"":{""city"":""Hyderabad"",""country"":""India"",""remote_preference"":""Unknown""},""summary"":""Devops Engineer with experience in various DevOps methodologies and tools."",""linkedin"":""Unknown"",""github"":""Unknown""}",name unknown email unknown phone unknown location city hyderabad country india remote preference unknown summary devops engineer with experience in various devops methodologies and tools. linkedin unknown github unknown,"['git', 'github']",2
"{""name"":"""",""email"":"""",""phone"":"""",""location"":{""city"":""Mumbai"",""country"":""India"",""remote_preference"":""""},""summary"":"""",""linkedin"":"""",""github"":""""}",name email phone location city mumbai country india remote preference summary linkedin github,"['git', 'github']",2
"{""name"":""Fahed"",""summary"":""IABAC Certified Data Scientist with versatile experience over 1+ years in managing business, data science consulting and leading innovation projects, bringing business ideas to working real world solutions. Being a strong advocator of augmented era, where human capabilities are enhanced by machines, Fahed is passionate about bringing business concepts in area of machine learning, AI, robotics etc., to real life solutions.""}",name fahed summary iabac certified data scientist with versatile experience over 1+ years in managing business data science consulting and leading innovation projects bringing business ideas to working real world solutions. being a strong advocator of augmented era where human capabilities are enhanced by machines fahed is passionate about bringing business concepts in area of machine learning ai robotics etc. to real life solutions.,['machine learning'],1
"{""name"":""Unknown"",""email"":""Unknown"",""phone"":""Unknown"",""location"":{""city"":""Mumbai"",""country"":""India"",""remote_preference"":""Unknown""},""summary"":""Python Developer\/analyst"",""linkedin"":""Unknown"",""github"":""Unknown""}",name unknown email unknown phone unknown location city mumbai country india remote preference unknown summary python developer analyst linkedin unknown github unknown,"['python', 'git', 'github']",3
"{""name"":""Unknown"",""email"":""Unknown"",""phone"":""Unknown"",""location"":{""city"":""Pune"",""country"":""India"",""remote_preference"":""Unknown""},""summary"":""Java Developer with experience in Hibernate, JSP, and Servlets. Passionate about software development and programming."",""linkedin"":""Unknown"",""github"":""Unknown""}",name unknown email unknown phone unknown location city pune country india remote preference unknown summary java developer with experience in hibernate jsp and servlets. passionate about software development and programming. linkedin unknown github unknown,"['java', 'git', 'github']",3
"{""name"":""Fahed"",""summary"":""IABAC Certified Data Scientist with versatile experience over 1+ years in managing business, data science consulting and leading innovation projects, bringing business ideas to working real world solutions. Being a strong advocator of augmented era, where human capabilities are enhanced by machines, Fahed is passionate about bringing business concepts in area of machine learning, AI, robotics etc., to real life solutions.""}",name fahed summary iabac certified data scientist with versatile experience over 1+ years in managing business data science consulting and leading innovation projects bringing business ideas to working real world solutions. being a strong advocator of augmented era where human capabilities are enhanced by machines fahed is passionate about bringing business concepts in area of machine learning ai robotics etc. to real life solutions.,['machine learning'],1
"{""name"":""Artem Sliusarenko"",""email"":""artem.sliusarenko@city.ac.uk"",""phone"":""+44 7123456789"",""location"":{""city"":""London"",""country"":""United Kingdom"",""remote_preference"":""hybrid""},""summary"":""Final year Computer Science student at City, University of London with strong focus on machine learning and software engineering. Experienced in developing ML-powered applications and passionate about solving complex technical challenges."",""linkedin"":""linkedin.com\/in\/artem-sliusarenko"",""github"":""github.com\/artemslius""}",name artem sliusarenko email artem.sliusarenko city.ac.uk phone +44 7123456789 location city london country united kingdom remote preference hybrid summary final year computer science student at city university of london with strong focus on machine learning and software engineering. experienced in developing ml powered applications and passionate about solving complex technical challenges. linkedin linkedin.com in artem sliusarenko github github.com artemslius,"['machine learning', 'git', 'github']",3
"{""name"":""Not Provided"",""email"":""Not Provided"",""phone"":""Not Provided"",""location"":{""city"":""Pune"",""country"":""India"",""remote_preference"":""Not Provided""},""summary"":""Cloud Operations Architect (DevOps) with experience in various technologies and platforms."",""linkedin"":""Not Provided"",""github"":""Not Provided""}",name not provided email not provided phone not provided location city pune country india remote preference not provided summary cloud operations architect devops with experience in various technologies and platforms. linkedin not provided github not provided,"['git', 'github']",2
"{""name"":"""",""email"":"""",""phone"":"""",""location"":{""city"":""Pune"",""country"":""India"",""remote_preference"":""""},""summary"":"""",""linkedin"":"""",""github"":""""}",name email phone location city pune country india remote preference summary linkedin github,"['git', 'github']",2
"{""name"":""Newcomer Indian Advocate"",""location"":{""city"":""Mansa"",""country"":""India""},""summary"":""A Microsoft Certified Systems Engineer and Advocate with exceptional knowledge of administrative procedures, evidence rules and trials. Able to communicate clearly and concisely with people of diverse backgrounds and levels of authority. Focused and driven to always meet deadlines for pretrial procedures, trials and appellate briefings by effectively utilizing resources.""}",name newcomer indian advocate location city mansa country india summary a microsoft certified systems engineer and advocate with exceptional knowledge of administrative procedures evidence rules and trials. able to communicate clearly and concisely with people of diverse backgrounds and levels of authority. focused and driven to always meet deadlines for pretrial procedures trials and appellate briefings by effectively utilizing resources.,[],0
"{""name"":""Artem Sliusarenko"",""email"":""artem.sliusarenko@city.ac.uk"",""phone"":""+44 7123456789"",""location"":{""city"":""London"",""country"":""United Kingdom"",""remote_preference"":""hybrid""},""summary"":""Final year Computer Science student at City, University of London with strong focus on machine learning and software engineering. Experienced in developing ML-powered applications and passionate about solving complex technical challenges."",""linkedin"":""linkedin.com\/in\/artem-sliusarenko"",""github"":""github.com\/artemslius""}",name artem sliusarenko email artem.sliusarenko city.ac.uk phone +44 7123456789 location city london country united kingdom remote preference hybrid summary final year computer science student at city university of london with strong focus on machine learning and software engineering. experienced in developing ml powered applications and passionate about solving complex technical challenges. linkedin linkedin.com in artem sliusarenko github github.com artemslius,"['machine learning', 'git', 'github']",3
"{""name"":"""",""email"":"""",""phone"":"""",""location"":{""city"":""Pune"",""country"":""India"",""remote_preference"":""onsite""},""summary"":""Highly motivated Software Testing & Automation Engineer with strong work ethics, quick learning ability, and experience in test automation, defect tracking, and Agile methodologies."",""linkedin"":"""",""github"":""""}",name email phone location city pune country india remote preference onsite summary highly motivated software testing automation engineer with strong work ethics quick learning ability and experience in test automation defect tracking and agile methodologies. linkedin github,"['git', 'github']",2
"{""name"":""Not Provided"",""email"":""Not Provided"",""phone"":""Not Provided"",""location"":{""city"":""Pune"",""country"":""India"",""remote_preference"":""Not Provided""},""summary"":""Cloud Operations Architect (DevOps) with experience in various technologies and platforms."",""linkedin"":""Not Provided"",""github"":""Not Provided""}",name not provided email not provided phone not provided location city pune country india remote preference not provided summary cloud operations architect devops with experience in various technologies and platforms. linkedin not provided github not provided,"['git', 'github']",2
"{""name"":""Unknown"",""email"":""Unknown"",""phone"":""Unknown"",""location"":{""city"":""Unknown"",""country"":""Unknown"",""remote_preference"":""Unknown""},""summary"":""Hardworking Java Developer enthusiastic about working with multicultural teams. Having 2 years of experience in working with a Payment Gateway Solutions provider with Core Java."",""linkedin"":""Unknown"",""github"":""Unknown""}",name unknown email unknown phone unknown location city unknown country unknown remote preference unknown summary hardworking java developer enthusiastic about working with multicultural teams. having 2 years of experience in working with a payment gateway solutions provider with core java. linkedin unknown github unknown,"['java', 'git', 'github']",3
"{""name"":"""",""email"":"""",""phone"":"""",""location"":{""city"":""Nagpur"",""country"":""India"",""remote_preference"":""""},""summary"":"""",""linkedin"":"""",""github"":""""}",name email phone location city nagpur country india remote preference summary linkedin github,"['git', 'github']",2
"{""name"":""Unknown"",""email"":""Unknown"",""phone"":""Unknown"",""location"":{""city"":""Mumbai"",""country"":""India"",""remote_preference"":""Unknown""},""summary"":""Senior Business Analyst with extensive experience in RPA, process automation, and business analysis. Skilled in documentation, testing, and integration with a strong background in Agile and Waterfall methodologies."",""linkedin"":""Unknown"",""github"":""Unknown""}",name unknown email unknown phone unknown location city mumbai country india remote preference unknown summary senior business analyst with extensive experience in rpa process automation and business analysis. skilled in documentation testing and integration with a strong background in agile and waterfall methodologies. linkedin unknown github unknown,"['git', 'github']",2
"{""name"":""Unknown"",""email"":""Unknown"",""phone"":""Unknown"",""location"":{""city"":""Pune"",""country"":""India"",""remote_preference"":""Unknown""},""summary"":""Experienced Python RESTful API developer with expertise in MongoDB, MySQL, and AS\/400. Strong background in software development life cycle, debugging, and testing. Skilled in agile methodologies and cloud deployment using Pivotal Cloud Foundry."",""linkedin"":""Unknown"",""github"":""Unknown""}",name unknown email unknown phone unknown location city pune country india remote preference unknown summary experienced python restful api developer with expertise in mongodb mysql and as 400. strong background in software development life cycle debugging and testing. skilled in agile methodologies and cloud deployment using pivotal cloud foundry. linkedin unknown github unknown,"['python', 'sql', 'mysql', 'git', 'github']",5
"{""name"":"""",""email"":"""",""phone"":"""",""location"":{""city"":""Nashik"",""country"":""India"",""remote_preference"":""""},""summary"":"""",""linkedin"":"""",""github"":""""}",name email phone location city nashik country india remote preference summary linkedin github,"['git', 'github']",2
"{""name"":"""",""email"":"""",""phone"":"""",""location"":{""city"":"""",""country"":"""",""remote_preference"":""""},""summary"":""SAP Technical Architect with 13+ years of experience in SAP, ranging from development to subject matter expertise. Strong background in implementation, upgrade, application development, and maintenance. Certified in SAP ABAP, ITIL 2011 Foundation, and PRINCE2 Practitioner. Extensive experience in SAP ABAP FRICEW components, multiple SAP modules, and S\/4HANA. Proven ability to lead technical teams and manage full-lifecycle SAP projects."",""linkedin"":"""",""github"":""""}",name email phone location city country remote preference summary sap technical architect with 13+ years of experience in sap ranging from development to subject matter expertise. strong background in implementation upgrade application development and maintenance. certified in sap abap itil 2011 foundation and prince2 practitioner. extensive experience in sap abap fricew components multiple sap modules and s 4hana. proven ability to lead technical teams and manage full lifecycle sap projects. linkedin github,"['git', 'github']",2
"{""name"":""Unknown"",""email"":""Unknown"",""phone"":""Unknown"",""location"":{""city"":""Pune"",""country"":""India"",""remote_preference"":""Unknown""},""summary"":""Java Developer with experience in Hibernate, JSP, and Servlets. Passionate about software development and programming."",""linkedin"":""Unknown"",""github"":""Unknown""}",name unknown email unknown phone unknown location city pune country india remote preference unknown summary java developer with experience in hibernate jsp and servlets. passionate about software development and programming. linkedin unknown github unknown,"['java', 'git', 'github']",3
"{""name"":""Unknown"",""email"":""Unknown"",""phone"":""Unknown"",""location"":{""city"":""Pune"",""country"":""India"",""remote_preference"":""Unknown""},""summary"":""Experienced Operations Manager with expertise in project execution, engineering, and team coordination. Skilled in managing contractual and commercial issues, ensuring project profitability, and maintaining high client satisfaction.""}",name unknown email unknown phone unknown location city pune country india remote preference unknown summary experienced operations manager with expertise in project execution engineering and team coordination. skilled in managing contractual and commercial issues ensuring project profitability and maintaining high client satisfaction.,[],0
"{""name"":""Unknown"",""email"":""Unknown"",""phone"":""Unknown"",""location"":{""city"":""Nashik"",""country"":""India"",""remote_preference"":""Unknown""},""summary"":""Java Developer with experience in Spring MVC, Hibernate, JDBC, and various web technologies. Skilled in database management and front-end scripting."",""linkedin"":""Unknown"",""github"":""Unknown""}",name unknown email unknown phone unknown location city nashik country india remote preference unknown summary java developer with experience in spring mvc hibernate jdbc and various web technologies. skilled in database management and front end scripting. linkedin unknown github unknown,"['java', 'git', 'github']",3
"{""name"":"""",""email"":"""",""phone"":"""",""location"":{""city"":""Mumbai"",""country"":""India"",""remote_preference"":""""},""summary"":"""",""linkedin"":"""",""github"":""""}",name email phone location city mumbai country india remote preference summary linkedin github,"['git', 'github']",2
"{""name"":""Unknown"",""email"":""Unknown"",""phone"":""Unknown"",""location"":{""city"":""Pune"",""country"":""India"",""remote_preference"":""Unknown""},""summary"":""Experienced Operations Manager with expertise in project execution, engineering, and team coordination. Skilled in managing contractual and commercial issues, ensuring project profitability, and maintaining high client satisfaction.""}",name unknown email unknown phone unknown location city pune country india remote preference unknown summary experienced operations manager with expertise in project execution engineering and team coordination. skilled in managing contractual and commercial issues ensuring project profitability and maintaining high client satisfaction.,[],0
"{""name"":""Unknown"",""email"":""Unknown"",""phone"":""Unknown"",""location"":{""city"":""Unknown"",""country"":""Unknown"",""remote_preference"":""Unknown""},""summary"":""SAP Technical Architect and Consultant with 13+ years of experience in SAP, covering implementation, upgrade, application development, and maintenance. Expertise in SAP ABAP, SAP NetWeaver Gateway, S\/4HANA, and multiple SAP modules. Strong leadership, client interaction, and project management skills."",""linkedin"":""Unknown"",""github"":""Unknown""}",name unknown email unknown phone unknown location city unknown country unknown remote preference unknown summary sap technical architect and consultant with 13+ years of experience in sap covering implementation upgrade application development and maintenance. expertise in sap abap sap netweaver gateway s 4hana and multiple sap modules. strong leadership client interaction and project management skills. linkedin unknown github unknown,"['git', 'github', 'leadership']",3
"{""name"":""Unknown"",""email"":""Unknown"",""phone"":""Unknown"",""location"":{""city"":""Amravati"",""country"":""India"",""remote_preference"":""Unknown""},""summary"":""Experienced Java Developer with expertise in JSP, Servlets, Spring, Hibernate, and front-end technologies like HTML, CSS, JavaScript, and jQuery. Proficient in MySQL and development tools such as Eclipse and NetBeans."",""linkedin"":""Unknown"",""github"":""Unknown""}",name unknown email unknown phone unknown location city amravati country india remote preference unknown summary experienced java developer with expertise in jsp servlets spring hibernate and front end technologies like html css javascript and jquery. proficient in mysql and development tools such as eclipse and netbeans. linkedin unknown github unknown,"['java', 'sql', 'mysql', 'html', 'css', 'javascript', 'git', 'github']",8
"{""name"":""Unknown"",""email"":""Unknown"",""phone"":""Unknown"",""location"":{""city"":""Pune"",""country"":""India"",""remote_preference"":""Unknown""},""summary"":""DevOps Engineer with software proficiency in various languages and tools."",""linkedin"":""Unknown"",""github"":""Unknown""}",name unknown email unknown phone unknown location city pune country india remote preference unknown summary devops engineer with software proficiency in various languages and tools. linkedin unknown github unknown,"['git', 'github']",2
"{""name"":""Unknown"",""email"":""Unknown"",""phone"":""Unknown"",""location"":{""city"":""Pune"",""country"":""India"",""remote_preference"":""Unknown""},""summary"":""Unknown"",""linkedin"":""Unknown"",""github"":""Unknown""}",name unknown email unknown phone unknown location city pune country india remote preference unknown summary unknown linkedin unknown github unknown,"['git', 'github']",2
"{""name"":""Unknown"",""email"":""Unknown"",""phone"":""Unknown"",""location"":{""city"":""Hyderabad"",""country"":""India"",""remote_preference"":""Unknown""},""summary"":""Devops Engineer with strong focus on Dev-ops methodologies, C, Core Java, GIT, Bitbucket, ANT, Maven, Jenkins, Ansible, Shell Script, Apache Tomcat server."",""linkedin"":""Unknown"",""github"":""Unknown""}",name unknown email unknown phone unknown location city hyderabad country india remote preference unknown summary devops engineer with strong focus on dev ops methodologies c core java git bitbucket ant maven jenkins ansible shell script apache tomcat server. linkedin unknown github unknown,"['java', 'git', 'github']",3
"{""name"":""Not Provided"",""email"":""Not Provided"",""phone"":""Not Provided"",""location"":{""city"":""Not Provided"",""country"":""Not Provided"",""remote_preference"":""Not Provided""},""summary"":""Not Provided"",""linkedin"":""Not Provided"",""github"":""Not Provided""}",name not provided email not provided phone not provided location city not provided country not provided remote preference not provided summary not provided linkedin not provided github not provided,"['git', 'github']",2
"{""name"":"""",""email"":"""",""phone"":"""",""location"":{""city"":""Nashik"",""country"":""India"",""remote_preference"":""""},""summary"":"""",""linkedin"":"""",""github"":""""}",name email phone location city nashik country india remote preference summary linkedin github,"['git', 'github']",2
"{""name"":""Not Provided"",""email"":""Not Provided"",""phone"":""Not Provided"",""location"":{""city"":""Mumbai"",""country"":""India"",""remote_preference"":""Not Provided""},""summary"":""Network Security Engineer with Cisco certifications and experience in various networking technologies."",""linkedin"":""Not Provided"",""github"":""Not Provided""}",name not provided email not provided phone not provided location city mumbai country india remote preference not provided summary network security engineer with cisco certifications and experience in various networking technologies. linkedin not provided github not provided,"['git', 'github']",2
"{""name"":"""",""email"":"""",""phone"":"""",""location"":{""city"":""Pune"",""country"":""India"",""remote_preference"":""No""},""summary"":"""",""linkedin"":"""",""github"":""""}",name email phone location city pune country india remote preference no summary linkedin github,"['git', 'github']",2
"{""name"":"""",""email"":"""",""phone"":"""",""location"":{""city"":""Pusad"",""country"":""India"",""remote_preference"":""""},""summary"":"""",""linkedin"":"""",""github"":""""}",name email phone location city pusad country india remote preference summary linkedin github,"['git', 'github']",2
"{""name"":""Unknown"",""email"":""Unknown"",""phone"":""Unknown"",""location"":{""city"":""Unknown"",""country"":""Unknown"",""remote_preference"":""Unknown""},""summary"":""Hardworking Java Developer enthusiastic about working with multicultural teams. Having 2 years of experience in working with a Payment Gateway Solutions provider with Core Java."",""linkedin"":""Unknown"",""github"":""Unknown""}",name unknown email unknown phone unknown location city unknown country unknown remote preference unknown summary hardworking java developer enthusiastic about working with multicultural teams. having 2 years of experience in working with a payment gateway solutions provider with core java. linkedin unknown github unknown,"['java', 'git', 'github']",3
"{""name"":""Fahed"",""summary"":""IABAC Certified Data Scientist with versatile experience over 1+ years in managing business, data science consulting and leading innovation projects, bringing business ideas to working real world solutions. Being a strong advocator of augmented era, where human capabilities are enhanced by machines, Fahed is passionate about bringing business concepts in area of machine learning, AI, robotics etc., to real life solutions.""}",name fahed summary iabac certified data scientist with versatile experience over 1+ years in managing business data science consulting and leading innovation projects bringing business ideas to working real world solutions. being a strong advocator of augmented era where human capabilities are enhanced by machines fahed is passionate about bringing business concepts in area of machine learning ai robotics etc. to real life solutions.,['machine learning'],1
"{""name"":"""",""email"":"""",""phone"":"""",""location"":{""city"":""Pune"",""country"":""India"",""remote_preference"":""""},""summary"":"""",""linkedin"":"""",""github"":""""}",name email phone location city pune country india remote preference summary linkedin github,"['git', 'github']",2
"{""name"":"""",""email"":"""",""phone"":"""",""location"":{""city"":""Nagpur"",""country"":""India"",""remote_preference"":""""},""summary"":"""",""linkedin"":"""",""github"":""""}",name email phone location city nagpur country india remote preference summary linkedin github,"['git', 'github']",2
"{""name"":""Yogesh Tikhat"",""location"":{""city"":""Pune"",""country"":""India""},""summary"":""Experienced Database Administrator with expertise in Oracle RDBMS, RMAN, Data Guard, ASM, RAC, and Golden Gate. Skilled in database management, upgrades, migrations, and troubleshooting in production environments."",""linkedin"":"""",""github"":""""}",name yogesh tikhat location city pune country india summary experienced database administrator with expertise in oracle rdbms rman data guard asm rac and golden gate. skilled in database management upgrades migrations and troubleshooting in production environments. linkedin github,"['git', 'github']",2
"{""name"":""Not Provided"",""email"":""Not Provided"",""phone"":""Not Provided"",""location"":{""city"":""Pune"",""country"":""India"",""remote_preference"":""Not Provided""},""summary"":""DevOps Engineer with software proficiency in various languages and tools. Experienced in project roles such as Programmer and Mechanism designer."",""linkedin"":""Not Provided"",""github"":""Not Provided""}",name not provided email not provided phone not provided location city pune country india remote preference not provided summary devops engineer with software proficiency in various languages and tools. experienced in project roles such as programmer and mechanism designer. linkedin not provided github not provided,"['git', 'github']",2
"{""name"":""Unknown"",""email"":""Unknown"",""phone"":""Unknown"",""location"":{""city"":""Gondia"",""country"":""India"",""remote_preference"":""Unknown""},""summary"":""Java Developer with experience in web application development, backend to frontend module development, and database management. Strong problem-solving skills and ability to resolve project-related issues efficiently."",""linkedin"":""Unknown"",""github"":""Unknown""}",name unknown email unknown phone unknown location city gondia country india remote preference unknown summary java developer with experience in web application development backend to frontend module development and database management. strong problem solving skills and ability to resolve project related issues efficiently. linkedin unknown github unknown,"['java', 'git', 'github']",3
"{""name"":""Not Provided"",""email"":""Not Provided"",""phone"":""Not Provided"",""location"":{""city"":""Not Provided"",""country"":""Not Provided"",""remote_preference"":""Not Provided""},""summary"":""Python Developer"",""linkedin"":""Not Provided"",""github"":""Not Provided""}",name not provided email not provided phone not provided location city not provided country not provided remote preference not provided summary python developer linkedin not provided github not provided,"['python', 'git', 'github']",3
"{""name"":""Not Provided"",""email"":""Not Provided"",""phone"":""Not Provided"",""location"":{""city"":""Pune"",""country"":""India"",""remote_preference"":""Not Provided""},""summary"":""Python Developer"",""linkedin"":""Not Provided"",""github"":""Not Provided""}",name not provided email not provided phone not provided location city pune country india remote preference not provided summary python developer linkedin not provided github not provided,"['python', 'git', 'github']",3
"{""name"":""Artem Sliusarenko"",""email"":""artem.sliusarenko@city.ac.uk"",""phone"":""+44 7123456789"",""location"":{""city"":""London"",""country"":""United Kingdom"",""remote_preference"":""hybrid""},""summary"":""Final year Computer Science student at City, University of London with strong focus on machine learning and software engineering. Experienced in developing ML-powered applications and passionate about solving complex technical challenges."",""linkedin"":""linkedin.com\/in\/artem-sliusarenko"",""github"":""github.com\/artemslius""}",name artem sliusarenko email artem.sliusarenko city.ac.uk phone +44 7123456789 location city london country united kingdom remote preference hybrid summary final year computer science student at city university of london with strong focus on machine learning and software engineering. experienced in developing ml powered applications and passionate about solving complex technical challenges. linkedin linkedin.com in artem sliusarenko github github.com artemslius,"['machine learning', 'git', 'github']",3
"{""name"":"""",""email"":"""",""phone"":"""",""location"":{""city"":""Pune"",""country"":""India"",""remote_preference"":""""},""summary"":""Aspiring Python Developer looking to utilize and expand knowledge in a professional organization."",""linkedin"":"""",""github"":""""}",name email phone location city pune country india remote preference summary aspiring python developer looking to utilize and expand knowledge in a professional organization. linkedin github,"['python', 'git', 'github']",3
"{""name"":""Not Provided"",""email"":""Not Provided"",""phone"":""Not Provided"",""location"":{""city"":""Pune"",""country"":""India"",""remote_preference"":""Not Provided""},""summary"":""Network and Security Engineer with experience in implementing and troubleshooting network security solutions, planning and implementation of multi-vendor firewalls, and configuration of Cisco routers and switches."",""linkedin"":""Not Provided"",""github"":""Not Provided""}",name not provided email not provided phone not provided location city pune country india remote preference not provided summary network and security engineer with experience in implementing and troubleshooting network security solutions planning and implementation of multi vendor firewalls and configuration of cisco routers and switches. linkedin not provided github not provided,"['git', 'github']",2
"{""name"":"""",""email"":"""",""phone"":"""",""location"":{""city"":""Pune"",""country"":""Maharashtra"",""remote_preference"":""""},""summary"":""I want to work in organisation as a python developer to utilize my knowledge & To gain more knowledge with our organisation."",""linkedin"":"""",""github"":""""}",name email phone location city pune country maharashtra remote preference summary i want to work in organisation as a python developer to utilize my knowledge to gain more knowledge with our organisation. linkedin github,"['python', 'git', 'github']",3
"{""name"":"""",""email"":"""",""phone"":"""",""location"":{""city"":""Jabalpur"",""country"":""India"",""remote_preference"":""""},""summary"":"""",""linkedin"":"""",""github"":""""}",name email phone location city jabalpur country india remote preference summary linkedin github,"['git', 'github']",2
"{""name"":"""",""email"":"""",""phone"":"""",""location"":{""city"":""Pune"",""country"":""India"",""remote_preference"":""""},""summary"":""DevOps Engineer with software proficiency in various languages and tools. Experienced in project roles such as Programmer and Mechanism designer."",""linkedin"":"""",""github"":""""}",name email phone location city pune country india remote preference summary devops engineer with software proficiency in various languages and tools. experienced in project roles such as programmer and mechanism designer. linkedin github,"['git', 'github']",2
"{""name"":""Newcomer Indian Advocate"",""location"":{""city"":""Mansa"",""country"":""India""},""summary"":""A Microsoft Certified Systems Engineer and Advocate with exceptional knowledge of administrative procedures, evidence rules and trials. Able to communicate clearly and concisely with people of diverse backgrounds and levels of authority. Focused and driven to always meet deadlines for pretrial procedures, trials and appellate briefings by effectively utilizing resources.""}",name newcomer indian advocate location city mansa country india summary a microsoft certified systems engineer and advocate with exceptional knowledge of administrative procedures evidence rules and trials. able to communicate clearly and concisely with people of diverse backgrounds and levels of authority. focused and driven to always meet deadlines for pretrial procedures trials and appellate briefings by effectively utilizing resources.,[],0
"{""name"":""Fahed"",""summary"":""IABAC Certified Data Scientist with versatile experience over 1+ years in managing business, data science consulting and leading innovation projects, bringing business ideas to working real world solutions. Being a strong advocator of augmented era, where human capabilities are enhanced by machines, Fahed is passionate about bringing business concepts in area of machine learning, AI, robotics etc., to real life solutions.""}",name fahed summary iabac certified data scientist with versatile experience over 1+ years in managing business data science consulting and leading innovation projects bringing business ideas to working real world solutions. being a strong advocator of augmented era where human capabilities are enhanced by machines fahed is passionate about bringing business concepts in area of machine learning ai robotics etc. to real life solutions.,['machine learning'],1
"{""name"":""Unknown"",""email"":""Unknown"",""phone"":""Unknown"",""location"":{""city"":""Pune"",""country"":""India"",""remote_preference"":""Unknown""},""summary"":""DevOps Engineer with experience in various programming languages and software tools."",""linkedin"":""Unknown"",""github"":""Unknown""}",name unknown email unknown phone unknown location city pune country india remote preference unknown summary devops engineer with experience in various programming languages and software tools. linkedin unknown github unknown,"['git', 'github']",2
"{""name"":"""",""email"":"""",""phone"":"""",""location"":{""city"":""Pune"",""country"":""Maharashtra"",""remote_preference"":""""},""summary"":""I want to work in organisation as a python developer to utilize my knowledge & To gain more knowledge with our organisation."",""linkedin"":"""",""github"":""""}",name email phone location city pune country maharashtra remote preference summary i want to work in organisation as a python developer to utilize my knowledge to gain more knowledge with our organisation. linkedin github,"['python', 'git', 'github']",3
"{""name"":"""",""email"":"""",""phone"":"""",""location"":{""city"":""Pusad"",""country"":""India"",""remote_preference"":""""},""summary"":"""",""linkedin"":"""",""github"":""""}",name email phone location city pusad country india remote preference summary linkedin github,"['git', 'github']",2
"{""name"":"""",""email"":"""",""phone"":"""",""location"":{""city"":""Mumbai"",""country"":""India"",""remote_preference"":""""},""summary"":"""",""linkedin"":"""",""github"":""""}",name email phone location city mumbai country india remote preference summary linkedin github,"['git', 'github']",2
"{""name"":""Unknown"",""email"":""Unknown"",""phone"":""Unknown"",""location"":{""city"":""Pune"",""country"":""India"",""remote_preference"":""Unknown""},""summary"":""Experienced Python RESTful API developer with expertise in MongoDB, MySQL, and AS\/400. Strong background in software development life cycle, debugging, and testing. Skilled in agile methodologies and cloud deployment using Pivotal Cloud Foundry."",""linkedin"":""Unknown"",""github"":""Unknown""}",name unknown email unknown phone unknown location city pune country india remote preference unknown summary experienced python restful api developer with expertise in mongodb mysql and as 400. strong background in software development life cycle debugging and testing. skilled in agile methodologies and cloud deployment using pivotal cloud foundry. linkedin unknown github unknown,"['python', 'sql', 'mysql', 'git', 'github']",5
"{""name"":""Unknown"",""email"":""Unknown"",""phone"":""Unknown"",""location"":{""city"":""Amravati"",""country"":""India"",""remote_preference"":""Unknown""},""summary"":""Experienced Java Developer with expertise in JSP, Servlets, Spring, Hibernate, and front-end technologies like HTML, CSS, JavaScript, and jQuery. Proficient in MySQL and development tools such as Eclipse and NetBeans."",""linkedin"":""Unknown"",""github"":""Unknown""}",name unknown email unknown phone unknown location city amravati country india remote preference unknown summary experienced java developer with expertise in jsp servlets spring hibernate and front end technologies like html css javascript and jquery. proficient in mysql and development tools such as eclipse and netbeans. linkedin unknown github unknown,"['java', 'sql', 'mysql', 'html', 'css', 'javascript', 'git', 'github']",8
"{""name"":""Unknown"",""email"":""Unknown"",""phone"":""Unknown"",""location"":{""city"":""Hyderabad"",""country"":""India"",""remote_preference"":""Unknown""},""summary"":""Devops Engineer with strong skills in Ant, Maven, GIT, Bitbucket, Jenkins, Linux, Ansible, Shell Scripting, Requirement Gathering, Continuous Integration and Continuous Deployment, Software Development Life Cycle, Software Testing Life Cycle, Documentation & Reporting, Test Reports."",""linkedin"":""Unknown"",""github"":""Unknown""}",name unknown email unknown phone unknown location city hyderabad country india remote preference unknown summary devops engineer with strong skills in ant maven git bitbucket jenkins linux ansible shell scripting requirement gathering continuous integration and continuous deployment software development life cycle software testing life cycle documentation reporting test reports. linkedin unknown github unknown,"['git', 'github', 'linux']",3
"{""name"":""Not Provided"",""email"":""Not Provided"",""phone"":""Not Provided"",""location"":{""city"":""Pune"",""country"":""India"",""remote_preference"":""Not Provided""},""summary"":""Python Developer"",""linkedin"":""Not Provided"",""github"":""Not Provided""}",name not provided email not provided phone not provided location city pune country india remote preference not provided summary python developer linkedin not provided github not provided,"['python', 'git', 'github']",3
"{""name"":""Not Provided"",""email"":""Not Provided"",""phone"":""Not Provided"",""location"":{""city"":""Pune"",""country"":""India"",""remote_preference"":""Not Provided""},""summary"":""Cloud Operations Architect (DevOps) with experience in various technologies and platforms."",""linkedin"":""Not Provided"",""github"":""Not Provided""}",name not provided email not provided phone not provided location city pune country india remote preference not provided summary cloud operations architect devops with experience in various technologies and platforms. linkedin not provided github not provided,"['git', 'github']",2
"{""name"":"""",""email"":"""",""phone"":"""",""location"":{""city"":""Pune"",""country"":""India"",""remote_preference"":""""},""summary"":"""",""linkedin"":"""",""github"":""""}",name email phone location city pune country india remote preference summary linkedin github,"['git', 'github']",2
"{""name"":""Unknown"",""email"":""Unknown"",""phone"":""Unknown"",""location"":{""city"":""Mumbai"",""country"":""India"",""remote_preference"":""Unknown""},""summary"":""Senior Business Analyst with extensive experience in RPA, process automation, and business analysis. Skilled in requirement gathering, documentation, testing, and stakeholder communication."",""linkedin"":""Unknown"",""github"":""Unknown""}",name unknown email unknown phone unknown location city mumbai country india remote preference unknown summary senior business analyst with extensive experience in rpa process automation and business analysis. skilled in requirement gathering documentation testing and stakeholder communication. linkedin unknown github unknown,"['git', 'github', 'communication']",3
"{""name"":""Artem Sliusarenko"",""email"":""artem.sliusarenko@city.ac.uk"",""phone"":""+44 7123456789"",""location"":{""city"":""London"",""country"":""United Kingdom"",""remote_preference"":""hybrid""},""summary"":""Final year Computer Science student at City, University of London with strong focus on machine learning and software engineering. Experienced in developing ML-powered applications and passionate about solving complex technical challenges."",""linkedin"":""linkedin.com\/in\/artem-sliusarenko"",""github"":""github.com\/artemslius""}",name artem sliusarenko email artem.sliusarenko city.ac.uk phone +44 7123456789 location city london country united kingdom remote preference hybrid summary final year computer science student at city university of london with strong focus on machine learning and software engineering. experienced in developing ml powered applications and passionate about solving complex technical challenges. linkedin linkedin.com in artem sliusarenko github github.com artemslius,"['machine learning', 'git', 'github']",3
"{""name"":""Not Provided"",""email"":""Not Provided"",""phone"":""Not Provided"",""location"":{""city"":""Nashik"",""country"":""India"",""remote_preference"":""Not Provided""},""summary"":""Java Developer with experience in various technologies such as Spring MVC, Hibernate, JDBC, Java, J2EE, AzureWeb SunTechnologies Services, JSP, Struts, Servlet, RestApi, JavaScript, AJAX, HTML, JSON, PHP, MsSQL, MySQL, Oracle, ApacheTomcatServer, OnesignalWebPushNotifications, AzurewebServices, IONIC, HTML, JSON, WindowsServer2012R2, WinXP\/7\/8.1\/10, Linux, Mac OS."",""linkedin"":""Not Provided"",""github"":""Not Provided""}",name not provided email not provided phone not provided location city nashik country india remote preference not provided summary java developer with experience in various technologies such as spring mvc hibernate jdbc java j2ee azureweb suntechnologies services jsp struts servlet restapi javascript ajax html json php mssql mysql oracle apachetomcatserver onesignalwebpushnotifications azurewebservices ionic html json windowsserver2012r2 winxp 7 8.1 10 linux mac os. linkedin not provided github not provided,"['java', 'sql', 'mysql', 'html', 'javascript', 'git', 'github', 'linux']",8
"{""name"":"""",""email"":"""",""phone"":"""",""location"":{""city"":""Pune"",""country"":""India"",""remote_preference"":""""},""summary"":"""",""linkedin"":"""",""github"":""""}",name email phone location city pune country india remote preference summary linkedin github,"['git', 'github']",2
"{""linkedin"":""linkedin.com\/in\/aditya-rathore-b4600b146"",""github"":""github.com\/rathorology""}",linkedin linkedin.com in aditya rathore b4600b146 github github.com rathorology,"['git', 'github']",2
"{""name"":""Unknown"",""email"":""Unknown"",""phone"":""Unknown"",""location"":{""city"":""Unknown"",""country"":""Unknown"",""remote_preference"":""Unknown""},""summary"":""Hardworking Java Developer enthusiastic about working with multicultural teams. Having 2 years of experience in working with a Payment Gateway Solutions provider with Core Java."",""linkedin"":""Unknown"",""github"":""Unknown""}",name unknown email unknown phone unknown location city unknown country unknown remote preference unknown summary hardworking java developer enthusiastic about working with multicultural teams. having 2 years of experience in working with a payment gateway solutions provider with core java. linkedin unknown github unknown,"['java', 'git', 'github']",3
"{""name"":"""",""email"":"""",""phone"":"""",""location"":{""city"":""Nashik"",""country"":""India"",""remote_preference"":""""},""summary"":"""",""linkedin"":"""",""github"":""""}",name email phone location city nashik country india remote preference summary linkedin github,"['git', 'github']",2
"{""name"":""Unknown"",""email"":""Unknown"",""phone"":""Unknown"",""location"":{""city"":""Pune"",""country"":""India"",""remote_preference"":""Unknown""},""summary"":""DevOps Engineer with software proficiency in various languages and tools."",""linkedin"":""Unknown"",""github"":""Unknown""}",name unknown email unknown phone unknown location city pune country india remote preference unknown summary devops engineer with software proficiency in various languages and tools. linkedin unknown github unknown,"['git', 'github']",2
"{""name"":""Unknown"",""email"":""Unknown"",""phone"":""Unknown"",""location"":{""city"":""Pune"",""country"":""India"",""remote_preference"":""Unknown""},""summary"":""Full Stack Java Developer with experience in Java, Spring Boot, JSP, and front-end technologies. Developed multiple projects using Java, MySQL, and web technologies."",""linkedin"":""Unknown"",""github"":""Unknown""}",name unknown email unknown phone unknown location city pune country india remote preference unknown summary full stack java developer with experience in java spring boot jsp and front end technologies. developed multiple projects using java mysql and web technologies. linkedin unknown github unknown,"['java', 'sql', 'mysql', 'git', 'github']",5
"{""name"":"""",""email"":"""",""phone"":"""",""location"":{""city"":"""",""country"":"""",""remote_preference"":""""},""summary"":""SAP Technical Architect with 13+ years of experience in SAP, ranging from development to subject matter expertise. Strong background in implementation, upgrade, application development, and maintenance. Certified in SAP ABAP, ITIL 2011 Foundation, and PRINCE2 Practitioner. Extensive experience in SAP ABAP FRICEW components and various SAP modules including MM, FI, CO, SD, PS, PP, CS, PM, QM, and HR. Expertise in S\/4HANA, IS-Auto, IS-Retail, SCM 7.0, SOLMAN, SAP GTS, SAP PI 7.3, SAP BI 7.0\/7.3, and more. Proven ability to lead technical teams, interact with business analysts, and manage full-lifecycle SAP projects."",""linkedin"":"""",""github"":""""}",name email phone location city country remote preference summary sap technical architect with 13+ years of experience in sap ranging from development to subject matter expertise. strong background in implementation upgrade application development and maintenance. certified in sap abap itil 2011 foundation and prince2 practitioner. extensive experience in sap abap fricew components and various sap modules including mm fi co sd ps pp cs pm qm and hr. expertise in s 4hana is auto is retail scm 7.0 solman sap gts sap pi 7.3 sap bi 7.0 7.3 and more. proven ability to lead technical teams interact with business analysts and manage full lifecycle sap projects. linkedin github,"['git', 'github']",2
"{""name"":""Artem Sliusarenko"",""email"":""artem.sliusarenko@city.ac.uk"",""phone"":""+44 7123456789"",""location"":{""city"":""London"",""country"":""United Kingdom"",""remote_preference"":""hybrid""},""summary"":""Final year Computer Science student at City, University of London with strong focus on machine learning and software engineering. Experienced in developing ML-powered applications and passionate about solving complex technical challenges."",""linkedin"":""linkedin.com\/in\/artem-sliusarenko"",""github"":""github.com\/artemslius""}",name artem sliusarenko email artem.sliusarenko city.ac.uk phone +44 7123456789 location city london country united kingdom remote preference hybrid summary final year computer science student at city university of london with strong focus on machine learning and software engineering. experienced in developing ml powered applications and passionate about solving complex technical challenges. linkedin linkedin.com in artem sliusarenko github github.com artemslius,"['machine learning', 'git', 'github']",3
"{""name"":"""",""email"":"""",""phone"":"""",""location"":{""city"":""Amravati"",""country"":""India"",""remote_preference"":""""},""summary"":"""",""linkedin"":"""",""github"":""""}",name email phone location city amravati country india remote preference summary linkedin github,"['git', 'github']",2
"{""name"":""Data Scientist"",""linkedin"":""linkedin.com\/in\/aditya-rathore-b4600b146"",""github"":""github.com\/rathorology""}",name data scientist linkedin linkedin.com in aditya rathore b4600b146 github github.com rathorology,"['git', 'github']",2
"{""name"":"""",""email"":"""",""phone"":"""",""location"":{""city"":""Jabalpur"",""country"":""India"",""remote_preference"":""""},""summary"":"""",""linkedin"":"""",""github"":""""}",name email phone location city jabalpur country india remote preference summary linkedin github,"['git', 'github']",2
"{""name"":"""",""email"":"""",""phone"":"""",""location"":{""city"":""Nagpur"",""country"":""India"",""remote_preference"":""""},""summary"":"""",""linkedin"":"""",""github"":""""}",name email phone location city nagpur country india remote preference summary linkedin github,"['git', 'github']",2
"{""name"":""Unknown"",""email"":""Unknown"",""phone"":""Unknown"",""location"":{""city"":""Mumbai"",""country"":""India"",""remote_preference"":""Unknown""},""summary"":""Network Security Engineer with experience in troubleshooting firewall incidents, installing security solutions, and analyzing security requirements."",""linkedin"":""Unknown"",""github"":""Unknown""}",name unknown email unknown phone unknown location city mumbai country india remote preference unknown summary network security engineer with experience in troubleshooting firewall incidents installing security solutions and analyzing security requirements. linkedin unknown github unknown,"['git', 'github']",2
"{""name"":""Unknown"",""email"":""Unknown"",""phone"":""Unknown"",""location"":{""city"":""Amravati"",""country"":""India"",""remote_preference"":""Unknown""},""summary"":""Experienced Java Developer with expertise in JSP, Servlets, Spring, Hibernate, and front-end technologies like HTML, CSS, JavaScript, and jQuery. Proficient in MySQL and development tools such as Eclipse and NetBeans."",""linkedin"":""Unknown"",""github"":""Unknown""}",name unknown email unknown phone unknown location city amravati country india remote preference unknown summary experienced java developer with expertise in jsp servlets spring hibernate and front end technologies like html css javascript and jquery. proficient in mysql and development tools such as eclipse and netbeans. linkedin unknown github unknown,"['java', 'sql', 'mysql', 'html', 'css', 'javascript', 'git', 'github']",8
"{""name"":""Unknown"",""email"":""Unknown"",""phone"":""Unknown"",""location"":{""city"":""Hyderabad"",""country"":""India"",""remote_preference"":""Unknown""},""summary"":""Devops Engineer with experience in various DevOps methodologies and tools."",""linkedin"":""Unknown"",""github"":""Unknown""}",name unknown email unknown phone unknown location city hyderabad country india remote preference unknown summary devops engineer with experience in various devops methodologies and tools. linkedin unknown github unknown,"['git', 'github']",2
"{""name"":""Unknown"",""email"":""Unknown"",""phone"":""Unknown"",""location"":{""city"":""Pune"",""country"":""India"",""remote_preference"":""Unknown""},""summary"":""Java Developer with experience in Hibernate, JSP, and Servlets. Passionate about software development and programming."",""linkedin"":""Unknown"",""github"":""Unknown""}",name unknown email unknown phone unknown location city pune country india remote preference unknown summary java developer with experience in hibernate jsp and servlets. passionate about software development and programming. linkedin unknown github unknown,"['java', 'git', 'github']",3
"{""name"":""Unknown"",""email"":""Unknown"",""phone"":""Unknown"",""location"":{""city"":""Unknown"",""country"":""Unknown"",""remote_preference"":""Unknown""},""summary"":""Python Developer with experience in Django, RESTful APIs, and database management. Skilled in both front-end and back-end development, with a strong understanding of Agile methodologies."",""linkedin"":""Unknown"",""github"":""Unknown""}",name unknown email unknown phone unknown location city unknown country unknown remote preference unknown summary python developer with experience in django restful apis and database management. skilled in both front end and back end development with a strong understanding of agile methodologies. linkedin unknown github unknown,"['python', 'git', 'github']",3
"{""name"":""Unknown"",""email"":""Unknown"",""phone"":""Unknown"",""location"":{""city"":""Hyderabad"",""country"":""India"",""remote_preference"":""Unknown""},""summary"":""Devops Engineer with experience in various IT skills and Dev-ops methodologies."",""linkedin"":""Unknown"",""github"":""Unknown""}",name unknown email unknown phone unknown location city hyderabad country india remote preference unknown summary devops engineer with experience in various it skills and dev ops methodologies. linkedin unknown github unknown,"['git', 'github']",2
"{""name"":"""",""email"":"""",""phone"":"""",""location"":{""city"":""Pune"",""country"":""Maharashtra"",""remote_preference"":""""},""summary"":""I want to work in organisation as a python developer to utilize my knowledge & To gain more knowledge with our organisation."",""linkedin"":"""",""github"":""""}",name email phone location city pune country maharashtra remote preference summary i want to work in organisation as a python developer to utilize my knowledge to gain more knowledge with our organisation. linkedin github,"['python', 'git', 'github']",3
"{""name"":""Not Provided"",""email"":""Not Provided"",""phone"":""Not Provided"",""location"":{""city"":""Pune"",""country"":""India"",""remote_preference"":""Not Provided""},""summary"":""DevOps Engineer with software proficiency in various languages and tools."",""linkedin"":""Not Provided"",""github"":""Not Provided""}",name not provided email not provided phone not provided location city pune country india remote preference not provided summary devops engineer with software proficiency in various languages and tools. linkedin not provided github not provided,"['git', 'github']",2
"{""name"":"""",""email"":"""",""phone"":"""",""location"":{""city"":""Pune"",""country"":""India"",""remote_preference"":""""},""summary"":"""",""linkedin"":"""",""github"":""""}",name email phone location city pune country india remote preference summary linkedin github,"['git', 'github']",2
"{""name"":""Unknown"",""email"":""Unknown"",""phone"":""Unknown"",""location"":{""city"":""Mumbai"",""country"":""India"",""remote_preference"":""Unknown""},""summary"":""Python Developer\/analyst"",""linkedin"":""Unknown"",""github"":""Unknown""}",name unknown email unknown phone unknown location city mumbai country india remote preference unknown summary python developer analyst linkedin unknown github unknown,"['python', 'git', 'github']",3
"{""name"":"""",""email"":"""",""phone"":"""",""location"":{""city"":""Pusad"",""country"":""India"",""remote_preference"":""""},""summary"":"""",""linkedin"":"""",""github"":""""}",name email phone location city pusad country india remote preference summary linkedin github,"['git', 'github']",2
"{""name"":""Unknown"",""email"":""Unknown"",""phone"":""Unknown"",""location"":{""city"":""Mumbai"",""country"":""India"",""remote_preference"":""Unknown""},""summary"":""Java developer with experience in Java\/J2EE, MySQL, and Android development. Skilled in working with databases, web servers, and middleware applications."",""linkedin"":""Unknown"",""github"":""Unknown""}",name unknown email unknown phone unknown location city mumbai country india remote preference unknown summary java developer with experience in java j2ee mysql and android development. skilled in working with databases web servers and middleware applications. linkedin unknown github unknown,"['java', 'sql', 'mysql', 'git', 'github']",5
"{""name"":""Not Provided"",""email"":""Not Provided"",""phone"":""Not Provided"",""location"":{""city"":""Pune"",""country"":""India"",""remote_preference"":""Not Provided""},""summary"":""Cloud Operations Architect (DevOps) with experience in various cloud technologies and scripting languages."",""linkedin"":""Not Provided"",""github"":""Not Provided""}",name not provided email not provided phone not provided location city pune country india remote preference not provided summary cloud operations architect devops with experience in various cloud technologies and scripting languages. linkedin not provided github not provided,"['git', 'github']",2
"{""name"":""Not Provided"",""email"":""Not Provided"",""phone"":""Not Provided"",""location"":{""city"":""Pune"",""country"":""India"",""remote_preference"":""Not Provided""},""summary"":""Python Developer"",""linkedin"":""Not Provided"",""github"":""Not Provided""}",name not provided email not provided phone not provided location city pune country india remote preference not provided summary python developer linkedin not provided github not provided,"['python', 'git', 'github']",3
"{""name"":""Not Provided"",""email"":""Not Provided"",""phone"":""Not Provided"",""location"":{""city"":""Pune"",""country"":""India"",""remote_preference"":""Not Provided""},""summary"":""Cloud Operations Architect (DevOps) with experience in various technologies and platforms."",""linkedin"":""Not Provided"",""github"":""Not Provided""}",name not provided email not provided phone not provided location city pune country india remote preference not provided summary cloud operations architect devops with experience in various technologies and platforms. linkedin not provided github not provided,"['git', 'github']",2
"{""name"":""Aditya Rathore"",""linkedin"":""linkedin.com\/in\/aditya-rathore-b4600b146"",""github"":""github.com\/rathorology""}",name aditya rathore linkedin linkedin.com in aditya rathore b4600b146 github github.com rathorology,"['git', 'github']",2
"{""name"":""Unknown"",""email"":""Unknown"",""phone"":""Unknown"",""location"":{""city"":""Unknown"",""country"":""Unknown"",""remote_preference"":""Unknown""},""summary"":""Hardworking Java Developer enthusiastic about working with multicultural teams. Having 2 years of experience in working with a Payment Gateway Solutions provider with Core Java."",""linkedin"":""Unknown"",""github"":""Unknown""}",name unknown email unknown phone unknown location city unknown country unknown remote preference unknown summary hardworking java developer enthusiastic about working with multicultural teams. having 2 years of experience in working with a payment gateway solutions provider with core java. linkedin unknown github unknown,"['java', 'git', 'github']",3
"{""name"":""Unknown"",""email"":""Unknown"",""phone"":""Unknown"",""location"":{""city"":""Hyderabad"",""country"":""India"",""remote_preference"":""Unknown""},""summary"":""Devops Engineer with strong skills in Ant, Maven, GIT, Bitbucket, Jenkins, Linux, Ansible, Shell Scripting, Requirement Gathering, Continuous Integration and Continuous Deployment, Software Development Life Cycle, Software Testing Life Cycle, Documentation & Reporting, Test Reports."",""linkedin"":""Unknown"",""github"":""Unknown""}",name unknown email unknown phone unknown location city hyderabad country india remote preference unknown summary devops engineer with strong skills in ant maven git bitbucket jenkins linux ansible shell scripting requirement gathering continuous integration and continuous deployment software development life cycle software testing life cycle documentation reporting test reports. linkedin unknown github unknown,"['git', 'github', 'linux']",3
"{""name"":""Not Provided"",""email"":""Not Provided"",""phone"":""Not Provided"",""location"":{""city"":""Pune"",""country"":""India"",""remote_preference"":""Not Provided""},""summary"":""Python Developer"",""linkedin"":""Not Provided"",""github"":""Not Provided""}",name not provided email not provided phone not provided location city pune country india remote preference not provided summary python developer linkedin not provided github not provided,"['python', 'git', 'github']",3
"{""name"":""Unknown"",""email"":""Unknown"",""phone"":""Unknown"",""location"":{""city"":""Pune"",""country"":""India"",""remote_preference"":""Unknown""},""summary"":""Java Developer with experience in Hibernate, JSP, and Servlets. Passionate about software development and programming."",""linkedin"":""Unknown"",""github"":""Unknown""}",name unknown email unknown phone unknown location city pune country india remote preference unknown summary java developer with experience in hibernate jsp and servlets. passionate about software development and programming. linkedin unknown github unknown,"['java', 'git', 'github']",3
"{""name"":""Unknown"",""email"":""Unknown"",""phone"":""Unknown"",""location"":{""city"":""Pune"",""country"":""India"",""remote_preference"":""Unknown""},""summary"":""Full Stack Java Developer with experience in Java, Spring Boot, JSP, and front-end technologies. Skilled in building web applications and working with databases."",""linkedin"":""Unknown"",""github"":""Unknown""}",name unknown email unknown phone unknown location city pune country india remote preference unknown summary full stack java developer with experience in java spring boot jsp and front end technologies. skilled in building web applications and working with databases. linkedin unknown github unknown,"['java', 'git', 'github']",3
"{""name"":"""",""email"":"""",""phone"":"""",""location"":{""city"":""Pune"",""country"":""India"",""remote_preference"":""""},""summary"":"""",""linkedin"":"""",""github"":""""}",name email phone location city pune country india remote preference summary linkedin github,"['git', 'github']",2
"{""name"":""Unknown"",""email"":""Unknown"",""phone"":""Unknown"",""location"":{""city"":""Mumbai"",""country"":""India"",""remote_preference"":""Unknown""},""summary"":""Senior Business Analyst with extensive experience in RPA, process automation, and business analysis. Skilled in requirement gathering, documentation, testing, and stakeholder communication."",""linkedin"":""Unknown"",""github"":""Unknown""}",name unknown email unknown phone unknown location city mumbai country india remote preference unknown summary senior business analyst with extensive experience in rpa process automation and business analysis. skilled in requirement gathering documentation testing and stakeholder communication. linkedin unknown github unknown,"['git', 'github', 'communication']",3
"{""name"":"""",""email"":"""",""phone"":"""",""location"":{""city"":""Nagpur"",""country"":""India"",""remote_preference"":""""},""summary"":"""",""linkedin"":"""",""github"":""""}",name email phone location city nagpur country india remote preference summary linkedin github,"['git', 'github']",2
"{""name"":""Unknown"",""email"":""Unknown"",""phone"":""Unknown"",""location"":{""city"":""Mumbai"",""country"":""India"",""remote_preference"":""Unknown""},""summary"":""Senior Business Analyst with extensive experience in RPA, process automation, and business analysis. Skilled in documentation, testing, and integration with a strong background in Agile and Waterfall methodologies."",""linkedin"":""Unknown"",""github"":""Unknown""}",name unknown email unknown phone unknown location city mumbai country india remote preference unknown summary senior business analyst with extensive experience in rpa process automation and business analysis. skilled in documentation testing and integration with a strong background in agile and waterfall methodologies. linkedin unknown github unknown,"['git', 'github']",2
"{""name"":""Not Provided"",""email"":""Not Provided"",""phone"":""Not Provided"",""location"":{""city"":""Amravati"",""country"":""India"",""remote_preference"":""Not Provided""},""summary"":""Java Developer with experience in various technologies and tools."",""linkedin"":""Not Provided"",""github"":""Not Provided""}",name not provided email not provided phone not provided location city amravati country india remote preference not provided summary java developer with experience in various technologies and tools. linkedin not provided github not provided,"['java', 'git', 'github']",3
"{""name"":""Unknown"",""email"":""Unknown"",""phone"":""Unknown"",""location"":{""city"":""Pune"",""country"":""India"",""remote_preference"":""Unknown""},""summary"":""Experienced Operations Manager with expertise in project execution, engineering, and team coordination. Skilled in managing contractual and commercial issues, ensuring project profitability, and maintaining high client satisfaction.""}",name unknown email unknown phone unknown location city pune country india remote preference unknown summary experienced operations manager with expertise in project execution engineering and team coordination. skilled in managing contractual and commercial issues ensuring project profitability and maintaining high client satisfaction.,[],0
"{""name"":"""",""email"":"""",""phone"":"""",""location"":{""city"":""Pune"",""country"":""India"",""remote_preference"":""""},""summary"":""DevOps Engineer with proficiency in various software languages and tools. Experienced in project roles such as Programmer and Mechanism designer."",""linkedin"":"""",""github"":""""}",name email phone location city pune country india remote preference summary devops engineer with proficiency in various software languages and tools. experienced in project roles such as programmer and mechanism designer. linkedin github,"['git', 'github']",2
"{""name"":"""",""email"":"""",""phone"":"""",""location"":{""city"":""Nashik"",""country"":""India"",""remote_preference"":""""},""summary"":"""",""linkedin"":"""",""github"":""""}",name email phone location city nashik country india remote preference summary linkedin github,"['git', 'github']",2
"{""name"":""Not Provided"",""email"":""Not Provided"",""phone"":""Not Provided"",""location"":{""city"":""Mumbai"",""country"":""India"",""remote_preference"":""Not Provided""},""summary"":""Python Developer\/analyst"",""linkedin"":""Not Provided"",""github"":""Not Provided""}",name not provided email not provided phone not provided location city mumbai country india remote preference not provided summary python developer analyst linkedin not provided github not provided,"['python', 'git', 'github']",3
"{""name"":""Not Provided"",""email"":""Not Provided"",""phone"":""Not Provided"",""location"":{""city"":""Hyderabad"",""country"":""India"",""remote_preference"":""Not Provided""},""summary"":""Devops Engineer with strong competencies in Ant, Maven, GIT, Bitbucket, Jenkins, Linux, Ansible, Shell Scripting, Requirement Gathering, Continuous Integration and Continuous Deployment, Software Development Life Cycle, Software Testing Life Cycle, Documentation & Reporting, Test Reports."",""linkedin"":""Not Provided"",""github"":""Not Provided""}",name not provided email not provided phone not provided location city hyderabad country india remote preference not provided summary devops engineer with strong competencies in ant maven git bitbucket jenkins linux ansible shell scripting requirement gathering continuous integration and continuous deployment software development life cycle software testing life cycle documentation reporting test reports. linkedin not provided github not provided,"['git', 'github', 'linux']",3
"{""name"":""Not Provided"",""email"":""Not Provided"",""phone"":""Not Provided"",""location"":{""city"":""Pune"",""country"":""India"",""remote_preference"":""Not Provided""},""summary"":""DevOps Engineer with software proficiency in various languages and tools."",""linkedin"":""Not Provided"",""github"":""Not Provided""}",name not provided email not provided phone not provided location city pune country india remote preference not provided summary devops engineer with software proficiency in various languages and tools. linkedin not provided github not provided,"['git', 'github']",2
"{""name"":""Unknown"",""email"":""Unknown"",""phone"":""Unknown"",""location"":{""city"":""Hyderabad"",""country"":""India"",""remote_preference"":""Unknown""},""summary"":""Devops Engineer with strong skills in Ant, Maven, GIT, Bitbucket, Jenkins, Linux, Ansible, Shell Scripting, Requirement Gathering, Continuous Integration and Continuous Deployment, Software Development Life Cycle, Software Testing Life Cycle, Documentation & Reporting, Test Reports."",""linkedin"":""Unknown"",""github"":""Unknown""}",name unknown email unknown phone unknown location city hyderabad country india remote preference unknown summary devops engineer with strong skills in ant maven git bitbucket jenkins linux ansible shell scripting requirement gathering continuous integration and continuous deployment software development life cycle software testing life cycle documentation reporting test reports. linkedin unknown github unknown,"['git', 'github', 'linux']",3
"{""name"":"""",""email"":"""",""phone"":"""",""location"":{""city"":""Amravati"",""country"":""India"",""remote_preference"":""""},""summary"":"""",""linkedin"":"""",""github"":""""}",name email phone location city amravati country india remote preference summary linkedin github,"['git', 'github']",2
"{""name"":""Unknown"",""email"":""Unknown"",""phone"":""Unknown"",""location"":{""city"":""Unknown"",""country"":""Unknown"",""remote_preference"":""Unknown""},""summary"":""Python Developer"",""linkedin"":""Unknown"",""github"":""Unknown""}",name unknown email unknown phone unknown location city unknown country unknown remote preference unknown summary python developer linkedin unknown github unknown,"['python', 'git', 'github']",3
null,null,[],0
"{""name"":""Unknown"",""email"":""Unknown"",""phone"":""Unknown"",""location"":{""city"":""Unknown"",""country"":""Unknown"",""remote_preference"":""Unknown""},""summary"":""Hardworking Java Developer enthusiastic about working with multicultural teams. Having 2 years of experience in working with a Payment Gateway Solutions provider with Core Java."",""linkedin"":""Unknown"",""github"":""Unknown""}",name unknown email unknown phone unknown location city unknown country unknown remote preference unknown summary hardworking java developer enthusiastic about working with multicultural teams. having 2 years of experience in working with a payment gateway solutions provider with core java. linkedin unknown github unknown,"['java', 'git', 'github']",3
"{""name"":""Not Provided"",""email"":""Not Provided"",""phone"":""Not Provided"",""location"":{""city"":""Pune"",""country"":""India"",""remote_preference"":""Not Provided""},""summary"":""Cloud Operations Architect (DevOps) with extensive experience in cloud computing, shell scripting, python, automation, and solution architecture."",""linkedin"":""Not Provided"",""github"":""Not Provided""}",name not provided email not provided phone not provided location city pune country india remote preference not provided summary cloud operations architect devops with extensive experience in cloud computing shell scripting python automation and solution architecture. linkedin not provided github not provided,"['python', 'git', 'github']",3
"{""name"":"""",""email"":"""",""phone"":"""",""location"":{""city"":""Pune"",""country"":""India"",""remote_preference"":""""},""summary"":""Python Developer with experience in Python, C++, MySQL, and machine learning frameworks such as TensorFlow and NumPy. Strong background in computer engineering with a master's degree from Savitribai Phule Pune University."",""linkedin"":"""",""github"":""""}",name email phone location city pune country india remote preference summary python developer with experience in python c++ mysql and machine learning frameworks such as tensorflow and numpy. strong background in computer engineering with a master s degree from savitribai phule pune university. linkedin github,"['python', 'c++', 'sql', 'mysql', 'machine learning', 'tensorflow', 'git', 'github']",8
"{""name"":"""",""email"":"""",""phone"":"""",""location"":{""city"":""Pusad"",""country"":""India"",""remote_preference"":""""},""summary"":"""",""linkedin"":"""",""github"":""""}",name email phone location city pusad country india remote preference summary linkedin github,"['git', 'github']",2
"{""name"":"""",""email"":"""",""phone"":"""",""location"":{""city"":""Amravati"",""country"":""India"",""remote_preference"":""""},""summary"":"""",""linkedin"":"""",""github"":""""}",name email phone location city amravati country india remote preference summary linkedin github,"['git', 'github']",2
"{""summary"":""Communication Skills: My writing skills in English is very good and I am certainly a clear speaker. Being comfortable speaking in front of an audience, I can easily facilitate meetings and brainstorming sessions. Interpersonal Skills: As a friendly, polite person, with positive attitude I work well with others and deal with difficult situations in a careful and considerate manner. Learning Skills: I have a high capacity for learning, pick up new skills and ideas quickly, and generally thrive on challenges. Enthusiasm and creativity give me an edge on difficult projects. Problem Solving Skills: My analytical skills help me troubleshoot problems and uncover root causes. I am creative and tenacious.""}",summary communication skills my writing skills in english is very good and i am certainly a clear speaker. being comfortable speaking in front of an audience i can easily facilitate meetings and brainstorming sessions. interpersonal skills as a friendly polite person with positive attitude i work well with others and deal with difficult situations in a careful and considerate manner. learning skills i have a high capacity for learning pick up new skills and ideas quickly and generally thrive on challenges. enthusiasm and creativity give me an edge on difficult projects. problem solving skills my analytical skills help me troubleshoot problems and uncover root causes. i am creative and tenacious.,['communication'],1
"{""name"":""Unknown"",""email"":""Unknown"",""phone"":""Unknown"",""location"":{""city"":""Pune"",""country"":""India"",""remote_preference"":""Unknown""},""summary"":""Experienced Operations Manager with a background in electronics engineering and extensive expertise in project management, engineering, and automation systems."",""linkedin"":""Unknown"",""github"":""Unknown""}",name unknown email unknown phone unknown location city pune country india remote preference unknown summary experienced operations manager with a background in electronics engineering and extensive expertise in project management engineering and automation systems. linkedin unknown github unknown,"['git', 'github']",2
"{""name"":""Java Developer"",""location"":{""city"":""Nagpur"",""country"":""India""},""summary"":""Java Developer with experience in various programming languages and technologies.""}",name java developer location city nagpur country india summary java developer with experience in various programming languages and technologies.,['java'],1
"{""name"":""Unknown"",""email"":""Unknown"",""phone"":""Unknown"",""location"":{""city"":""Pune"",""country"":""India"",""remote_preference"":""Unknown""},""summary"":""DevOps Engineer with software proficiency in various languages and tools."",""linkedin"":""Unknown"",""github"":""Unknown""}",name unknown email unknown phone unknown location city pune country india remote preference unknown summary devops engineer with software proficiency in various languages and tools. linkedin unknown github unknown,"['git', 'github']",2
"{""name"":""Unknown"",""email"":""Unknown"",""phone"":""Unknown"",""location"":{""city"":""Pune"",""country"":""India"",""remote_preference"":""Unknown""},""summary"":""Experienced Python RESTful API developer with expertise in software development, debugging, and testing. Strong background in Agile methodology, SDLC, and ERP systems."",""linkedin"":""Unknown"",""github"":""Unknown""}",name unknown email unknown phone unknown location city pune country india remote preference unknown summary experienced python restful api developer with expertise in software development debugging and testing. strong background in agile methodology sdlc and erp systems. linkedin unknown github unknown,"['python', 'git', 'github']",3
"{""name"":""Unknown"",""email"":""Unknown"",""phone"":""Unknown"",""location"":{""city"":""Pune"",""country"":""India"",""remote_preference"":""Unknown""},""summary"":""Experienced Operations Manager with expertise in project execution, engineering, and team coordination. Skilled in managing contractual and commercial issues, ensuring project profitability, and maintaining high client satisfaction.""}",name unknown email unknown phone unknown location city pune country india remote preference unknown summary experienced operations manager with expertise in project execution engineering and team coordination. skilled in managing contractual and commercial issues ensuring project profitability and maintaining high client satisfaction.,[],0
"{""name"":"""",""email"":"""",""phone"":"""",""location"":{""city"":""Pune"",""country"":""India"",""remote_preference"":""""},""summary"":"""",""linkedin"":"""",""github"":""""}",name email phone location city pune country india remote preference summary linkedin github,"['git', 'github']",2
"{""name"":"""",""email"":"""",""phone"":"""",""location"":{""city"":""Gondia"",""country"":""India"",""remote_preference"":""""},""summary"":""Java Developer with experience in web application development, backend to frontend module development, and database management. Strong problem-solving skills and ability to resolve project-related issues efficiently."",""linkedin"":"""",""github"":""""}",name email phone location city gondia country india remote preference summary java developer with experience in web application development backend to frontend module development and database management. strong problem solving skills and ability to resolve project related issues efficiently. linkedin github,"['java', 'git', 'github']",3
"{""name"":"""",""email"":"""",""phone"":"""",""location"":{""city"":""Nagpur"",""country"":""India"",""remote_preference"":""""},""summary"":"""",""linkedin"":"""",""github"":""""}",name email phone location city nagpur country india remote preference summary linkedin github,"['git', 'github']",2
"{""name"":""Not Provided"",""email"":""Not Provided"",""phone"":""Not Provided"",""location"":{""city"":""Mumbai"",""country"":""India"",""remote_preference"":""Not Provided""},""summary"":""Python Developer\/analyst with experience in python scripting, programming, developing, frontend, html, python libraries, mysql, django, web scrapping."",""linkedin"":""Not Provided"",""github"":""Not Provided""}",name not provided email not provided phone not provided location city mumbai country india remote preference not provided summary python developer analyst with experience in python scripting programming developing frontend html python libraries mysql django web scrapping. linkedin not provided github not provided,"['python', 'sql', 'mysql', 'html', 'git', 'github']",6
"{""name"":""Unknown"",""email"":""Unknown"",""phone"":""Unknown"",""location"":{""city"":""Mumbai"",""country"":""India"",""remote_preference"":""Unknown""},""summary"":""Data Scientist with expertise in data and quantitative analysis, decision analytics, predictive modeling, data-driven personalization, KPI dashboards, big data queries, data mining, machine learning, and business intelligence."",""linkedin"":""Unknown"",""github"":""Unknown""}",name unknown email unknown phone unknown location city mumbai country india remote preference unknown summary data scientist with expertise in data and quantitative analysis decision analytics predictive modeling data driven personalization kpi dashboards big data queries data mining machine learning and business intelligence. linkedin unknown github unknown,"['machine learning', 'git', 'github']",3
"{""name"":""Unknown"",""email"":""Unknown"",""phone"":""Unknown"",""location"":{""city"":""Pune"",""country"":""India"",""remote_preference"":""Unknown""},""summary"":""Experienced Java Developer and Automation Test Engineer with expertise in Selenium WebDriver, TestNG, and Java. Skilled in automation testing, database management, and software development."",""linkedin"":""Unknown"",""github"":""Unknown""}",name unknown email unknown phone unknown location city pune country india remote preference unknown summary experienced java developer and automation test engineer with expertise in selenium webdriver testng and java. skilled in automation testing database management and software development. linkedin unknown github unknown,"['java', 'git', 'github']",3
"{""name"":""Unknown"",""email"":""Unknown"",""phone"":""Unknown"",""location"":{""city"":""Mumbai"",""country"":""India"",""remote_preference"":""Unknown""},""summary"":""Python Developer\/analyst"",""linkedin"":""Unknown"",""github"":""Unknown""}",name unknown email unknown phone unknown location city mumbai country india remote preference unknown summary python developer analyst linkedin unknown github unknown,"['python', 'git', 'github']",3
"{""name"":""Not Provided"",""email"":""Not Provided"",""phone"":""Not Provided"",""location"":{""city"":""Nashik"",""country"":""Maharashtra"",""remote_preference"":""Not Provided""},""summary"":""Java Developer with experience in various technologies such as Spring MVC, Hibernate, JDBC, Java, J2EE, AzureWeb SunTechnologies Services, JSP, Struts, Servlet, RestApi, JavaScript, AJAX, HTML, JSON, PHP, MsSQL, MySQL, Oracle, ApacheTomcatServer, IONIC, HTML, JSON, WindowsServer2012R2, WinXP\/7\/8.1\/10, Linux, Mac OS."",""linkedin"":""Not Provided"",""github"":""Not Provided""}",name not provided email not provided phone not provided location city nashik country maharashtra remote preference not provided summary java developer with experience in various technologies such as spring mvc hibernate jdbc java j2ee azureweb suntechnologies services jsp struts servlet restapi javascript ajax html json php mssql mysql oracle apachetomcatserver ionic html json windowsserver2012r2 winxp 7 8.1 10 linux mac os. linkedin not provided github not provided,"['java', 'sql', 'mysql', 'html', 'javascript', 'git', 'github', 'linux']",8
"{""name"":""Artem Sliusarenko"",""email"":""artem.sliusarenko@city.ac.uk"",""phone"":""+44 7123456789"",""location"":{""city"":""London"",""country"":""United Kingdom"",""remote_preference"":""hybrid""},""summary"":""Final year Computer Science student at City, University of London with strong focus on machine learning and software engineering. Experienced in developing ML-powered applications and passionate about solving complex technical challenges."",""linkedin"":""linkedin.com\/in\/artem-sliusarenko"",""github"":""github.com\/artemslius""}",name artem sliusarenko email artem.sliusarenko city.ac.uk phone +44 7123456789 location city london country united kingdom remote preference hybrid summary final year computer science student at city university of london with strong focus on machine learning and software engineering. experienced in developing ml powered applications and passionate about solving complex technical challenges. linkedin linkedin.com in artem sliusarenko github github.com artemslius,"['machine learning', 'git', 'github']",3
"{""name"":"""",""email"":"""",""phone"":"""",""location"":{""city"":""Pune"",""country"":""India"",""remote_preference"":""onsite""},""summary"":""Full Stack Java Developer with experience in Java, Spring Boot, JSP, and front-end technologies. Skilled in building web applications and working with databases."",""linkedin"":"""",""github"":""""}",name email phone location city pune country india remote preference onsite summary full stack java developer with experience in java spring boot jsp and front end technologies. skilled in building web applications and working with databases. linkedin github,"['java', 'git', 'github']",3
"{""name"":"""",""email"":"""",""phone"":"""",""location"":{""city"":""Mumbai"",""country"":""India"",""remote_preference"":""""},""summary"":"""",""linkedin"":"""",""github"":""""}",name email phone location city mumbai country india remote preference summary linkedin github,"['git', 'github']",2
"{""name"":"""",""email"":"""",""phone"":"""",""location"":{""city"":""Pune"",""country"":""Maharashtra"",""remote_preference"":""""},""summary"":""I want to work in organisation as a python developer to utilize my knowledge & To gain more knowledge with our organisation."",""linkedin"":"""",""github"":""""}",name email phone location city pune country maharashtra remote preference summary i want to work in organisation as a python developer to utilize my knowledge to gain more knowledge with our organisation. linkedin github,"['python', 'git', 'github']",3
"{""name"":"""",""email"":"""",""phone"":"""",""location"":{""city"":""Jabalpur"",""country"":""India"",""remote_preference"":""""},""summary"":"""",""linkedin"":"""",""github"":""""}",name email phone location city jabalpur country india remote preference summary linkedin github,"['git', 'github']",2
"{""name"":""Unknown"",""email"":""Unknown"",""phone"":""Unknown"",""location"":{""city"":""Hyderabad"",""country"":""India"",""remote_preference"":""Unknown""},""summary"":""Devops Engineer with experience in various DevOps methodologies and tools."",""linkedin"":""Unknown"",""github"":""Unknown""}",name unknown email unknown phone unknown location city hyderabad country india remote preference unknown summary devops engineer with experience in various devops methodologies and tools. linkedin unknown github unknown,"['git', 'github']",2
"{""name"":""Unknown"",""email"":""Unknown"",""phone"":""Unknown"",""location"":{""city"":""Pune"",""country"":""India"",""remote_preference"":""Unknown""},""summary"":""Python Developer with experience in computer vision and image preprocessing."",""linkedin"":""Unknown"",""github"":""Unknown""}",name unknown email unknown phone unknown location city pune country india remote preference unknown summary python developer with experience in computer vision and image preprocessing. linkedin unknown github unknown,"['python', 'git', 'github']",3
"{""name"":""Unknown"",""email"":""Unknown"",""phone"":""Unknown"",""location"":{""city"":""Unknown"",""country"":""Unknown"",""remote_preference"":""Unknown""},""summary"":""Python Developer"",""linkedin"":""Unknown"",""github"":""Unknown""}",name unknown email unknown phone unknown location city unknown country unknown remote preference unknown summary python developer linkedin unknown github unknown,"['python', 'git', 'github']",3
"{""name"":""Artem Sliusarenko"",""email"":""artem.sliusarenko@city.ac.uk"",""phone"":""+44 7123456789"",""location"":{""city"":""London"",""country"":""United Kingdom"",""remote_preference"":""hybrid""},""summary"":""Final year Computer Science student at City, University of London with strong focus on machine learning and software engineering. Experienced in developing ML-powered applications and passionate about solving complex technical challenges."",""linkedin"":""linkedin.com\/in\/artem-sliusarenko"",""github"":""github.com\/artemslius""}",name artem sliusarenko email artem.sliusarenko city.ac.uk phone +44 7123456789 location city london country united kingdom remote preference hybrid summary final year computer science student at city university of london with strong focus on machine learning and software engineering. experienced in developing ml powered applications and passionate about solving complex technical challenges. linkedin linkedin.com in artem sliusarenko github github.com artemslius,"['machine learning', 'git', 'github']",3
"{""name"":""Unknown"",""email"":""Unknown"",""phone"":""Unknown"",""location"":{""city"":""Pune"",""country"":""India"",""remote_preference"":""Unknown""},""summary"":""Full Stack Java Developer with experience in Java, Spring Boot, JSP, and front-end technologies. Skilled in building web applications and working with databases."",""linkedin"":""Unknown"",""github"":""Unknown""}",name unknown email unknown phone unknown location city pune country india remote preference unknown summary full stack java developer with experience in java spring boot jsp and front end technologies. skilled in building web applications and working with databases. linkedin unknown github unknown,"['java', 'git', 'github']",3
"{""name"":"""",""email"":"""",""phone"":"""",""location"":{""city"":"""",""country"":"""",""remote_preference"":""""},""summary"":""Achievement-oriented professional with strong problem-solving, coordination, and analytical skills. Experienced in managing multiple tasks and projects simultaneously, with excellent communication and interpersonal abilities. Willing to travel and relocate.""}",name email phone location city country remote preference summary achievement oriented professional with strong problem solving coordination and analytical skills. experienced in managing multiple tasks and projects simultaneously with excellent communication and interpersonal abilities. willing to travel and relocate.,"['excel', 'communication']",2
"{""name"":""Unknown"",""email"":""Unknown"",""phone"":""Unknown"",""location"":{""city"":""Pune"",""country"":""India"",""remote_preference"":""Unknown""},""summary"":""DevOps Engineer with experience in various programming languages and software tools."",""linkedin"":""Unknown"",""github"":""Unknown""}",name unknown email unknown phone unknown location city pune country india remote preference unknown summary devops engineer with experience in various programming languages and software tools. linkedin unknown github unknown,"['git', 'github']",2
"{""name"":"""",""email"":"""",""phone"":"""",""location"":{""city"":""Pune"",""country"":""Maharashtra"",""remote_preference"":""""},""summary"":"""",""linkedin"":"""",""github"":""""}",name email phone location city pune country maharashtra remote preference summary linkedin github,"['git', 'github']",2
"{""name"":""Not Provided"",""email"":""Not Provided"",""phone"":""Not Provided"",""location"":{""city"":""Hyderabad"",""country"":""India"",""remote_preference"":""Not Provided""},""summary"":""Not Provided"",""linkedin"":""Not Provided"",""github"":""Not Provided""}",name not provided email not provided phone not provided location city hyderabad country india remote preference not provided summary not provided linkedin not provided github not provided,"['git', 'github']",2
"{""name"":"""",""email"":"""",""phone"":"""",""location"":{""city"":""Nagpur"",""country"":""India"",""remote_preference"":""""},""summary"":"""",""linkedin"":"""",""github"":""""}",name email phone location city nagpur country india remote preference summary linkedin github,"['git', 'github']",2
"{""name"":"""",""email"":"""",""phone"":"""",""location"":{""city"":""Pune"",""country"":""India"",""remote_preference"":""""},""summary"":"""",""linkedin"":"""",""github"":""""}",name email phone location city pune country india remote preference summary linkedin github,"['git', 'github']",2
"{""name"":""Unknown"",""email"":""Unknown"",""phone"":""Unknown"",""location"":{""city"":""Pune"",""country"":""India"",""remote_preference"":""Unknown""},""summary"":""Experienced Operations Manager with expertise in project execution, engineering, and team coordination. Skilled in managing contractual and commercial issues, ensuring project profitability, and maintaining high client satisfaction.""}",name unknown email unknown phone unknown location city pune country india remote preference unknown summary experienced operations manager with expertise in project execution engineering and team coordination. skilled in managing contractual and commercial issues ensuring project profitability and maintaining high client satisfaction.,[],0
"{""name"":""Unknown"",""email"":""Unknown"",""phone"":""Unknown"",""location"":{""city"":""Gondia"",""country"":""India"",""remote_preference"":""Unknown""},""summary"":""Java Developer with experience in web application development, backend to frontend module development, and database management. Strong problem-solving skills and ability to resolve project-related issues efficiently."",""linkedin"":""Unknown"",""github"":""Unknown""}",name unknown email unknown phone unknown location city gondia country india remote preference unknown summary java developer with experience in web application development backend to frontend module development and database management. strong problem solving skills and ability to resolve project related issues efficiently. linkedin unknown github unknown,"['java', 'git', 'github']",3
"{""name"":""Unknown"",""email"":""Unknown"",""phone"":""Unknown"",""location"":{""city"":""Unknown"",""country"":""Unknown"",""remote_preference"":""Unknown""},""summary"":""Python Developer"",""linkedin"":""Unknown"",""github"":""Unknown""}",name unknown email unknown phone unknown location city unknown country unknown remote preference unknown summary python developer linkedin unknown github unknown,"['python', 'git', 'github']",3
"{""name"":"""",""email"":"""",""phone"":"""",""location"":{""city"":""Nashik"",""country"":""India"",""remote_preference"":""""},""summary"":"""",""linkedin"":"""",""github"":""""}",name email phone location city nashik country india remote preference summary linkedin github,"['git', 'github']",2
"{""name"":"""",""email"":"""",""phone"":"""",""location"":{""city"":""Amravati"",""country"":""India"",""remote_preference"":""""},""summary"":"""",""linkedin"":"""",""github"":""""}",name email phone location city amravati country india remote preference summary linkedin github,"['git', 'github']",2
"{""name"":"""",""email"":"""",""phone"":"""",""location"":{""city"":"""",""country"":"""",""remote_preference"":""""},""summary"":""Achievement-oriented professional with strong problem-solving, coordination, and analytical skills. Experienced in managing multiple tasks and projects simultaneously, with excellent communication and interpersonal abilities. Willing to travel and relocate."",""linkedin"":"""",""github"":""""}",name email phone location city country remote preference summary achievement oriented professional with strong problem solving coordination and analytical skills. experienced in managing multiple tasks and projects simultaneously with excellent communication and interpersonal abilities. willing to travel and relocate. linkedin github,"['excel', 'git', 'github', 'communication']",4
"{""name"":"""",""email"":"""",""phone"":"""",""location"":{""city"":"""",""country"":"""",""remote_preference"":""""},""summary"":""Achievement-oriented professional with strong problem-solving, coordination, and analytical skills. Experienced in managing multiple tasks and projects simultaneously, with excellent communication and interpersonal abilities. Willing to travel and relocate."",""linkedin"":"""",""github"":""""}",name email phone location city country remote preference summary achievement oriented professional with strong problem solving coordination and analytical skills. experienced in managing multiple tasks and projects simultaneously with excellent communication and interpersonal abilities. willing to travel and relocate. linkedin github,"['excel', 'git', 'github', 'communication']",4
"{""name"":"""",""email"":"""",""phone"":"""",""location"":{""city"":""Nagpur"",""country"":""India"",""remote_preference"":""""},""summary"":"""",""linkedin"":"""",""github"":""""}",name email phone location city nagpur country india remote preference summary linkedin github,"['git', 'github']",2
"{""name"":""Unknown"",""email"":""Unknown"",""phone"":""Unknown"",""location"":{""city"":""Gondia"",""country"":""India"",""remote_preference"":""Unknown""},""summary"":""Experienced Java Developer with expertise in backend, middleware, and frontend development. Proficient in Java, SQL, PL\/SQL, and web technologies. Strong problem-solving skills and ability to resolve project-related issues efficiently."",""linkedin"":""Unknown"",""github"":""Unknown""}",name unknown email unknown phone unknown location city gondia country india remote preference unknown summary experienced java developer with expertise in backend middleware and frontend development. proficient in java sql pl sql and web technologies. strong problem solving skills and ability to resolve project related issues efficiently. linkedin unknown github unknown,"['java', 'sql', 'git', 'github']",4
"{""name"":"""",""email"":"""",""phone"":"""",""location"":{""city"":""Jabalpur"",""country"":""India"",""remote_preference"":""""},""summary"":"""",""linkedin"":"""",""github"":""""}",name email phone location city jabalpur country india remote preference summary linkedin github,"['git', 'github']",2
"{""name"":""Not Provided"",""email"":""Not Provided"",""phone"":""Not Provided"",""location"":{""city"":""Mumbai"",""country"":""India"",""remote_preference"":""Not Provided""},""summary"":""Network Security Engineer with Cisco certifications and experience in various networking technologies."",""linkedin"":""Not Provided"",""github"":""Not Provided""}",name not provided email not provided phone not provided location city mumbai country india remote preference not provided summary network security engineer with cisco certifications and experience in various networking technologies. linkedin not provided github not provided,"['git', 'github']",2
"{""name"":""Not Provided"",""email"":""Not Provided"",""phone"":""Not Provided"",""location"":{""city"":""Mumbai"",""country"":""India"",""remote_preference"":""Not Provided""},""summary"":""Java developer with experience in various technologies and tools."",""linkedin"":""Not Provided"",""github"":""Not Provided""}",name not provided email not provided phone not provided location city mumbai country india remote preference not provided summary java developer with experience in various technologies and tools. linkedin not provided github not provided,"['java', 'git', 'github']",3
"{""name"":""Not Provided"",""email"":""Not Provided"",""phone"":""Not Provided"",""location"":{""city"":""Pune"",""country"":""India"",""remote_preference"":""Not Provided""},""summary"":""DevOps Engineer with software proficiency in various languages and tools."",""linkedin"":""Not Provided"",""github"":""Not Provided""}",name not provided email not provided phone not provided location city pune country india remote preference not provided summary devops engineer with software proficiency in various languages and tools. linkedin not provided github not provided,"['git', 'github']",2
"{""name"":""Unknown"",""email"":""Unknown"",""phone"":""Unknown"",""location"":{""city"":""Mumbai"",""country"":""India"",""remote_preference"":""Unknown""},""summary"":""Senior Business Analyst with extensive experience in RPA, process automation, and business analysis. Skilled in documentation, testing, and integration with a strong background in Agile and Waterfall methodologies."",""linkedin"":""Unknown"",""github"":""Unknown""}",name unknown email unknown phone unknown location city mumbai country india remote preference unknown summary senior business analyst with extensive experience in rpa process automation and business analysis. skilled in documentation testing and integration with a strong background in agile and waterfall methodologies. linkedin unknown github unknown,"['git', 'github']",2
"{""name"":"""",""email"":"""",""phone"":"""",""location"":{""city"":""Amravati"",""country"":""India"",""remote_preference"":""""},""summary"":"""",""linkedin"":"""",""github"":""""}",name email phone location city amravati country india remote preference summary linkedin github,"['git', 'github']",2
"{""name"":"""",""email"":"""",""phone"":"""",""location"":{""city"":"""",""country"":"""",""remote_preference"":""""},""summary"":""Achievement-oriented professional with strong problem-solving, coordination, and analytical skills. Experienced in managing multiple tasks and projects simultaneously, with excellent communication and interpersonal abilities. Willing to travel and relocate."",""linkedin"":"""",""github"":""""}",name email phone location city country remote preference summary achievement oriented professional with strong problem solving coordination and analytical skills. experienced in managing multiple tasks and projects simultaneously with excellent communication and interpersonal abilities. willing to travel and relocate. linkedin github,"['excel', 'git', 'github', 'communication']",4
"{""name"":""Unknown"",""email"":""Unknown"",""phone"":""Unknown"",""location"":{""city"":""Unknown"",""country"":""Unknown"",""remote_preference"":""Unknown""},""summary"":""SAP Technical Architect and Consultant with 13+ years of experience in SAP, covering implementation, upgrade, application development, and maintenance. Expertise in SAP ABAP, SAP NetWeaver Gateway, S\/4HANA, and multiple SAP modules. Strong leadership, client interaction, and project management skills."",""linkedin"":""Unknown"",""github"":""Unknown""}",name unknown email unknown phone unknown location city unknown country unknown remote preference unknown summary sap technical architect and consultant with 13+ years of experience in sap covering implementation upgrade application development and maintenance. expertise in sap abap sap netweaver gateway s 4hana and multiple sap modules. strong leadership client interaction and project management skills. linkedin unknown github unknown,"['git', 'github', 'leadership']",3
"{""name"":"""",""email"":"""",""phone"":"""",""location"":{""city"":""Pune"",""country"":""India"",""remote_preference"":""""},""summary"":"""",""linkedin"":"""",""github"":""""}",name email phone location city pune country india remote preference summary linkedin github,"['git', 'github']",2
"{""name"":"""",""email"":"""",""phone"":"""",""location"":{""city"":""Nagpur"",""country"":""India"",""remote_preference"":""""},""summary"":"""",""linkedin"":"""",""github"":""""}",name email phone location city nagpur country india remote preference summary linkedin github,"['git', 'github']",2
"{""name"":"""",""email"":"""",""phone"":"""",""location"":{""city"":""Nagpur"",""country"":""India"",""remote_preference"":""""},""summary"":"""",""linkedin"":"""",""github"":""""}",name email phone location city nagpur country india remote preference summary linkedin github,"['git', 'github']",2
"{""name"":""Unknown"",""email"":""Unknown"",""phone"":""Unknown"",""location"":{""city"":""Pusad"",""country"":""India"",""remote_preference"":""Unknown""},""summary"":""Experienced Java Developer with expertise in Core Java, Advanced Java, Hibernate, Spring, and Android development. Passionate about teaching and mentoring in programming and database technologies."",""linkedin"":""Unknown"",""github"":""Unknown""}",name unknown email unknown phone unknown location city pusad country india remote preference unknown summary experienced java developer with expertise in core java advanced java hibernate spring and android development. passionate about teaching and mentoring in programming and database technologies. linkedin unknown github unknown,"['java', 'git', 'github']",3
"{""name"":"""",""email"":"""",""phone"":"""",""location"":{""city"":""Nashik"",""country"":""India"",""remote_preference"":""""},""summary"":"""",""linkedin"":"""",""github"":""""}",name email phone location city nashik country india remote preference summary linkedin github,"['git', 'github']",2
"{""name"":"""",""email"":"""",""phone"":"""",""location"":{""city"":""Pune"",""country"":""India"",""remote_preference"":""onsite""},""summary"":""Full Stack Java Developer with experience in Java, Spring Boot, JSP, and front-end technologies. Skilled in building web applications and working with databases."",""linkedin"":"""",""github"":""""}",name email phone location city pune country india remote preference onsite summary full stack java developer with experience in java spring boot jsp and front end technologies. skilled in building web applications and working with databases. linkedin github,"['java', 'git', 'github']",3
"{""name"":""Unknown"",""email"":""Unknown"",""phone"":""Unknown"",""location"":{""city"":""Pune"",""country"":""India"",""remote_preference"":""Unknown""},""summary"":""Java Developer and Automation Testing professional with experience in software testing, automation frameworks, and Java development."",""linkedin"":""Unknown"",""github"":""Unknown""}",name unknown email unknown phone unknown location city pune country india remote preference unknown summary java developer and automation testing professional with experience in software testing automation frameworks and java development. linkedin unknown github unknown,"['java', 'git', 'github']",3
"{""name"":""Not Provided"",""email"":""Not Provided"",""phone"":""Not Provided"",""location"":{""city"":""Pune"",""country"":""India"",""remote_preference"":""Not Provided""},""summary"":""DevOps Engineer with software proficiency in various languages and tools."",""linkedin"":""Not Provided"",""github"":""Not Provided""}",name not provided email not provided phone not provided location city pune country india remote preference not provided summary devops engineer with software proficiency in various languages and tools. linkedin not provided github not provided,"['git', 'github']",2
"{""name"":""Unknown"",""email"":""Unknown"",""phone"":""Unknown"",""location"":{""city"":""Pune"",""country"":""India"",""remote_preference"":""Unknown""},""summary"":""Java Developer with experience in Hibernate, JSP, and Servlets. Passionate about software development and programming."",""linkedin"":""Unknown"",""github"":""Unknown""}",name unknown email unknown phone unknown location city pune country india remote preference unknown summary java developer with experience in hibernate jsp and servlets. passionate about software development and programming. linkedin unknown github unknown,"['java', 'git', 'github']",3
"{""name"":""Unknown"",""email"":""Unknown"",""phone"":""Unknown"",""location"":{""city"":""Mumbai"",""country"":""India"",""remote_preference"":""Unknown""},""summary"":""Python Developer\/analyst"",""linkedin"":""Unknown"",""github"":""Unknown""}",name unknown email unknown phone unknown location city mumbai country india remote preference unknown summary python developer analyst linkedin unknown github unknown,"['python', 'git', 'github']",3
"{""name"":"""",""email"":"""",""phone"":"""",""location"":{""city"":""Pune"",""country"":""Maharashtra"",""remote_preference"":""""},""summary"":"""",""linkedin"":"""",""github"":""""}",name email phone location city pune country maharashtra remote preference summary linkedin github,"['git', 'github']",2
"{""name"":""Unknown"",""email"":""Unknown"",""phone"":""Unknown"",""location"":{""city"":""Hyderabad"",""country"":""India"",""remote_preference"":""Unknown""},""summary"":""Devops Engineer with experience in various Dev-ops methodologies and tools."",""linkedin"":""Unknown"",""github"":""Unknown""}",name unknown email unknown phone unknown location city hyderabad country india remote preference unknown summary devops engineer with experience in various dev ops methodologies and tools. linkedin unknown github unknown,"['git', 'github']",2
"{""name"":""Unknown"",""email"":""Unknown"",""phone"":""Unknown"",""location"":{""city"":""Hyderabad"",""country"":""India"",""remote_preference"":""Unknown""},""summary"":""Devops Engineer with strong focus on Dev-ops methodologies, C, Core Java, GIT, Bitbucket, ANT, Maven, Jenkins, Ansible, Shell Script, Apache Tomcat server."",""linkedin"":""Unknown"",""github"":""Unknown""}",name unknown email unknown phone unknown location city hyderabad country india remote preference unknown summary devops engineer with strong focus on dev ops methodologies c core java git bitbucket ant maven jenkins ansible shell script apache tomcat server. linkedin unknown github unknown,"['java', 'git', 'github']",3
"{""name"":""Not Provided"",""email"":""Not Provided"",""phone"":""Not Provided"",""location"":{""city"":""Mumbai"",""country"":""India"",""remote_preference"":""Not Provided""},""summary"":""Communication Skills, Interpersonal Skills, Learning Skills, Problem Solving Skills"",""linkedin"":""Not Provided"",""github"":""Not Provided""}",name not provided email not provided phone not provided location city mumbai country india remote preference not provided summary communication skills interpersonal skills learning skills problem solving skills linkedin not provided github not provided,"['git', 'github', 'communication']",3
"{""name"":"""",""email"":"""",""phone"":"""",""location"":{""city"":""Pune"",""country"":""India"",""remote_preference"":""""},""summary"":"""",""linkedin"":"""",""github"":""""}",name email phone location city pune country india remote preference summary linkedin github,"['git', 'github']",2
"{""name"":""Unknown"",""email"":""Unknown"",""phone"":""Unknown"",""location"":{""city"":""Unknown"",""country"":""Unknown"",""remote_preference"":""Unknown""},""summary"":""Python Developer"",""linkedin"":""Unknown"",""github"":""Unknown""}",name unknown email unknown phone unknown location city unknown country unknown remote preference unknown summary python developer linkedin unknown github unknown,"['python', 'git', 'github']",3
"{""name"":""Unknown"",""email"":""Unknown"",""phone"":""Unknown"",""location"":{""city"":""Pune"",""country"":""India"",""remote_preference"":""Unknown""},""summary"":""Python Developer with experience in various technologies and tools."",""linkedin"":""Unknown"",""github"":""Unknown""}",name unknown email unknown phone unknown location city pune country india remote preference unknown summary python developer with experience in various technologies and tools. linkedin unknown github unknown,"['python', 'git', 'github']",3
"{""name"":"""",""email"":"""",""phone"":"""",""location"":{""city"":""Amravati"",""country"":""India"",""remote_preference"":""""},""summary"":"""",""linkedin"":"""",""github"":""""}",name email phone location city amravati country india remote preference summary linkedin github,"['git', 'github']",2
"{""name"":"""",""email"":"""",""phone"":"""",""location"":{""city"":"""",""country"":"""",""remote_preference"":""""},""summary"":""Achievement-oriented professional with strong problem-solving, coordination, and analytical skills. Experienced in managing multiple tasks and projects simultaneously with excellent communication and organizational abilities. Willing to travel and relocate."",""linkedin"":"""",""github"":""""}",name email phone location city country remote preference summary achievement oriented professional with strong problem solving coordination and analytical skills. experienced in managing multiple tasks and projects simultaneously with excellent communication and organizational abilities. willing to travel and relocate. linkedin github,"['excel', 'git', 'github', 'communication']",4
"{""name"":""Not Provided"",""email"":""Not Provided"",""phone"":""Not Provided"",""location"":{""city"":""Pune"",""country"":""India"",""remote_preference"":""Not Provided""},""summary"":""DevOps Engineer with software proficiency in various languages and tools."",""linkedin"":""Not Provided"",""github"":""Not Provided""}",name not provided email not provided phone not provided location city pune country india remote preference not provided summary devops engineer with software proficiency in various languages and tools. linkedin not provided github not provided,"['git', 'github']",2
"{""name"":""Unknown"",""email"":""Unknown"",""phone"":""Unknown"",""location"":{""city"":""Pune"",""country"":""India"",""remote_preference"":""Unknown""},""summary"":""DevOps Engineer with experience in various programming languages and software tools."",""linkedin"":""Unknown"",""github"":""Unknown""}",name unknown email unknown phone unknown location city pune country india remote preference unknown summary devops engineer with experience in various programming languages and software tools. linkedin unknown github unknown,"['git', 'github']",2
"{""name"":""Not Provided"",""email"":""Not Provided"",""phone"":""Not Provided"",""location"":{""city"":""Pune"",""country"":""Maharashtra"",""remote_preference"":""Not Provided""},""summary"":""Python RESTful API developer with hands-on experience in production and maintenance of projects, agile methodology, SDLC, customer interaction, debugging and testing based on Python and AS\/400. Strong communication and interpersonal skills."",""linkedin"":""Not Provided"",""github"":""Not Provided""}",name not provided email not provided phone not provided location city pune country maharashtra remote preference not provided summary python restful api developer with hands on experience in production and maintenance of projects agile methodology sdlc customer interaction debugging and testing based on python and as 400. strong communication and interpersonal skills. linkedin not provided github not provided,"['python', 'git', 'github', 'communication']",4
"{""name"":""Not Provided"",""email"":""Not Provided"",""phone"":""Not Provided"",""location"":{""city"":""Mumbai"",""country"":""India"",""remote_preference"":""Not Provided""},""summary"":""Python Developer\/analyst"",""linkedin"":""Not Provided"",""github"":""Not Provided""}",name not provided email not provided phone not provided location city mumbai country india remote preference not provided summary python developer analyst linkedin not provided github not provided,"['python', 'git', 'github']",3
"{""name"":""Unknown"",""email"":""Unknown"",""phone"":""Unknown"",""location"":{""city"":""Hyderabad"",""country"":""India"",""remote_preference"":""Unknown""},""summary"":""Devops Engineer with strong skills in Ant, Maven, GIT, Bitbucket, Jenkins, Linux, Ansible, Shell Scripting, Requirement Gathering, Continuous Integration and Continuous Deployment, Software Development Life Cycle, Software Testing Life Cycle, Documentation & Reporting, Test Reports."",""linkedin"":""Unknown"",""github"":""Unknown""}",name unknown email unknown phone unknown location city hyderabad country india remote preference unknown summary devops engineer with strong skills in ant maven git bitbucket jenkins linux ansible shell scripting requirement gathering continuous integration and continuous deployment software development life cycle software testing life cycle documentation reporting test reports. linkedin unknown github unknown,"['git', 'github', 'linux']",3
"{""name"":"""",""email"":"""",""phone"":"""",""location"":{""city"":""Nashik"",""country"":""India"",""remote_preference"":""""},""summary"":"""",""linkedin"":"""",""github"":""""}",name email phone location city nashik country india remote preference summary linkedin github,"['git', 'github']",2
"{""name"":"""",""email"":"""",""phone"":"""",""location"":{""city"":""Amravati"",""country"":""India"",""remote_preference"":""""},""summary"":"""",""linkedin"":"""",""github"":""""}",name email phone location city amravati country india remote preference summary linkedin github,"['git', 'github']",2
"{""name"":"""",""email"":"""",""phone"":"""",""location"":{""city"":""Mumbai"",""country"":""India"",""remote_preference"":""""},""summary"":"""",""linkedin"":"""",""github"":""""}",name email phone location city mumbai country india remote preference summary linkedin github,"['git', 'github']",2
"{""name"":""Unknown"",""email"":""Unknown"",""phone"":""Unknown"",""location"":{""city"":""Pune"",""country"":""India"",""remote_preference"":""Unknown""},""summary"":""Java Developer with experience in Hibernate, JSP, and Servlets. Passionate about software development and programming."",""linkedin"":""Unknown"",""github"":""Unknown""}",name unknown email unknown phone unknown location city pune country india remote preference unknown summary java developer with experience in hibernate jsp and servlets. passionate about software development and programming. linkedin unknown github unknown,"['java', 'git', 'github']",3
"{""name"":"""",""email"":"""",""phone"":"""",""location"":{""city"":""Pune"",""country"":""India"",""remote_preference"":""""},""summary"":""Aspiring Python Developer looking to utilize and expand knowledge in a professional organization."",""linkedin"":"""",""github"":""""}",name email phone location city pune country india remote preference summary aspiring python developer looking to utilize and expand knowledge in a professional organization. linkedin github,"['python', 'git', 'github']",3
"{""name"":"""",""email"":"""",""phone"":"""",""location"":{""city"":""Mumbai"",""country"":""India"",""remote_preference"":""""},""summary"":"""",""linkedin"":"""",""github"":""""}",name email phone location city mumbai country india remote preference summary linkedin github,"['git', 'github']",2
"{""name"":"""",""email"":"""",""phone"":"""",""location"":{""city"":""Nashik"",""country"":""India"",""remote_preference"":""""},""summary"":"""",""linkedin"":"""",""github"":""""}",name email phone location city nashik country india remote preference summary linkedin github,"['git', 'github']",2
"{""name"":"""",""email"":"""",""phone"":"""",""location"":{""city"":""Nashik"",""country"":""India"",""remote_preference"":""""},""summary"":"""",""linkedin"":"""",""github"":""""}",name email phone location city nashik country india remote preference summary linkedin github,"['git', 'github']",2
"{""name"":""Unknown"",""email"":""Unknown"",""phone"":""Unknown"",""location"":{""city"":""Unknown"",""country"":""Unknown"",""remote_preference"":""Unknown""},""summary"":""Python Developer"",""linkedin"":""Unknown"",""github"":""Unknown""}",name unknown email unknown phone unknown location city unknown country unknown remote preference unknown summary python developer linkedin unknown github unknown,"['python', 'git', 'github']",3
"{""name"":""Data Scientist"",""email"":""Not Provided"",""phone"":""Not Provided"",""location"":{""city"":""Mumbai"",""country"":""India"",""remote_preference"":""Not Provided""},""summary"":""Expertise in Data and Quantitative Analysis, Decision Analytics, Predictive Modeling, Data-Driven Personalization, KPI Dashboards, Big Data Queries and Interpretation, Data Mining and Visualization Tools, Machine Learning Algorithms, Business Intelligence (BI), Research, Reports and Forecasts"",""linkedin"":""Not Provided"",""github"":""Not Provided""}",name data scientist email not provided phone not provided location city mumbai country india remote preference not provided summary expertise in data and quantitative analysis decision analytics predictive modeling data driven personalization kpi dashboards big data queries and interpretation data mining and visualization tools machine learning algorithms business intelligence bi research reports and forecasts linkedin not provided github not provided,"['machine learning', 'git', 'github']",3
"{""name"":"""",""email"":"""",""phone"":"""",""location"":{""city"":""Jabalpur"",""country"":""India"",""remote_preference"":""""},""summary"":"""",""linkedin"":"""",""github"":""""}",name email phone location city jabalpur country india remote preference summary linkedin github,"['git', 'github']",2
"{""name"":"""",""email"":"""",""phone"":"""",""location"":{""city"":""Pune"",""country"":""India"",""remote_preference"":""onsite""},""summary"":"""",""linkedin"":"""",""github"":""""}",name email phone location city pune country india remote preference onsite summary linkedin github,"['git', 'github']",2
"{""name"":"""",""email"":"""",""phone"":"""",""location"":{""city"":""Pune"",""country"":""Maharashtra"",""remote_preference"":""""},""summary"":""I want to work in organisation as a python developer to utilize my knowledge & To gain more knowledge with our organisation."",""linkedin"":"""",""github"":""""}",name email phone location city pune country maharashtra remote preference summary i want to work in organisation as a python developer to utilize my knowledge to gain more knowledge with our organisation. linkedin github,"['python', 'git', 'github']",3
"{""name"":""Not Provided"",""email"":""Not Provided"",""phone"":""Not Provided"",""location"":{""city"":""Pusad"",""country"":""Maharashtra"",""remote_preference"":""Not Provided""},""summary"":""Java Developer with experience in Android Mobile App Development, Core Java, Advance Java, JSF, Hibernate, Spring. Proficient in C, C++, Java, Android, MS Access, SQL, Oracle."",""linkedin"":""Not Provided"",""github"":""Not Provided""}",name not provided email not provided phone not provided location city pusad country maharashtra remote preference not provided summary java developer with experience in android mobile app development core java advance java jsf hibernate spring. proficient in c c++ java android ms access sql oracle. linkedin not provided github not provided,"['java', 'c++', 'sql', 'git', 'github']",5
"{""name"":""Unknown"",""email"":""Unknown"",""phone"":""Unknown"",""location"":{""city"":""Unknown"",""country"":""Unknown"",""remote_preference"":""Unknown""},""summary"":""Hardworking Java Developer enthusiastic about working with multicultural teams. Experienced in working with a Payment Gateway Solutions provider with Core Java."",""linkedin"":""Unknown"",""github"":""Unknown""}",name unknown email unknown phone unknown location city unknown country unknown remote preference unknown summary hardworking java developer enthusiastic about working with multicultural teams. experienced in working with a payment gateway solutions provider with core java. linkedin unknown github unknown,"['java', 'git', 'github']",3
"{""summary"":""Communication Skills My writing skills in English is very good and I am certainly a clear speaker. Being comfortable speaking in front of an audience, I can easily facilitate meetings and brainstorming sessions Interpersonal Skills As a friendly, polite person, with positive attitude I work well with others and deal with difficult situations in a careful and considerate manner. Learning Skills I have a high capacity for learning, pick up new skills and ideas quickly, and generally thrive on challenges. Enthusiasm and creativity give me an edge on difficult projects. Problem Solving Skills My analytical skills help me troubleshoot problems and uncover root causes. I am creative and tenacious.""}",summary communication skills my writing skills in english is very good and i am certainly a clear speaker. being comfortable speaking in front of an audience i can easily facilitate meetings and brainstorming sessions interpersonal skills as a friendly polite person with positive attitude i work well with others and deal with difficult situations in a careful and considerate manner. learning skills i have a high capacity for learning pick up new skills and ideas quickly and generally thrive on challenges. enthusiasm and creativity give me an edge on difficult projects. problem solving skills my analytical skills help me troubleshoot problems and uncover root causes. i am creative and tenacious.,['communication'],1
"{""name"":""Unknown"",""email"":""Unknown"",""phone"":""Unknown"",""location"":{""city"":""Nagpur"",""country"":""India"",""remote_preference"":""Unknown""},""summary"":""Java Developer with experience in J2EE, Spring, Hibernate, and database management. Skilled in functional and manual testing with a strong foundation in software development and stock management systems."",""linkedin"":""Unknown"",""github"":""Unknown""}",name unknown email unknown phone unknown location city nagpur country india remote preference unknown summary java developer with experience in j2ee spring hibernate and database management. skilled in functional and manual testing with a strong foundation in software development and stock management systems. linkedin unknown github unknown,"['java', 'git', 'github']",3
"{""name"":"""",""email"":"""",""phone"":"""",""location"":{""city"":""Gondia"",""country"":""India"",""remote_preference"":""""},""summary"":"""",""linkedin"":"""",""github"":""""}",name email phone location city gondia country india remote preference summary linkedin github,"['git', 'github']",2
"{""name"":""Unknown"",""email"":""Unknown"",""phone"":""Unknown"",""location"":{""city"":""Hyderabad"",""country"":""India"",""remote_preference"":""Unknown""},""summary"":""Devops Engineer with experience in various IT skills and Dev-ops methodologies."",""linkedin"":""Unknown"",""github"":""Unknown""}",name unknown email unknown phone unknown location city hyderabad country india remote preference unknown summary devops engineer with experience in various it skills and dev ops methodologies. linkedin unknown github unknown,"['git', 'github']",2
"{""name"":""Sherri Elliott"",""email"":""jlara@example.com"",""phone"":""+1-393-549-8765x62076"",""location"":{""city"":""East Marie"",""country"":""Lithuania"",""remote_preference"":""onsite""},""summary"":""Experienced Python Developer with a strong background in building scalable web applications and data pipelines. Proficient in Django, Flask, and RESTful API design."",""linkedin"":""linkedin.com\/in\/elizabethruiz"",""github"":""github.com\/james56""}",name sherri elliott email jlara example.com phone +1 393 549 8765x62076 location city east marie country lithuania remote preference onsite summary experienced python developer with a strong background in building scalable web applications and data pipelines. proficient in django flask and restful api design. linkedin linkedin.com in elizabethruiz github github.com james56,"['python', 'git', 'github']",3
"{""name"":""Jason Green"",""email"":""arnoldthomas@example.com"",""phone"":""001-305-751-5578"",""location"":{""city"":""Coreymouth"",""country"":""Thailand"",""remote_preference"":""remote""},""summary"":""Experienced Python Developer with a strong background in building scalable web applications and data pipelines. Proficient in Django, Flask, and RESTful API design."",""linkedin"":""linkedin.com\/in\/gonzalezelizabeth"",""github"":""github.com\/david83""}",name jason green email arnoldthomas example.com phone 001 305 751 5578 location city coreymouth country thailand remote preference remote summary experienced python developer with a strong background in building scalable web applications and data pipelines. proficient in django flask and restful api design. linkedin linkedin.com in gonzalezelizabeth github github.com david83,"['python', 'git', 'github']",3
"{""name"":""Lisa Spencer"",""email"":""schavez@example.com"",""phone"":""+1-622-945-8155x377"",""location"":{""city"":""Jessicachester"",""country"":""United Arab Emirates"",""remote_preference"":""onsite""},""summary"":""Experienced Python Developer with a strong background in building scalable web applications and data pipelines. Proficient in Django, Flask, and RESTful API design."",""linkedin"":""linkedin.com\/in\/mhartman"",""github"":""github.com\/smithjonathan""}",name lisa spencer email schavez example.com phone +1 622 945 8155x377 location city jessicachester country united arab emirates remote preference onsite summary experienced python developer with a strong background in building scalable web applications and data pipelines. proficient in django flask and restful api design. linkedin linkedin.com in mhartman github github.com smithjonathan,"['python', 'git', 'github']",3
"{""name"":""Jack Rodgers"",""email"":""luisellis@example.net"",""phone"":""+1-308-998-4429x3819"",""location"":{""city"":""Jeanneville"",""country"":""Lithuania"",""remote_preference"":""hybrid""},""summary"":""Experienced Python Developer with a strong background in building scalable web applications and data pipelines. Proficient in Django, Flask, and RESTful API design."",""linkedin"":""linkedin.com\/in\/ssimpson"",""github"":""github.com\/hudsonanthony""}",name jack rodgers email luisellis example.net phone +1 308 998 4429x3819 location city jeanneville country lithuania remote preference hybrid summary experienced python developer with a strong background in building scalable web applications and data pipelines. proficient in django flask and restful api design. linkedin linkedin.com in ssimpson github github.com hudsonanthony,"['python', 'git', 'github']",3
"{""name"":""Cynthia Decker"",""email"":""laurie84@example.org"",""phone"":""001-200-986-7795x77356"",""location"":{""city"":""North Joshuaport"",""country"":""Monaco"",""remote_preference"":""hybrid""},""summary"":""Experienced Python Developer with a strong background in building scalable web applications and data pipelines. Proficient in Django, Flask, and RESTful API design."",""linkedin"":""linkedin.com\/in\/gallegosandrew"",""github"":""github.com\/sarah81""}",name cynthia decker email laurie84 example.org phone 001 200 986 7795x77356 location city north joshuaport country monaco remote preference hybrid summary experienced python developer with a strong background in building scalable web applications and data pipelines. proficient in django flask and restful api design. linkedin linkedin.com in gallegosandrew github github.com sarah81,"['python', 'git', 'github']",3
"{""name"":""Allison Powell DVM"",""email"":""richardsonshannon@example.com"",""phone"":""(964)713-5289x83545"",""location"":{""city"":""Meadowschester"",""country"":""Mauritania"",""remote_preference"":""remote""},""summary"":""Experienced Python Developer with a strong background in building scalable web applications and data pipelines. Proficient in Django, Flask, and RESTful API design."",""linkedin"":""linkedin.com\/in\/kellerjames"",""github"":""github.com\/joseph94""}",name allison powell dvm email richardsonshannon example.com phone 964 713 5289x83545 location city meadowschester country mauritania remote preference remote summary experienced python developer with a strong background in building scalable web applications and data pipelines. proficient in django flask and restful api design. linkedin linkedin.com in kellerjames github github.com joseph94,"['python', 'git', 'github']",3
"{""name"":""Jeffrey Rasmussen"",""email"":""vvance@example.com"",""phone"":""583-446-4370"",""location"":{""city"":""South Heatherstad"",""country"":""Singapore"",""remote_preference"":""onsite""},""summary"":""Experienced Python Developer with a strong background in building scalable web applications and data pipelines. Proficient in Django, Flask, and RESTful API design."",""linkedin"":""linkedin.com\/in\/rebeccaflores"",""github"":""github.com\/oparker""}",name jeffrey rasmussen email vvance example.com phone 583 446 4370 location city south heatherstad country singapore remote preference onsite summary experienced python developer with a strong background in building scalable web applications and data pipelines. proficient in django flask and restful api design. linkedin linkedin.com in rebeccaflores github github.com oparker,"['python', 'git', 'github']",3
"{""name"":""Manuel Ramirez"",""email"":""dickersondeanna@example.net"",""phone"":""001-597-630-7925x94977"",""location"":{""city"":""North Mark"",""country"":""Zambia"",""remote_preference"":""onsite""},""summary"":""Experienced Python Developer with a strong background in building scalable web applications and data pipelines. Proficient in Django, Flask, and RESTful API design."",""linkedin"":""linkedin.com\/in\/nancy03"",""github"":""github.com\/garyspencer""}",name manuel ramirez email dickersondeanna example.net phone 001 597 630 7925x94977 location city north mark country zambia remote preference onsite summary experienced python developer with a strong background in building scalable web applications and data pipelines. proficient in django flask and restful api design. linkedin linkedin.com in nancy03 github github.com garyspencer,"['python', 'git', 'github']",3
"{""name"":""Jonathan Dean"",""email"":""kathryn58@example.org"",""phone"":""617-549-1579"",""location"":{""city"":""Pattonfurt"",""country"":""Monaco"",""remote_preference"":""hybrid""},""summary"":""Experienced Python Developer with a strong background in building scalable web applications and data pipelines. Proficient in Django, Flask, and RESTful API design."",""linkedin"":""linkedin.com\/in\/keithallen"",""github"":""github.com\/robert45""}",name jonathan dean email kathryn58 example.org phone 617 549 1579 location city pattonfurt country monaco remote preference hybrid summary experienced python developer with a strong background in building scalable web applications and data pipelines. proficient in django flask and restful api design. linkedin linkedin.com in keithallen github github.com robert45,"['python', 'git', 'github']",3
"{""name"":""Vanessa English"",""email"":""jaredholt@example.net"",""phone"":""001-540-399-4536"",""location"":{""city"":""Briannaview"",""country"":""Ethiopia"",""remote_preference"":""hybrid""},""summary"":""Experienced Python Developer with a strong background in building scalable web applications and data pipelines. Proficient in Django, Flask, and RESTful API design."",""linkedin"":""linkedin.com\/in\/joy86"",""github"":""github.com\/mwilliams""}",name vanessa english email jaredholt example.net phone 001 540 399 4536 location city briannaview country ethiopia remote preference hybrid summary experienced python developer with a strong background in building scalable web applications and data pipelines. proficient in django flask and restful api design. linkedin linkedin.com in joy86 github github.com mwilliams,"['python', 'git', 'github']",3
"{""name"":""Johnny Tucker DDS"",""email"":""john78@example.com"",""phone"":""+1-303-406-2155x93318"",""location"":{""city"":""East Mistytown"",""country"":""Fiji"",""remote_preference"":""remote""},""summary"":""Experienced Python Developer with a strong background in building scalable web applications and data pipelines. Proficient in Django, Flask, and RESTful API design."",""linkedin"":""linkedin.com\/in\/leah24"",""github"":""github.com\/ylam""}",name johnny tucker dds email john78 example.com phone +1 303 406 2155x93318 location city east mistytown country fiji remote preference remote summary experienced python developer with a strong background in building scalable web applications and data pipelines. proficient in django flask and restful api design. linkedin linkedin.com in leah24 github github.com ylam,"['python', 'git', 'github']",3
"{""name"":""Vincent Jordan"",""email"":""rhodesdavid@example.net"",""phone"":""+1-366-473-6647x059"",""location"":{""city"":""Reedside"",""country"":""Croatia"",""remote_preference"":""onsite""},""summary"":""Experienced Python Developer with a strong background in building scalable web applications and data pipelines. Proficient in Django, Flask, and RESTful API design."",""linkedin"":""linkedin.com\/in\/erichardson"",""github"":""github.com\/staceyflores""}",name vincent jordan email rhodesdavid example.net phone +1 366 473 6647x059 location city reedside country croatia remote preference onsite summary experienced python developer with a strong background in building scalable web applications and data pipelines. proficient in django flask and restful api design. linkedin linkedin.com in erichardson github github.com staceyflores,"['python', 'git', 'github']",3
"{""name"":""Nicole Smith"",""email"":""garciajeremy@example.org"",""phone"":""652-306-1831x6005"",""location"":{""city"":""Martinezville"",""country"":""Saint Martin"",""remote_preference"":""remote""},""summary"":""Experienced Python Developer with a strong background in building scalable web applications and data pipelines. Proficient in Django, Flask, and RESTful API design."",""linkedin"":""linkedin.com\/in\/caroline39"",""github"":""github.com\/natalie95""}",name nicole smith email garciajeremy example.org phone 652 306 1831x6005 location city martinezville country saint martin remote preference remote summary experienced python developer with a strong background in building scalable web applications and data pipelines. proficient in django flask and restful api design. linkedin linkedin.com in caroline39 github github.com natalie95,"['python', 'git', 'github']",3
"{""name"":""Richard Ross"",""email"":""mortonjared@example.org"",""phone"":""999.377.6992x666"",""location"":{""city"":""Sheilaside"",""country"":""Czech Republic"",""remote_preference"":""hybrid""},""summary"":""Experienced Python Developer with a strong background in building scalable web applications and data pipelines. Proficient in Django, Flask, and RESTful API design."",""linkedin"":""linkedin.com\/in\/johnsonterry"",""github"":""github.com\/jenniferyates""}",name richard ross email mortonjared example.org phone 999.377.6992x666 location city sheilaside country czech republic remote preference hybrid summary experienced python developer with a strong background in building scalable web applications and data pipelines. proficient in django flask and restful api design. linkedin linkedin.com in johnsonterry github github.com jenniferyates,"['python', 'git', 'github']",3
"{""name"":""Dorothy Lester"",""email"":""youngandrew@example.org"",""phone"":""(499)592-4814"",""location"":{""city"":""Craigstad"",""country"":""Isle of Man"",""remote_preference"":""remote""},""summary"":""Experienced Python Developer with a strong background in building scalable web applications and data pipelines. Proficient in Django, Flask, and RESTful API design."",""linkedin"":""linkedin.com\/in\/marymontes"",""github"":""github.com\/burgessbrittney""}",name dorothy lester email youngandrew example.org phone 499 592 4814 location city craigstad country isle of man remote preference remote summary experienced python developer with a strong background in building scalable web applications and data pipelines. proficient in django flask and restful api design. linkedin linkedin.com in marymontes github github.com burgessbrittney,"['python', 'git', 'github']",3
"{""name"":""Mary Cohen"",""email"":""megan87@example.com"",""phone"":""360-726-9664x039"",""location"":{""city"":""Colemanstad"",""country"":""United States of America"",""remote_preference"":""remote""},""summary"":""Experienced Python Developer with a strong background in building scalable web applications and data pipelines. Proficient in Django, Flask, and RESTful API design."",""linkedin"":""linkedin.com\/in\/sbecker"",""github"":""github.com\/ibryant""}",name mary cohen email megan87 example.com phone 360 726 9664x039 location city colemanstad country united states of america remote preference remote summary experienced python developer with a strong background in building scalable web applications and data pipelines. proficient in django flask and restful api design. linkedin linkedin.com in sbecker github github.com ibryant,"['python', 'git', 'github']",3
"{""name"":""Casey Mckenzie"",""email"":""christopherperkins@example.net"",""phone"":""(916)528-7768"",""location"":{""city"":""Jeremyview"",""country"":""Monaco"",""remote_preference"":""remote""},""summary"":""Experienced Python Developer with a strong background in building scalable web applications and data pipelines. Proficient in Django, Flask, and RESTful API design."",""linkedin"":""linkedin.com\/in\/barbara33"",""github"":""github.com\/johnsonlouis""}",name casey mckenzie email christopherperkins example.net phone 916 528 7768 location city jeremyview country monaco remote preference remote summary experienced python developer with a strong background in building scalable web applications and data pipelines. proficient in django flask and restful api design. linkedin linkedin.com in barbara33 github github.com johnsonlouis,"['python', 'git', 'github']",3
"{""name"":""Anita Rodriguez"",""email"":""joanna55@example.com"",""phone"":""388-411-1313x9916"",""location"":{""city"":""Larachester"",""country"":""Ethiopia"",""remote_preference"":""onsite""},""summary"":""Experienced Python Developer with a strong background in building scalable web applications and data pipelines. Proficient in Django, Flask, and RESTful API design."",""linkedin"":""linkedin.com\/in\/rojasalan"",""github"":""github.com\/wfreeman""}",name anita rodriguez email joanna55 example.com phone 388 411 1313x9916 location city larachester country ethiopia remote preference onsite summary experienced python developer with a strong background in building scalable web applications and data pipelines. proficient in django flask and restful api design. linkedin linkedin.com in rojasalan github github.com wfreeman,"['python', 'git', 'github']",3
"{""name"":""Peter Hayes"",""email"":""christopherobrien@example.net"",""phone"":""6323755512"",""location"":{""city"":""East Victoria"",""country"":""Costa Rica"",""remote_preference"":""hybrid""},""summary"":""Experienced Python Developer with a strong background in building scalable web applications and data pipelines. Proficient in Django, Flask, and RESTful API design."",""linkedin"":""linkedin.com\/in\/bakermatthew"",""github"":""github.com\/robertcraig""}",name peter hayes email christopherobrien example.net phone 6323755512 location city east victoria country costa rica remote preference hybrid summary experienced python developer with a strong background in building scalable web applications and data pipelines. proficient in django flask and restful api design. linkedin linkedin.com in bakermatthew github github.com robertcraig,"['python', 'git', 'github']",3
"{""name"":""Susan Hall"",""email"":""gregorythompson@example.org"",""phone"":""001-504-935-5923x5995"",""location"":{""city"":""Brianstad"",""country"":""Saint Vincent and the Grenadines"",""remote_preference"":""hybrid""},""summary"":""Experienced Python Developer with a strong background in building scalable web applications and data pipelines. Proficient in Django, Flask, and RESTful API design."",""linkedin"":""linkedin.com\/in\/normanamber"",""github"":""github.com\/sandra68""}",name susan hall email gregorythompson example.org phone 001 504 935 5923x5995 location city brianstad country saint vincent and the grenadines remote preference hybrid summary experienced python developer with a strong background in building scalable web applications and data pipelines. proficient in django flask and restful api design. linkedin linkedin.com in normanamber github github.com sandra68,"['python', 'git', 'github']",3
"{""name"":""Jose Schneider"",""email"":""oortega@example.org"",""phone"":""9275802727"",""location"":{""city"":""North Colleenview"",""country"":""Bahamas"",""remote_preference"":""onsite""},""summary"":""Experienced Python Developer with a strong background in building scalable web applications and data pipelines. Proficient in Django, Flask, and RESTful API design."",""linkedin"":""linkedin.com\/in\/xbowen"",""github"":""github.com\/gonzaleztanner""}",name jose schneider email oortega example.org phone 9275802727 location city north colleenview country bahamas remote preference onsite summary experienced python developer with a strong background in building scalable web applications and data pipelines. proficient in django flask and restful api design. linkedin linkedin.com in xbowen github github.com gonzaleztanner,"['python', 'git', 'github']",3
"{""name"":""Laura Conner"",""email"":""aimeesanders@example.org"",""phone"":""754-609-9640x1858"",""location"":{""city"":""North Thomasmouth"",""country"":""Ireland"",""remote_preference"":""hybrid""},""summary"":""Experienced Python Developer with a strong background in building scalable web applications and data pipelines. Proficient in Django, Flask, and RESTful API design."",""linkedin"":""linkedin.com\/in\/ryanweiss"",""github"":""github.com\/matthewhamilton""}",name laura conner email aimeesanders example.org phone 754 609 9640x1858 location city north thomasmouth country ireland remote preference hybrid summary experienced python developer with a strong background in building scalable web applications and data pipelines. proficient in django flask and restful api design. linkedin linkedin.com in ryanweiss github github.com matthewhamilton,"['python', 'git', 'github']",3
"{""name"":""David Price"",""email"":""kennethwhite@example.com"",""phone"":""+1-578-683-2877x7968"",""location"":{""city"":""Port Jennifer"",""country"":""Turkey"",""remote_preference"":""onsite""},""summary"":""Experienced Python Developer with a strong background in building scalable web applications and data pipelines. Proficient in Django, Flask, and RESTful API design."",""linkedin"":""linkedin.com\/in\/peterbyrd"",""github"":""github.com\/jamespennington""}",name david price email kennethwhite example.com phone +1 578 683 2877x7968 location city port jennifer country turkey remote preference onsite summary experienced python developer with a strong background in building scalable web applications and data pipelines. proficient in django flask and restful api design. linkedin linkedin.com in peterbyrd github github.com jamespennington,"['python', 'git', 'github']",3
"{""name"":""Jessica Schwartz"",""email"":""kennethmccullough@example.net"",""phone"":""907.660.6092x66410"",""location"":{""city"":""North Shirley"",""country"":""Grenada"",""remote_preference"":""onsite""},""summary"":""Experienced Python Developer with a strong background in building scalable web applications and data pipelines. Proficient in Django, Flask, and RESTful API design."",""linkedin"":""linkedin.com\/in\/brentcampos"",""github"":""github.com\/tramirez""}",name jessica schwartz email kennethmccullough example.net phone 907.660.6092x66410 location city north shirley country grenada remote preference onsite summary experienced python developer with a strong background in building scalable web applications and data pipelines. proficient in django flask and restful api design. linkedin linkedin.com in brentcampos github github.com tramirez,"['python', 'git', 'github']",3
"{""name"":""Michelle Abbott"",""email"":""castillochristopher@example.net"",""phone"":""(413)471-4112x458"",""location"":{""city"":""Robertatown"",""country"":""Cuba"",""remote_preference"":""hybrid""},""summary"":""Experienced Python Developer with a strong background in building scalable web applications and data pipelines. Proficient in Django, Flask, and RESTful API design."",""linkedin"":""linkedin.com\/in\/zbecker"",""github"":""github.com\/susanpeterson""}",name michelle abbott email castillochristopher example.net phone 413 471 4112x458 location city robertatown country cuba remote preference hybrid summary experienced python developer with a strong background in building scalable web applications and data pipelines. proficient in django flask and restful api design. linkedin linkedin.com in zbecker github github.com susanpeterson,"['python', 'git', 'github']",3
"{""name"":""Kelly Schroeder"",""email"":""brookeday@example.com"",""phone"":""(510)620-9824"",""location"":{""city"":""New Ryan"",""country"":""Congo"",""remote_preference"":""remote""},""summary"":""Experienced Python Developer with a strong background in building scalable web applications and data pipelines. Proficient in Django, Flask, and RESTful API design."",""linkedin"":""linkedin.com\/in\/asmith"",""github"":""github.com\/michaeltrevino""}",name kelly schroeder email brookeday example.com phone 510 620 9824 location city new ryan country congo remote preference remote summary experienced python developer with a strong background in building scalable web applications and data pipelines. proficient in django flask and restful api design. linkedin linkedin.com in asmith github github.com michaeltrevino,"['python', 'git', 'github']",3
"{""name"":""Dr. Taylor Robinson"",""email"":""jadkins@example.org"",""phone"":""524.894.6730x735"",""location"":{""city"":""Hancockfort"",""country"":""Bangladesh"",""remote_preference"":""hybrid""},""summary"":""Experienced Python Developer with a strong background in building scalable web applications and data pipelines. Proficient in Django, Flask, and RESTful API design."",""linkedin"":""linkedin.com\/in\/katiedawson"",""github"":""github.com\/masseynicole""}",name dr. taylor robinson email jadkins example.org phone 524.894.6730x735 location city hancockfort country bangladesh remote preference hybrid summary experienced python developer with a strong background in building scalable web applications and data pipelines. proficient in django flask and restful api design. linkedin linkedin.com in katiedawson github github.com masseynicole,"['python', 'git', 'github']",3
"{""name"":""Tina Davis"",""email"":""groy@example.org"",""phone"":""254-293-7430x6597"",""location"":{""city"":""Maryview"",""country"":""Tonga"",""remote_preference"":""onsite""},""summary"":""Experienced Python Developer with a strong background in building scalable web applications and data pipelines. Proficient in Django, Flask, and RESTful API design."",""linkedin"":""linkedin.com\/in\/ijohnson"",""github"":""github.com\/qbryant""}",name tina davis email groy example.org phone 254 293 7430x6597 location city maryview country tonga remote preference onsite summary experienced python developer with a strong background in building scalable web applications and data pipelines. proficient in django flask and restful api design. linkedin linkedin.com in ijohnson github github.com qbryant,"['python', 'git', 'github']",3
"{""name"":""Shane Gaines II"",""email"":""edwardsshannon@example.org"",""phone"":""(775)744-7827"",""location"":{""city"":""East Reneeside"",""country"":""Poland"",""remote_preference"":""hybrid""},""summary"":""Experienced Python Developer with a strong background in building scalable web applications and data pipelines. Proficient in Django, Flask, and RESTful API design."",""linkedin"":""linkedin.com\/in\/christina91"",""github"":""github.com\/xpope""}",name shane gaines ii email edwardsshannon example.org phone 775 744 7827 location city east reneeside country poland remote preference hybrid summary experienced python developer with a strong background in building scalable web applications and data pipelines. proficient in django flask and restful api design. linkedin linkedin.com in christina91 github github.com xpope,"['python', 'git', 'github']",3
"{""name"":""William Ramirez"",""email"":""yjohnson@example.org"",""phone"":""880.909.9822x89341"",""location"":{""city"":""Robertton"",""country"":""Albania"",""remote_preference"":""hybrid""},""summary"":""Experienced Python Developer with a strong background in building scalable web applications and data pipelines. Proficient in Django, Flask, and RESTful API design."",""linkedin"":""linkedin.com\/in\/erikalambert"",""github"":""github.com\/williamallen""}",name william ramirez email yjohnson example.org phone 880.909.9822x89341 location city robertton country albania remote preference hybrid summary experienced python developer with a strong background in building scalable web applications and data pipelines. proficient in django flask and restful api design. linkedin linkedin.com in erikalambert github github.com williamallen,"['python', 'git', 'github']",3
"{""name"":""Amy Jones"",""email"":""qbutler@example.com"",""phone"":""(531)655-1652"",""location"":{""city"":""Glassstad"",""country"":""Egypt"",""remote_preference"":""hybrid""},""summary"":""Experienced Python Developer with a strong background in building scalable web applications and data pipelines. Proficient in Django, Flask, and RESTful API design."",""linkedin"":""linkedin.com\/in\/jason90"",""github"":""github.com\/james25""}",name amy jones email qbutler example.com phone 531 655 1652 location city glassstad country egypt remote preference hybrid summary experienced python developer with a strong background in building scalable web applications and data pipelines. proficient in django flask and restful api design. linkedin linkedin.com in jason90 github github.com james25,"['python', 'git', 'github']",3
"{""name"":""Joseph Mckee"",""email"":""timothylee@example.com"",""phone"":""001-228-707-4267x540"",""location"":{""city"":""Michellefort"",""country"":""Cote d'Ivoire"",""remote_preference"":""remote""},""summary"":""Experienced Python Developer with a strong background in building scalable web applications and data pipelines. Proficient in Django, Flask, and RESTful API design."",""linkedin"":""linkedin.com\/in\/gmiller"",""github"":""github.com\/smithantonio""}",name joseph mckee email timothylee example.com phone 001 228 707 4267x540 location city michellefort country cote d ivoire remote preference remote summary experienced python developer with a strong background in building scalable web applications and data pipelines. proficient in django flask and restful api design. linkedin linkedin.com in gmiller github github.com smithantonio,"['python', 'git', 'github']",3
"{""name"":""Ronald Brown"",""email"":""weberthomas@example.com"",""phone"":""+1-505-429-2453x633"",""location"":{""city"":""Parkerland"",""country"":""Mayotte"",""remote_preference"":""remote""},""summary"":""Experienced Python Developer with a strong background in building scalable web applications and data pipelines. Proficient in Django, Flask, and RESTful API design."",""linkedin"":""linkedin.com\/in\/salinasryan"",""github"":""github.com\/amandahorn""}",name ronald brown email weberthomas example.com phone +1 505 429 2453x633 location city parkerland country mayotte remote preference remote summary experienced python developer with a strong background in building scalable web applications and data pipelines. proficient in django flask and restful api design. linkedin linkedin.com in salinasryan github github.com amandahorn,"['python', 'git', 'github']",3
"{""name"":""Scott Lopez"",""email"":""jamesphillips@example.org"",""phone"":""001-568-603-2806x6404"",""location"":{""city"":""New Jacobfurt"",""country"":""Malaysia"",""remote_preference"":""onsite""},""summary"":""Experienced Python Developer with a strong background in building scalable web applications and data pipelines. Proficient in Django, Flask, and RESTful API design."",""linkedin"":""linkedin.com\/in\/darlene95"",""github"":""github.com\/samuel59""}",name scott lopez email jamesphillips example.org phone 001 568 603 2806x6404 location city new jacobfurt country malaysia remote preference onsite summary experienced python developer with a strong background in building scalable web applications and data pipelines. proficient in django flask and restful api design. linkedin linkedin.com in darlene95 github github.com samuel59,"['python', 'git', 'github']",3
"{""name"":""Jeremy Moore"",""email"":""ortizjohn@example.org"",""phone"":""(324)598-6385"",""location"":{""city"":""Johnshire"",""country"":""Cook Islands"",""remote_preference"":""hybrid""},""summary"":""Experienced Python Developer with a strong background in building scalable web applications and data pipelines. Proficient in Django, Flask, and RESTful API design."",""linkedin"":""linkedin.com\/in\/wbryan"",""github"":""github.com\/wardsteven""}",name jeremy moore email ortizjohn example.org phone 324 598 6385 location city johnshire country cook islands remote preference hybrid summary experienced python developer with a strong background in building scalable web applications and data pipelines. proficient in django flask and restful api design. linkedin linkedin.com in wbryan github github.com wardsteven,"['python', 'git', 'github']",3
"{""name"":""Philip Watson"",""email"":""hayeslauren@example.com"",""phone"":""205.898.0170x26356"",""location"":{""city"":""Thomasbury"",""country"":""Guinea"",""remote_preference"":""hybrid""},""summary"":""Experienced Python Developer with a strong background in building scalable web applications and data pipelines. Proficient in Django, Flask, and RESTful API design."",""linkedin"":""linkedin.com\/in\/riverabarry"",""github"":""github.com\/michaelsanchez""}",name philip watson email hayeslauren example.com phone 205.898.0170x26356 location city thomasbury country guinea remote preference hybrid summary experienced python developer with a strong background in building scalable web applications and data pipelines. proficient in django flask and restful api design. linkedin linkedin.com in riverabarry github github.com michaelsanchez,"['python', 'git', 'github']",3
"{""name"":""Brandi Mcgee"",""email"":""edwardsluis@example.net"",""phone"":""257.932.6311x6099"",""location"":{""city"":""West Jeffery"",""country"":""Zimbabwe"",""remote_preference"":""onsite""},""summary"":""Experienced Python Developer with a strong background in building scalable web applications and data pipelines. Proficient in Django, Flask, and RESTful API design."",""linkedin"":""linkedin.com\/in\/dennispayne"",""github"":""github.com\/alexander94""}",name brandi mcgee email edwardsluis example.net phone 257.932.6311x6099 location city west jeffery country zimbabwe remote preference onsite summary experienced python developer with a strong background in building scalable web applications and data pipelines. proficient in django flask and restful api design. linkedin linkedin.com in dennispayne github github.com alexander94,"['python', 'git', 'github']",3
"{""name"":""Sharon Wilson"",""email"":""kathryn50@example.org"",""phone"":""642-873-2351"",""location"":{""city"":""Cookfurt"",""country"":""United Arab Emirates"",""remote_preference"":""hybrid""},""summary"":""Experienced Python Developer with a strong background in building scalable web applications and data pipelines. Proficient in Django, Flask, and RESTful API design."",""linkedin"":""linkedin.com\/in\/tylertodd"",""github"":""github.com\/estradajuan""}",name sharon wilson email kathryn50 example.org phone 642 873 2351 location city cookfurt country united arab emirates remote preference hybrid summary experienced python developer with a strong background in building scalable web applications and data pipelines. proficient in django flask and restful api design. linkedin linkedin.com in tylertodd github github.com estradajuan,"['python', 'git', 'github']",3
"{""name"":""Sarah Alexander"",""email"":""chapmanleroy@example.com"",""phone"":""+1-540-505-4400"",""location"":{""city"":""Hickston"",""country"":""French Guiana"",""remote_preference"":""remote""},""summary"":""Experienced Python Developer with a strong background in building scalable web applications and data pipelines. Proficient in Django, Flask, and RESTful API design."",""linkedin"":""linkedin.com\/in\/hrose"",""github"":""github.com\/redwards""}",name sarah alexander email chapmanleroy example.com phone +1 540 505 4400 location city hickston country french guiana remote preference remote summary experienced python developer with a strong background in building scalable web applications and data pipelines. proficient in django flask and restful api design. linkedin linkedin.com in hrose github github.com redwards,"['python', 'git', 'github']",3
"{""name"":""Dominic Alvarado"",""email"":""kwalker@example.net"",""phone"":""297-606-3045x15340"",""location"":{""city"":""Billyfort"",""country"":""Cameroon"",""remote_preference"":""remote""},""summary"":""Experienced Python Developer with a strong background in building scalable web applications and data pipelines. Proficient in Django, Flask, and RESTful API design."",""linkedin"":""linkedin.com\/in\/wtaylor"",""github"":""github.com\/marywilkinson""}",name dominic alvarado email kwalker example.net phone 297 606 3045x15340 location city billyfort country cameroon remote preference remote summary experienced python developer with a strong background in building scalable web applications and data pipelines. proficient in django flask and restful api design. linkedin linkedin.com in wtaylor github github.com marywilkinson,"['python', 'git', 'github']",3
"{""name"":""Isaiah Cooper II"",""email"":""johnwatson@example.org"",""phone"":""001-973-499-8101x61694"",""location"":{""city"":""New Gloriaborough"",""country"":""Gambia"",""remote_preference"":""onsite""},""summary"":""Experienced Python Developer with a strong background in building scalable web applications and data pipelines. Proficient in Django, Flask, and RESTful API design."",""linkedin"":""linkedin.com\/in\/orodriguez"",""github"":""github.com\/edwardstewart""}",name isaiah cooper ii email johnwatson example.org phone 001 973 499 8101x61694 location city new gloriaborough country gambia remote preference onsite summary experienced python developer with a strong background in building scalable web applications and data pipelines. proficient in django flask and restful api design. linkedin linkedin.com in orodriguez github github.com edwardstewart,"['python', 'git', 'github']",3
"{""name"":""Bruce Crawford"",""email"":""lindsaywallace@example.net"",""phone"":""610-972-0294"",""location"":{""city"":""South Anthonytown"",""country"":""Western Sahara"",""remote_preference"":""onsite""},""summary"":""Experienced Python Developer with a strong background in building scalable web applications and data pipelines. Proficient in Django, Flask, and RESTful API design."",""linkedin"":""linkedin.com\/in\/mary17"",""github"":""github.com\/cjohnson""}",name bruce crawford email lindsaywallace example.net phone 610 972 0294 location city south anthonytown country western sahara remote preference onsite summary experienced python developer with a strong background in building scalable web applications and data pipelines. proficient in django flask and restful api design. linkedin linkedin.com in mary17 github github.com cjohnson,"['python', 'git', 'github']",3
"{""name"":""Natasha Faulkner"",""email"":""jcline@example.org"",""phone"":""858.702.3980x0966"",""location"":{""city"":""North Marissaside"",""country"":""Lao People's Democratic Republic"",""remote_preference"":""remote""},""summary"":""Experienced Python Developer with a strong background in building scalable web applications and data pipelines. Proficient in Django, Flask, and RESTful API design."",""linkedin"":""linkedin.com\/in\/leahmartinez"",""github"":""github.com\/alex91""}",name natasha faulkner email jcline example.org phone 858.702.3980x0966 location city north marissaside country lao people s democratic republic remote preference remote summary experienced python developer with a strong background in building scalable web applications and data pipelines. proficient in django flask and restful api design. linkedin linkedin.com in leahmartinez github github.com alex91,"['python', 'git', 'github']",3
"{""name"":""Michael Stein"",""email"":""erichayes@example.com"",""phone"":""001-819-572-0652x24609"",""location"":{""city"":""Reginaland"",""country"":""Sri Lanka"",""remote_preference"":""onsite""},""summary"":""Experienced Python Developer with a strong background in building scalable web applications and data pipelines. Proficient in Django, Flask, and RESTful API design."",""linkedin"":""linkedin.com\/in\/mitchellanderson"",""github"":""github.com\/wmartin""}",name michael stein email erichayes example.com phone 001 819 572 0652x24609 location city reginaland country sri lanka remote preference onsite summary experienced python developer with a strong background in building scalable web applications and data pipelines. proficient in django flask and restful api design. linkedin linkedin.com in mitchellanderson github github.com wmartin,"['python', 'git', 'github']",3
"{""name"":""Ernest Boyle"",""email"":""vbell@example.org"",""phone"":""4058813233"",""location"":{""city"":""Port Chasemouth"",""country"":""Hungary"",""remote_preference"":""remote""},""summary"":""Experienced Python Developer with a strong background in building scalable web applications and data pipelines. Proficient in Django, Flask, and RESTful API design."",""linkedin"":""linkedin.com\/in\/luispham"",""github"":""github.com\/turnernicholas""}",name ernest boyle email vbell example.org phone 4058813233 location city port chasemouth country hungary remote preference remote summary experienced python developer with a strong background in building scalable web applications and data pipelines. proficient in django flask and restful api design. linkedin linkedin.com in luispham github github.com turnernicholas,"['python', 'git', 'github']",3
"{""name"":""Christopher Ballard"",""email"":""rossnguyen@example.org"",""phone"":""(944)263-8263x484"",""location"":{""city"":""Port Jeffreyton"",""country"":""Cocos (Keeling) Islands"",""remote_preference"":""onsite""},""summary"":""Experienced Python Developer with a strong background in building scalable web applications and data pipelines. Proficient in Django, Flask, and RESTful API design."",""linkedin"":""linkedin.com\/in\/robyntucker"",""github"":""github.com\/thomaslambert""}",name christopher ballard email rossnguyen example.org phone 944 263 8263x484 location city port jeffreyton country cocos keeling islands remote preference onsite summary experienced python developer with a strong background in building scalable web applications and data pipelines. proficient in django flask and restful api design. linkedin linkedin.com in robyntucker github github.com thomaslambert,"['python', 'git', 'github']",3
"{""name"":""Ashley Robinson"",""email"":""angelakaufman@example.com"",""phone"":""729.526.4133"",""location"":{""city"":""Jennifershire"",""country"":""Chile"",""remote_preference"":""onsite""},""summary"":""Experienced Python Developer with a strong background in building scalable web applications and data pipelines. Proficient in Django, Flask, and RESTful API design."",""linkedin"":""linkedin.com\/in\/shermanchristopher"",""github"":""github.com\/tbrewer""}",name ashley robinson email angelakaufman example.com phone 729.526.4133 location city jennifershire country chile remote preference onsite summary experienced python developer with a strong background in building scalable web applications and data pipelines. proficient in django flask and restful api design. linkedin linkedin.com in shermanchristopher github github.com tbrewer,"['python', 'git', 'github']",3
"{""name"":""Marissa Alexander"",""email"":""halljames@example.net"",""phone"":""9029607082"",""location"":{""city"":""East Scott"",""country"":""Niger"",""remote_preference"":""hybrid""},""summary"":""Experienced Python Developer with a strong background in building scalable web applications and data pipelines. Proficient in Django, Flask, and RESTful API design."",""linkedin"":""linkedin.com\/in\/gcampbell"",""github"":""github.com\/gmartin""}",name marissa alexander email halljames example.net phone 9029607082 location city east scott country niger remote preference hybrid summary experienced python developer with a strong background in building scalable web applications and data pipelines. proficient in django flask and restful api design. linkedin linkedin.com in gcampbell github github.com gmartin,"['python', 'git', 'github']",3
"{""name"":""Lisa Davis"",""email"":""parsonszachary@example.net"",""phone"":""622-644-8966x018"",""location"":{""city"":""West Heatherport"",""country"":""Botswana"",""remote_preference"":""hybrid""},""summary"":""Experienced Python Developer with a strong background in building scalable web applications and data pipelines. Proficient in Django, Flask, and RESTful API design."",""linkedin"":""linkedin.com\/in\/lori29"",""github"":""github.com\/bruce64""}",name lisa davis email parsonszachary example.net phone 622 644 8966x018 location city west heatherport country botswana remote preference hybrid summary experienced python developer with a strong background in building scalable web applications and data pipelines. proficient in django flask and restful api design. linkedin linkedin.com in lori29 github github.com bruce64,"['python', 'git', 'github']",3
"{""name"":""Daniel Ramos"",""email"":""smithkristin@example.net"",""phone"":""(488)524-6019x2083"",""location"":{""city"":""Sloanshire"",""country"":""Trinidad and Tobago"",""remote_preference"":""onsite""},""summary"":""Experienced Python Developer with a strong background in building scalable web applications and data pipelines. Proficient in Django, Flask, and RESTful API design."",""linkedin"":""linkedin.com\/in\/pjones"",""github"":""github.com\/bradshawheather""}",name daniel ramos email smithkristin example.net phone 488 524 6019x2083 location city sloanshire country trinidad and tobago remote preference onsite summary experienced python developer with a strong background in building scalable web applications and data pipelines. proficient in django flask and restful api design. linkedin linkedin.com in pjones github github.com bradshawheather,"['python', 'git', 'github']",3
"{""name"":""Brenda Martinez"",""email"":""courtneystephens@example.org"",""phone"":""201-816-1753"",""location"":{""city"":""East Amy"",""country"":""Montserrat"",""remote_preference"":""hybrid""},""summary"":""Experienced Python Developer with a strong background in building scalable web applications and data pipelines. Proficient in Django, Flask, and RESTful API design."",""linkedin"":""linkedin.com\/in\/gstewart"",""github"":""github.com\/kkennedy""}",name brenda martinez email courtneystephens example.org phone 201 816 1753 location city east amy country montserrat remote preference hybrid summary experienced python developer with a strong background in building scalable web applications and data pipelines. proficient in django flask and restful api design. linkedin linkedin.com in gstewart github github.com kkennedy,"['python', 'git', 'github']",3
"{""name"":""Robert Pena"",""email"":""pperry@example.net"",""phone"":""(486)827-9436"",""location"":{""city"":""East Christinafort"",""country"":""Switzerland"",""remote_preference"":""hybrid""},""summary"":""Experienced Python Developer with a strong background in building scalable web applications and data pipelines. Proficient in Django, Flask, and RESTful API design."",""linkedin"":""linkedin.com\/in\/cameronjustin"",""github"":""github.com\/simonsarah""}",name robert pena email pperry example.net phone 486 827 9436 location city east christinafort country switzerland remote preference hybrid summary experienced python developer with a strong background in building scalable web applications and data pipelines. proficient in django flask and restful api design. linkedin linkedin.com in cameronjustin github github.com simonsarah,"['python', 'git', 'github']",3
"{""name"":""Kelly Hart"",""email"":""francesmueller@example.net"",""phone"":""+1-434-323-4078x16626"",""location"":{""city"":""Port Markchester"",""country"":""Madagascar"",""remote_preference"":""hybrid""},""summary"":""Experienced Python Developer with a strong background in building scalable web applications and data pipelines. Proficient in Django, Flask, and RESTful API design."",""linkedin"":""linkedin.com\/in\/iholloway"",""github"":""github.com\/nspears""}",name kelly hart email francesmueller example.net phone +1 434 323 4078x16626 location city port markchester country madagascar remote preference hybrid summary experienced python developer with a strong background in building scalable web applications and data pipelines. proficient in django flask and restful api design. linkedin linkedin.com in iholloway github github.com nspears,"['python', 'git', 'github']",3
"{""name"":""Lisa Fields"",""email"":""wvaldez@example.org"",""phone"":""407.749.7728"",""location"":{""city"":""Brownberg"",""country"":""Bangladesh"",""remote_preference"":""onsite""},""summary"":""Experienced Python Developer with a strong background in building scalable web applications and data pipelines. Proficient in Django, Flask, and RESTful API design."",""linkedin"":""linkedin.com\/in\/donnacole"",""github"":""github.com\/jennifer71""}",name lisa fields email wvaldez example.org phone 407.749.7728 location city brownberg country bangladesh remote preference onsite summary experienced python developer with a strong background in building scalable web applications and data pipelines. proficient in django flask and restful api design. linkedin linkedin.com in donnacole github github.com jennifer71,"['python', 'git', 'github']",3
"{""name"":""David Anderson"",""email"":""david78@example.net"",""phone"":""843.289.0296x77954"",""location"":{""city"":""Jonesbury"",""country"":""Algeria"",""remote_preference"":""hybrid""},""summary"":""Experienced Python Developer with a strong background in building scalable web applications and data pipelines. Proficient in Django, Flask, and RESTful API design."",""linkedin"":""linkedin.com\/in\/mikayla06"",""github"":""github.com\/ericpollard""}",name david anderson email david78 example.net phone 843.289.0296x77954 location city jonesbury country algeria remote preference hybrid summary experienced python developer with a strong background in building scalable web applications and data pipelines. proficient in django flask and restful api design. linkedin linkedin.com in mikayla06 github github.com ericpollard,"['python', 'git', 'github']",3
"{""name"":""Robert Ryan"",""email"":""hillrodney@example.net"",""phone"":""666.923.8285"",""location"":{""city"":""West Erin"",""country"":""Romania"",""remote_preference"":""hybrid""},""summary"":""Experienced Python Developer with a strong background in building scalable web applications and data pipelines. Proficient in Django, Flask, and RESTful API design."",""linkedin"":""linkedin.com\/in\/michael79"",""github"":""github.com\/jasonjackson""}",name robert ryan email hillrodney example.net phone 666.923.8285 location city west erin country romania remote preference hybrid summary experienced python developer with a strong background in building scalable web applications and data pipelines. proficient in django flask and restful api design. linkedin linkedin.com in michael79 github github.com jasonjackson,"['python', 'git', 'github']",3
"{""name"":""Jeremiah Hood PhD"",""email"":""briancruz@example.com"",""phone"":""+1-520-494-0949"",""location"":{""city"":""Lake Anthony"",""country"":""Congo"",""remote_preference"":""remote""},""summary"":""Experienced Python Developer with a strong background in building scalable web applications and data pipelines. Proficient in Django, Flask, and RESTful API design."",""linkedin"":""linkedin.com\/in\/tayloralisha"",""github"":""github.com\/paula76""}",name jeremiah hood phd email briancruz example.com phone +1 520 494 0949 location city lake anthony country congo remote preference remote summary experienced python developer with a strong background in building scalable web applications and data pipelines. proficient in django flask and restful api design. linkedin linkedin.com in tayloralisha github github.com paula76,"['python', 'git', 'github']",3
"{""name"":""Paul Odonnell"",""email"":""smithjacqueline@example.net"",""phone"":""711-708-8822x187"",""location"":{""city"":""New Kristinachester"",""country"":""Guadeloupe"",""remote_preference"":""hybrid""},""summary"":""Experienced Python Developer with a strong background in building scalable web applications and data pipelines. Proficient in Django, Flask, and RESTful API design."",""linkedin"":""linkedin.com\/in\/colleenjackson"",""github"":""github.com\/karenchen""}",name paul odonnell email smithjacqueline example.net phone 711 708 8822x187 location city new kristinachester country guadeloupe remote preference hybrid summary experienced python developer with a strong background in building scalable web applications and data pipelines. proficient in django flask and restful api design. linkedin linkedin.com in colleenjackson github github.com karenchen,"['python', 'git', 'github']",3
"{""name"":""David Walker"",""email"":""osbornegregory@example.com"",""phone"":""+1-251-629-5598x780"",""location"":{""city"":""South Nicholas"",""country"":""Hong Kong"",""remote_preference"":""hybrid""},""summary"":""Experienced Python Developer with a strong background in building scalable web applications and data pipelines. Proficient in Django, Flask, and RESTful API design."",""linkedin"":""linkedin.com\/in\/farleynancy"",""github"":""github.com\/benjamin34""}",name david walker email osbornegregory example.com phone +1 251 629 5598x780 location city south nicholas country hong kong remote preference hybrid summary experienced python developer with a strong background in building scalable web applications and data pipelines. proficient in django flask and restful api design. linkedin linkedin.com in farleynancy github github.com benjamin34,"['python', 'git', 'github']",3
"{""name"":""Carmen Martin"",""email"":""tshepard@example.com"",""phone"":""699-224-3521x328"",""location"":{""city"":""Walkermouth"",""country"":""Martinique"",""remote_preference"":""onsite""},""summary"":""Experienced Python Developer with a strong background in building scalable web applications and data pipelines. Proficient in Django, Flask, and RESTful API design."",""linkedin"":""linkedin.com\/in\/bowmanvictor"",""github"":""github.com\/francisco20""}",name carmen martin email tshepard example.com phone 699 224 3521x328 location city walkermouth country martinique remote preference onsite summary experienced python developer with a strong background in building scalable web applications and data pipelines. proficient in django flask and restful api design. linkedin linkedin.com in bowmanvictor github github.com francisco20,"['python', 'git', 'github']",3
"{""name"":""Scott Booth"",""email"":""daniel60@example.com"",""phone"":""001-394-623-7340x83924"",""location"":{""city"":""Port Ryanfurt"",""country"":""Costa Rica"",""remote_preference"":""remote""},""summary"":""Experienced Python Developer with a strong background in building scalable web applications and data pipelines. Proficient in Django, Flask, and RESTful API design."",""linkedin"":""linkedin.com\/in\/mariamoore"",""github"":""github.com\/zrobertson""}",name scott booth email daniel60 example.com phone 001 394 623 7340x83924 location city port ryanfurt country costa rica remote preference remote summary experienced python developer with a strong background in building scalable web applications and data pipelines. proficient in django flask and restful api design. linkedin linkedin.com in mariamoore github github.com zrobertson,"['python', 'git', 'github']",3
"{""name"":""Melanie Moore"",""email"":""alison63@example.net"",""phone"":""+1-778-736-0882x112"",""location"":{""city"":""New Carrie"",""country"":""French Southern Territories"",""remote_preference"":""onsite""},""summary"":""Experienced Python Developer with a strong background in building scalable web applications and data pipelines. Proficient in Django, Flask, and RESTful API design."",""linkedin"":""linkedin.com\/in\/williamslisa"",""github"":""github.com\/nicole77""}",name melanie moore email alison63 example.net phone +1 778 736 0882x112 location city new carrie country french southern territories remote preference onsite summary experienced python developer with a strong background in building scalable web applications and data pipelines. proficient in django flask and restful api design. linkedin linkedin.com in williamslisa github github.com nicole77,"['python', 'git', 'github']",3
"{""name"":""Kathryn Simmons"",""email"":""brandi68@example.com"",""phone"":""4549919801"",""location"":{""city"":""Gomezshire"",""country"":""Netherlands Antilles"",""remote_preference"":""onsite""},""summary"":""Experienced Python Developer with a strong background in building scalable web applications and data pipelines. Proficient in Django, Flask, and RESTful API design."",""linkedin"":""linkedin.com\/in\/williamconner"",""github"":""github.com\/stevensmelissa""}",name kathryn simmons email brandi68 example.com phone 4549919801 location city gomezshire country netherlands antilles remote preference onsite summary experienced python developer with a strong background in building scalable web applications and data pipelines. proficient in django flask and restful api design. linkedin linkedin.com in williamconner github github.com stevensmelissa,"['python', 'git', 'github']",3
"{""name"":""Krista Bates"",""email"":""michael35@example.net"",""phone"":""+1-572-764-7145x5789"",""location"":{""city"":""Brittanyberg"",""country"":""Northern Mariana Islands"",""remote_preference"":""remote""},""summary"":""Experienced Python Developer with a strong background in building scalable web applications and data pipelines. Proficient in Django, Flask, and RESTful API design."",""linkedin"":""linkedin.com\/in\/prodriguez"",""github"":""github.com\/parsonsmatthew""}",name krista bates email michael35 example.net phone +1 572 764 7145x5789 location city brittanyberg country northern mariana islands remote preference remote summary experienced python developer with a strong background in building scalable web applications and data pipelines. proficient in django flask and restful api design. linkedin linkedin.com in prodriguez github github.com parsonsmatthew,"['python', 'git', 'github']",3
"{""name"":""Aaron Brown"",""email"":""wilcoxandrew@example.org"",""phone"":""+1-948-621-4151x3970"",""location"":{""city"":""North Cole"",""country"":""Anguilla"",""remote_preference"":""onsite""},""summary"":""Experienced Python Developer with a strong background in building scalable web applications and data pipelines. Proficient in Django, Flask, and RESTful API design."",""linkedin"":""linkedin.com\/in\/douglashart"",""github"":""github.com\/henrycrystal""}",name aaron brown email wilcoxandrew example.org phone +1 948 621 4151x3970 location city north cole country anguilla remote preference onsite summary experienced python developer with a strong background in building scalable web applications and data pipelines. proficient in django flask and restful api design. linkedin linkedin.com in douglashart github github.com henrycrystal,"['python', 'git', 'github']",3
"{""name"":""Dr. Paul Sullivan"",""email"":""meganadams@example.com"",""phone"":""(281)662-5818x99166"",""location"":{""city"":""East Shannonfort"",""country"":""Qatar"",""remote_preference"":""hybrid""},""summary"":""Experienced Python Developer with a strong background in building scalable web applications and data pipelines. Proficient in Django, Flask, and RESTful API design."",""linkedin"":""linkedin.com\/in\/bdillon"",""github"":""github.com\/william23""}",name dr. paul sullivan email meganadams example.com phone 281 662 5818x99166 location city east shannonfort country qatar remote preference hybrid summary experienced python developer with a strong background in building scalable web applications and data pipelines. proficient in django flask and restful api design. linkedin linkedin.com in bdillon github github.com william23,"['python', 'git', 'github']",3
"{""name"":""Natasha Key"",""email"":""diana09@example.org"",""phone"":""+1-251-895-9105x328"",""location"":{""city"":""Jonesville"",""country"":""Latvia"",""remote_preference"":""hybrid""},""summary"":""Experienced Python Developer with a strong background in building scalable web applications and data pipelines. Proficient in Django, Flask, and RESTful API design."",""linkedin"":""linkedin.com\/in\/marcusmckay"",""github"":""github.com\/kylereed""}",name natasha key email diana09 example.org phone +1 251 895 9105x328 location city jonesville country latvia remote preference hybrid summary experienced python developer with a strong background in building scalable web applications and data pipelines. proficient in django flask and restful api design. linkedin linkedin.com in marcusmckay github github.com kylereed,"['python', 'git', 'github']",3
"{""name"":""Barbara Davis"",""email"":""bonnie41@example.org"",""phone"":""001-409-460-6480x861"",""location"":{""city"":""South Leslie"",""country"":""Antarctica (the territory South of 60 deg S)"",""remote_preference"":""hybrid""},""summary"":""Experienced Python Developer with a strong background in building scalable web applications and data pipelines. Proficient in Django, Flask, and RESTful API design."",""linkedin"":""linkedin.com\/in\/tiffanymorrison"",""github"":""github.com\/vrichardson""}",name barbara davis email bonnie41 example.org phone 001 409 460 6480x861 location city south leslie country antarctica the territory south of 60 deg s remote preference hybrid summary experienced python developer with a strong background in building scalable web applications and data pipelines. proficient in django flask and restful api design. linkedin linkedin.com in tiffanymorrison github github.com vrichardson,"['python', 'git', 'github']",3
"{""name"":""Judith Owens"",""email"":""anavega@example.org"",""phone"":""7369128020"",""location"":{""city"":""North Rhondaburgh"",""country"":""Lebanon"",""remote_preference"":""onsite""},""summary"":""Experienced Python Developer with a strong background in building scalable web applications and data pipelines. Proficient in Django, Flask, and RESTful API design."",""linkedin"":""linkedin.com\/in\/chelsea71"",""github"":""github.com\/hsmith""}",name judith owens email anavega example.org phone 7369128020 location city north rhondaburgh country lebanon remote preference onsite summary experienced python developer with a strong background in building scalable web applications and data pipelines. proficient in django flask and restful api design. linkedin linkedin.com in chelsea71 github github.com hsmith,"['python', 'git', 'github']",3
"{""name"":""Michael Davidson"",""email"":""newmantom@example.com"",""phone"":""(611)666-8162x7453"",""location"":{""city"":""South Alexander"",""country"":""Moldova"",""remote_preference"":""hybrid""},""summary"":""Experienced Python Developer with a strong background in building scalable web applications and data pipelines. Proficient in Django, Flask, and RESTful API design."",""linkedin"":""linkedin.com\/in\/hudsonwilliam"",""github"":""github.com\/dwaynegarrett""}",name michael davidson email newmantom example.com phone 611 666 8162x7453 location city south alexander country moldova remote preference hybrid summary experienced python developer with a strong background in building scalable web applications and data pipelines. proficient in django flask and restful api design. linkedin linkedin.com in hudsonwilliam github github.com dwaynegarrett,"['python', 'git', 'github']",3
"{""name"":""Timothy Garcia"",""email"":""dwaynegrant@example.org"",""phone"":""981.418.3876"",""location"":{""city"":""Port Carolyn"",""country"":""Ukraine"",""remote_preference"":""onsite""},""summary"":""Experienced Python Developer with a strong background in building scalable web applications and data pipelines. Proficient in Django, Flask, and RESTful API design."",""linkedin"":""linkedin.com\/in\/millerdawn"",""github"":""github.com\/gregorydennis""}",name timothy garcia email dwaynegrant example.org phone 981.418.3876 location city port carolyn country ukraine remote preference onsite summary experienced python developer with a strong background in building scalable web applications and data pipelines. proficient in django flask and restful api design. linkedin linkedin.com in millerdawn github github.com gregorydennis,"['python', 'git', 'github']",3
"{""name"":""Ashley Walker"",""email"":""hartmancharles@example.net"",""phone"":""768-951-5634"",""location"":{""city"":""Lake Paul"",""country"":""Fiji"",""remote_preference"":""onsite""},""summary"":""Experienced Python Developer with a strong background in building scalable web applications and data pipelines. Proficient in Django, Flask, and RESTful API design."",""linkedin"":""linkedin.com\/in\/mirandaseth"",""github"":""github.com\/rachel25""}",name ashley walker email hartmancharles example.net phone 768 951 5634 location city lake paul country fiji remote preference onsite summary experienced python developer with a strong background in building scalable web applications and data pipelines. proficient in django flask and restful api design. linkedin linkedin.com in mirandaseth github github.com rachel25,"['python', 'git', 'github']",3
"{""name"":""Timothy Martinez"",""email"":""williampowell@example.com"",""phone"":""(623)693-3551x471"",""location"":{""city"":""Lake Angelamouth"",""country"":""Lithuania"",""remote_preference"":""hybrid""},""summary"":""Experienced Python Developer with a strong background in building scalable web applications and data pipelines. Proficient in Django, Flask, and RESTful API design."",""linkedin"":""linkedin.com\/in\/christiewilson"",""github"":""github.com\/williamsgregory""}",name timothy martinez email williampowell example.com phone 623 693 3551x471 location city lake angelamouth country lithuania remote preference hybrid summary experienced python developer with a strong background in building scalable web applications and data pipelines. proficient in django flask and restful api design. linkedin linkedin.com in christiewilson github github.com williamsgregory,"['python', 'git', 'github']",3
"{""name"":""Charles Cox"",""email"":""jenny05@example.com"",""phone"":""(520)380-5640x3744"",""location"":{""city"":""South Amanda"",""country"":""Luxembourg"",""remote_preference"":""remote""},""summary"":""Experienced Python Developer with a strong background in building scalable web applications and data pipelines. Proficient in Django, Flask, and RESTful API design."",""linkedin"":""linkedin.com\/in\/jennyfriedman"",""github"":""github.com\/webbchristopher""}",name charles cox email jenny05 example.com phone 520 380 5640x3744 location city south amanda country luxembourg remote preference remote summary experienced python developer with a strong background in building scalable web applications and data pipelines. proficient in django flask and restful api design. linkedin linkedin.com in jennyfriedman github github.com webbchristopher,"['python', 'git', 'github']",3
"{""name"":""Rachel Kim"",""email"":""garciaroger@example.com"",""phone"":""(341)450-6565"",""location"":{""city"":""South Thomastown"",""country"":""Togo"",""remote_preference"":""onsite""},""summary"":""Experienced Python Developer with a strong background in building scalable web applications and data pipelines. Proficient in Django, Flask, and RESTful API design."",""linkedin"":""linkedin.com\/in\/jeremy34"",""github"":""github.com\/davidsonlisa""}",name rachel kim email garciaroger example.com phone 341 450 6565 location city south thomastown country togo remote preference onsite summary experienced python developer with a strong background in building scalable web applications and data pipelines. proficient in django flask and restful api design. linkedin linkedin.com in jeremy34 github github.com davidsonlisa,"['python', 'git', 'github']",3
"{""name"":""Jesse Howard"",""email"":""harrisonmichael@example.com"",""phone"":""251-933-6586"",""location"":{""city"":""East Joseph"",""country"":""Burundi"",""remote_preference"":""remote""},""summary"":""Experienced Python Developer with a strong background in building scalable web applications and data pipelines. Proficient in Django, Flask, and RESTful API design."",""linkedin"":""linkedin.com\/in\/juliechang"",""github"":""github.com\/ericadams""}",name jesse howard email harrisonmichael example.com phone 251 933 6586 location city east joseph country burundi remote preference remote summary experienced python developer with a strong background in building scalable web applications and data pipelines. proficient in django flask and restful api design. linkedin linkedin.com in juliechang github github.com ericadams,"['python', 'git', 'github']",3
"{""name"":""Amanda Patton"",""email"":""robinsontimothy@example.org"",""phone"":""367-970-2747x271"",""location"":{""city"":""Lake Nicholas"",""country"":""Syrian Arab Republic"",""remote_preference"":""hybrid""},""summary"":""Experienced Python Developer with a strong background in building scalable web applications and data pipelines. Proficient in Django, Flask, and RESTful API design."",""linkedin"":""linkedin.com\/in\/cheryl34"",""github"":""github.com\/patrick77""}",name amanda patton email robinsontimothy example.org phone 367 970 2747x271 location city lake nicholas country syrian arab republic remote preference hybrid summary experienced python developer with a strong background in building scalable web applications and data pipelines. proficient in django flask and restful api design. linkedin linkedin.com in cheryl34 github github.com patrick77,"['python', 'git', 'github']",3
"{""name"":""Taylor Lewis"",""email"":""anna90@example.com"",""phone"":""(610)742-6339x44542"",""location"":{""city"":""Calvinmouth"",""country"":""Montenegro"",""remote_preference"":""hybrid""},""summary"":""Experienced Python Developer with a strong background in building scalable web applications and data pipelines. Proficient in Django, Flask, and RESTful API design."",""linkedin"":""linkedin.com\/in\/carolparks"",""github"":""github.com\/sswanson""}",name taylor lewis email anna90 example.com phone 610 742 6339x44542 location city calvinmouth country montenegro remote preference hybrid summary experienced python developer with a strong background in building scalable web applications and data pipelines. proficient in django flask and restful api design. linkedin linkedin.com in carolparks github github.com sswanson,"['python', 'git', 'github']",3
"{""name"":""Marie Zavala"",""email"":""wkoch@example.com"",""phone"":""832.657.4286x855"",""location"":{""city"":""Jeromeville"",""country"":""Philippines"",""remote_preference"":""onsite""},""summary"":""Experienced Python Developer with a strong background in building scalable web applications and data pipelines. Proficient in Django, Flask, and RESTful API design."",""linkedin"":""linkedin.com\/in\/gonzalezamanda"",""github"":""github.com\/burkekenneth""}",name marie zavala email wkoch example.com phone 832.657.4286x855 location city jeromeville country philippines remote preference onsite summary experienced python developer with a strong background in building scalable web applications and data pipelines. proficient in django flask and restful api design. linkedin linkedin.com in gonzalezamanda github github.com burkekenneth,"['python', 'git', 'github']",3
"{""name"":""Dale Taylor"",""email"":""scottcody@example.net"",""phone"":""+1-200-739-6648x587"",""location"":{""city"":""Jacksontown"",""country"":""Mongolia"",""remote_preference"":""onsite""},""summary"":""Experienced Python Developer with a strong background in building scalable web applications and data pipelines. Proficient in Django, Flask, and RESTful API design."",""linkedin"":""linkedin.com\/in\/matthew52"",""github"":""github.com\/jacksonmichael""}",name dale taylor email scottcody example.net phone +1 200 739 6648x587 location city jacksontown country mongolia remote preference onsite summary experienced python developer with a strong background in building scalable web applications and data pipelines. proficient in django flask and restful api design. linkedin linkedin.com in matthew52 github github.com jacksonmichael,"['python', 'git', 'github']",3
"{""name"":""Joshua Cox"",""email"":""nmercado@example.com"",""phone"":""(781)555-4380x02399"",""location"":{""city"":""New Nicole"",""country"":""Antarctica (the territory South of 60 deg S)"",""remote_preference"":""onsite""},""summary"":""Experienced Python Developer with a strong background in building scalable web applications and data pipelines. Proficient in Django, Flask, and RESTful API design."",""linkedin"":""linkedin.com\/in\/casey65"",""github"":""github.com\/qmartin""}",name joshua cox email nmercado example.com phone 781 555 4380x02399 location city new nicole country antarctica the territory south of 60 deg s remote preference onsite summary experienced python developer with a strong background in building scalable web applications and data pipelines. proficient in django flask and restful api design. linkedin linkedin.com in casey65 github github.com qmartin,"['python', 'git', 'github']",3
"{""name"":""Victoria Sanford"",""email"":""martinezmallory@example.org"",""phone"":""705.203.3017x2164"",""location"":{""city"":""Burtonbury"",""country"":""Syrian Arab Republic"",""remote_preference"":""hybrid""},""summary"":""Experienced Python Developer with a strong background in building scalable web applications and data pipelines. Proficient in Django, Flask, and RESTful API design."",""linkedin"":""linkedin.com\/in\/edwardsstephanie"",""github"":""github.com\/brian74""}",name victoria sanford email martinezmallory example.org phone 705.203.3017x2164 location city burtonbury country syrian arab republic remote preference hybrid summary experienced python developer with a strong background in building scalable web applications and data pipelines. proficient in django flask and restful api design. linkedin linkedin.com in edwardsstephanie github github.com brian74,"['python', 'git', 'github']",3
"{""name"":""Allen Wilcox"",""email"":""alexandra76@example.net"",""phone"":""318-661-3609x055"",""location"":{""city"":""New Peterfort"",""country"":""Kiribati"",""remote_preference"":""hybrid""},""summary"":""Experienced Python Developer with a strong background in building scalable web applications and data pipelines. Proficient in Django, Flask, and RESTful API design."",""linkedin"":""linkedin.com\/in\/lopezandrew"",""github"":""github.com\/sherylbanks""}",name allen wilcox email alexandra76 example.net phone 318 661 3609x055 location city new peterfort country kiribati remote preference hybrid summary experienced python developer with a strong background in building scalable web applications and data pipelines. proficient in django flask and restful api design. linkedin linkedin.com in lopezandrew github github.com sherylbanks,"['python', 'git', 'github']",3
"{""name"":""Kathryn Lopez"",""email"":""donnaprice@example.net"",""phone"":""677.843.8704x729"",""location"":{""city"":""North Russellside"",""country"":""Equatorial Guinea"",""remote_preference"":""onsite""},""summary"":""Experienced Python Developer with a strong background in building scalable web applications and data pipelines. Proficient in Django, Flask, and RESTful API design."",""linkedin"":""linkedin.com\/in\/williamspatrick"",""github"":""github.com\/travischristopher""}",name kathryn lopez email donnaprice example.net phone 677.843.8704x729 location city north russellside country equatorial guinea remote preference onsite summary experienced python developer with a strong background in building scalable web applications and data pipelines. proficient in django flask and restful api design. linkedin linkedin.com in williamspatrick github github.com travischristopher,"['python', 'git', 'github']",3
"{""name"":""Kelly Church"",""email"":""heathnoah@example.net"",""phone"":""(435)985-4106"",""location"":{""city"":""Emilyburgh"",""country"":""Solomon Islands"",""remote_preference"":""remote""},""summary"":""Experienced Python Developer with a strong background in building scalable web applications and data pipelines. Proficient in Django, Flask, and RESTful API design."",""linkedin"":""linkedin.com\/in\/alicia10"",""github"":""github.com\/stephen08""}",name kelly church email heathnoah example.net phone 435 985 4106 location city emilyburgh country solomon islands remote preference remote summary experienced python developer with a strong background in building scalable web applications and data pipelines. proficient in django flask and restful api design. linkedin linkedin.com in alicia10 github github.com stephen08,"['python', 'git', 'github']",3
"{""name"":""Margaret Young"",""email"":""schneiderbarbara@example.com"",""phone"":""+1-250-887-1877x013"",""location"":{""city"":""Pamelaborough"",""country"":""Dominica"",""remote_preference"":""remote""},""summary"":""Experienced Python Developer with a strong background in building scalable web applications and data pipelines. Proficient in Django, Flask, and RESTful API design."",""linkedin"":""linkedin.com\/in\/tonylopez"",""github"":""github.com\/ehenry""}",name margaret young email schneiderbarbara example.com phone +1 250 887 1877x013 location city pamelaborough country dominica remote preference remote summary experienced python developer with a strong background in building scalable web applications and data pipelines. proficient in django flask and restful api design. linkedin linkedin.com in tonylopez github github.com ehenry,"['python', 'git', 'github']",3
"{""name"":""Paul Harris"",""email"":""christine95@example.org"",""phone"":""(823)644-1681x7156"",""location"":{""city"":""North Tylerchester"",""country"":""South Africa"",""remote_preference"":""onsite""},""summary"":""Experienced Python Developer with a strong background in building scalable web applications and data pipelines. Proficient in Django, Flask, and RESTful API design."",""linkedin"":""linkedin.com\/in\/teresa84"",""github"":""github.com\/bowmanlaura""}",name paul harris email christine95 example.org phone 823 644 1681x7156 location city north tylerchester country south africa remote preference onsite summary experienced python developer with a strong background in building scalable web applications and data pipelines. proficient in django flask and restful api design. linkedin linkedin.com in teresa84 github github.com bowmanlaura,"['python', 'git', 'github']",3
"{""name"":""Katie Wells"",""email"":""pattonsharon@example.org"",""phone"":""359-847-6731"",""location"":{""city"":""Shawland"",""country"":""South Georgia and the South Sandwich Islands"",""remote_preference"":""onsite""},""summary"":""Experienced Python Developer with a strong background in building scalable web applications and data pipelines. Proficient in Django, Flask, and RESTful API design."",""linkedin"":""linkedin.com\/in\/michaeldyer"",""github"":""github.com\/landryjames""}",name katie wells email pattonsharon example.org phone 359 847 6731 location city shawland country south georgia and the south sandwich islands remote preference onsite summary experienced python developer with a strong background in building scalable web applications and data pipelines. proficient in django flask and restful api design. linkedin linkedin.com in michaeldyer github github.com landryjames,"['python', 'git', 'github']",3
"{""name"":""Mark Gray"",""email"":""kathyramirez@example.com"",""phone"":""(650)335-6750"",""location"":{""city"":""Michaelbury"",""country"":""Ethiopia"",""remote_preference"":""hybrid""},""summary"":""Experienced Python Developer with a strong background in building scalable web applications and data pipelines. Proficient in Django, Flask, and RESTful API design."",""linkedin"":""linkedin.com\/in\/jgraham"",""github"":""github.com\/chase54""}",name mark gray email kathyramirez example.com phone 650 335 6750 location city michaelbury country ethiopia remote preference hybrid summary experienced python developer with a strong background in building scalable web applications and data pipelines. proficient in django flask and restful api design. linkedin linkedin.com in jgraham github github.com chase54,"['python', 'git', 'github']",3
"{""name"":""Michael Evans"",""email"":""brandon00@example.net"",""phone"":""8472350870"",""location"":{""city"":""South Ronaldberg"",""country"":""Andorra"",""remote_preference"":""remote""},""summary"":""Experienced Python Developer with a strong background in building scalable web applications and data pipelines. Proficient in Django, Flask, and RESTful API design."",""linkedin"":""linkedin.com\/in\/keithdougherty"",""github"":""github.com\/ewilliams""}",name michael evans email brandon00 example.net phone 8472350870 location city south ronaldberg country andorra remote preference remote summary experienced python developer with a strong background in building scalable web applications and data pipelines. proficient in django flask and restful api design. linkedin linkedin.com in keithdougherty github github.com ewilliams,"['python', 'git', 'github']",3
"{""name"":""Patricia Bates"",""email"":""longmadison@example.org"",""phone"":""(612)822-3387x418"",""location"":{""city"":""Jamesshire"",""country"":""Tuvalu"",""remote_preference"":""onsite""},""summary"":""Experienced Python Developer with a strong background in building scalable web applications and data pipelines. Proficient in Django, Flask, and RESTful API design."",""linkedin"":""linkedin.com\/in\/ycole"",""github"":""github.com\/curtisbrown""}",name patricia bates email longmadison example.org phone 612 822 3387x418 location city jamesshire country tuvalu remote preference onsite summary experienced python developer with a strong background in building scalable web applications and data pipelines. proficient in django flask and restful api design. linkedin linkedin.com in ycole github github.com curtisbrown,"['python', 'git', 'github']",3
"{""name"":""James Dunn"",""email"":""michaelsolomon@example.net"",""phone"":""(842)621-0110x4670"",""location"":{""city"":""Nortonstad"",""country"":""Trinidad and Tobago"",""remote_preference"":""hybrid""},""summary"":""Experienced Python Developer with a strong background in building scalable web applications and data pipelines. Proficient in Django, Flask, and RESTful API design."",""linkedin"":""linkedin.com\/in\/baguilar"",""github"":""github.com\/jenniferrussell""}",name james dunn email michaelsolomon example.net phone 842 621 0110x4670 location city nortonstad country trinidad and tobago remote preference hybrid summary experienced python developer with a strong background in building scalable web applications and data pipelines. proficient in django flask and restful api design. linkedin linkedin.com in baguilar github github.com jenniferrussell,"['python', 'git', 'github']",3
"{""name"":""Sean Steele"",""email"":""fitzpatrickpaul@example.org"",""phone"":""001-819-422-3089"",""location"":{""city"":""Shermanbury"",""country"":""Saint Barthelemy"",""remote_preference"":""onsite""},""summary"":""Experienced Python Developer with a strong background in building scalable web applications and data pipelines. Proficient in Django, Flask, and RESTful API design."",""linkedin"":""linkedin.com\/in\/meyerskaren"",""github"":""github.com\/rodgersleslie""}",name sean steele email fitzpatrickpaul example.org phone 001 819 422 3089 location city shermanbury country saint barthelemy remote preference onsite summary experienced python developer with a strong background in building scalable web applications and data pipelines. proficient in django flask and restful api design. linkedin linkedin.com in meyerskaren github github.com rodgersleslie,"['python', 'git', 'github']",3
"{""name"":""Alison Rodriguez DVM"",""email"":""sarah54@example.com"",""phone"":""558.460.2103x624"",""location"":{""city"":""West Clarencemouth"",""country"":""Zimbabwe"",""remote_preference"":""onsite""},""summary"":""Experienced Python Developer with a strong background in building scalable web applications and data pipelines. Proficient in Django, Flask, and RESTful API design."",""linkedin"":""linkedin.com\/in\/masonheather"",""github"":""github.com\/mathew20""}",name alison rodriguez dvm email sarah54 example.com phone 558.460.2103x624 location city west clarencemouth country zimbabwe remote preference onsite summary experienced python developer with a strong background in building scalable web applications and data pipelines. proficient in django flask and restful api design. linkedin linkedin.com in masonheather github github.com mathew20,"['python', 'git', 'github']",3
"{""name"":""Brandy Melendez"",""email"":""mcbridejonathan@example.com"",""phone"":""452.451.6803x735"",""location"":{""city"":""West Connor"",""country"":""Argentina"",""remote_preference"":""hybrid""},""summary"":""Experienced Python Developer with a strong background in building scalable web applications and data pipelines. Proficient in Django, Flask, and RESTful API design."",""linkedin"":""linkedin.com\/in\/fbutler"",""github"":""github.com\/ann37""}",name brandy melendez email mcbridejonathan example.com phone 452.451.6803x735 location city west connor country argentina remote preference hybrid summary experienced python developer with a strong background in building scalable web applications and data pipelines. proficient in django flask and restful api design. linkedin linkedin.com in fbutler github github.com ann37,"['python', 'git', 'github']",3
"{""name"":""Lisa Williamson"",""email"":""twalker@example.net"",""phone"":""001-232-471-4462x505"",""location"":{""city"":""Juliechester"",""country"":""Philippines"",""remote_preference"":""onsite""},""summary"":""Experienced Python Developer with a strong background in building scalable web applications and data pipelines. Proficient in Django, Flask, and RESTful API design."",""linkedin"":""linkedin.com\/in\/james76"",""github"":""github.com\/kelli77""}",name lisa williamson email twalker example.net phone 001 232 471 4462x505 location city juliechester country philippines remote preference onsite summary experienced python developer with a strong background in building scalable web applications and data pipelines. proficient in django flask and restful api design. linkedin linkedin.com in james76 github github.com kelli77,"['python', 'git', 'github']",3
"{""name"":""James Brooks"",""email"":""allisonshawn@example.org"",""phone"":""001-300-379-6691x4410"",""location"":{""city"":""Audreyfort"",""country"":""Chad"",""remote_preference"":""onsite""},""summary"":""Experienced Python Developer with a strong background in building scalable web applications and data pipelines. Proficient in Django, Flask, and RESTful API design."",""linkedin"":""linkedin.com\/in\/madeline67"",""github"":""github.com\/nicholas10""}",name james brooks email allisonshawn example.org phone 001 300 379 6691x4410 location city audreyfort country chad remote preference onsite summary experienced python developer with a strong background in building scalable web applications and data pipelines. proficient in django flask and restful api design. linkedin linkedin.com in madeline67 github github.com nicholas10,"['python', 'git', 'github']",3
"{""name"":""Mark Cook"",""email"":""mckeechristopher@example.org"",""phone"":""611.701.4567"",""location"":{""city"":""Lake Christopher"",""country"":""Singapore"",""remote_preference"":""onsite""},""summary"":""Experienced Python Developer with a strong background in building scalable web applications and data pipelines. Proficient in Django, Flask, and RESTful API design."",""linkedin"":""linkedin.com\/in\/jose93"",""github"":""github.com\/robert57""}",name mark cook email mckeechristopher example.org phone 611.701.4567 location city lake christopher country singapore remote preference onsite summary experienced python developer with a strong background in building scalable web applications and data pipelines. proficient in django flask and restful api design. linkedin linkedin.com in jose93 github github.com robert57,"['python', 'git', 'github']",3
"{""name"":""Matthew Smith"",""email"":""mcdonaldbrian@example.net"",""phone"":""001-460-368-3143x23413"",""location"":{""city"":""Nortonmouth"",""country"":""Myanmar"",""remote_preference"":""remote""},""summary"":""Experienced Python Developer with a strong background in building scalable web applications and data pipelines. Proficient in Django, Flask, and RESTful API design."",""linkedin"":""linkedin.com\/in\/willissuzanne"",""github"":""github.com\/molly50""}",name matthew smith email mcdonaldbrian example.net phone 001 460 368 3143x23413 location city nortonmouth country myanmar remote preference remote summary experienced python developer with a strong background in building scalable web applications and data pipelines. proficient in django flask and restful api design. linkedin linkedin.com in willissuzanne github github.com molly50,"['python', 'git', 'github']",3
"{""name"":""Steve Smith"",""email"":""stevensmary@example.com"",""phone"":""975-599-8395"",""location"":{""city"":""Lake Francisco"",""country"":""Egypt"",""remote_preference"":""remote""},""summary"":""Experienced Python Developer with a strong background in building scalable web applications and data pipelines. Proficient in Django, Flask, and RESTful API design."",""linkedin"":""linkedin.com\/in\/sbrown"",""github"":""github.com\/cmartinez""}",name steve smith email stevensmary example.com phone 975 599 8395 location city lake francisco country egypt remote preference remote summary experienced python developer with a strong background in building scalable web applications and data pipelines. proficient in django flask and restful api design. linkedin linkedin.com in sbrown github github.com cmartinez,"['python', 'git', 'github']",3
"{""name"":""Charles Owen"",""email"":""garciataylor@example.org"",""phone"":""396.929.4067"",""location"":{""city"":""Lake Sabrinaville"",""country"":""Turkey"",""remote_preference"":""hybrid""},""summary"":""Detail-oriented Java Developer specializing in backend systems and microservices architecture. Skilled in Spring Boot and designing robust enterprise solutions."",""linkedin"":""linkedin.com\/in\/travis23"",""github"":""github.com\/lopezmichael""}",name charles owen email garciataylor example.org phone 396.929.4067 location city lake sabrinaville country turkey remote preference hybrid summary detail oriented java developer specializing in backend systems and microservices architecture. skilled in spring boot and designing robust enterprise solutions. linkedin linkedin.com in travis23 github github.com lopezmichael,"['java', 'git', 'github']",3
"{""name"":""Jerome Garcia"",""email"":""williamtapia@example.com"",""phone"":""441-274-5301x1017"",""location"":{""city"":""Jamesview"",""country"":""Cook Islands"",""remote_preference"":""onsite""},""summary"":""Detail-oriented Java Developer specializing in backend systems and microservices architecture. Skilled in Spring Boot and designing robust enterprise solutions."",""linkedin"":""linkedin.com\/in\/joseph04"",""github"":""github.com\/vmccarthy""}",name jerome garcia email williamtapia example.com phone 441 274 5301x1017 location city jamesview country cook islands remote preference onsite summary detail oriented java developer specializing in backend systems and microservices architecture. skilled in spring boot and designing robust enterprise solutions. linkedin linkedin.com in joseph04 github github.com vmccarthy,"['java', 'git', 'github']",3
"{""name"":""Javier Garcia"",""email"":""joe44@example.org"",""phone"":""898-717-6578x0201"",""location"":{""city"":""Perryport"",""country"":""Zimbabwe"",""remote_preference"":""remote""},""summary"":""Detail-oriented Java Developer specializing in backend systems and microservices architecture. Skilled in Spring Boot and designing robust enterprise solutions."",""linkedin"":""linkedin.com\/in\/dawn06"",""github"":""github.com\/tara42""}",name javier garcia email joe44 example.org phone 898 717 6578x0201 location city perryport country zimbabwe remote preference remote summary detail oriented java developer specializing in backend systems and microservices architecture. skilled in spring boot and designing robust enterprise solutions. linkedin linkedin.com in dawn06 github github.com tara42,"['java', 'git', 'github']",3
"{""name"":""Michael Alexander"",""email"":""ruizbradley@example.net"",""phone"":""214-524-5449"",""location"":{""city"":""Watsonfort"",""country"":""Congo"",""remote_preference"":""onsite""},""summary"":""Detail-oriented Java Developer specializing in backend systems and microservices architecture. Skilled in Spring Boot and designing robust enterprise solutions."",""linkedin"":""linkedin.com\/in\/hollyfranklin"",""github"":""github.com\/parrishaaron""}",name michael alexander email ruizbradley example.net phone 214 524 5449 location city watsonfort country congo remote preference onsite summary detail oriented java developer specializing in backend systems and microservices architecture. skilled in spring boot and designing robust enterprise solutions. linkedin linkedin.com in hollyfranklin github github.com parrishaaron,"['java', 'git', 'github']",3
"{""name"":""Andre Ortiz"",""email"":""trevorrowe@example.org"",""phone"":""896.313.7420x21302"",""location"":{""city"":""Allisonborough"",""country"":""Falkland Islands (Malvinas)"",""remote_preference"":""hybrid""},""summary"":""Detail-oriented Java Developer specializing in backend systems and microservices architecture. Skilled in Spring Boot and designing robust enterprise solutions."",""linkedin"":""linkedin.com\/in\/xrichardson"",""github"":""github.com\/haneyandrew""}",name andre ortiz email trevorrowe example.org phone 896.313.7420x21302 location city allisonborough country falkland islands malvinas remote preference hybrid summary detail oriented java developer specializing in backend systems and microservices architecture. skilled in spring boot and designing robust enterprise solutions. linkedin linkedin.com in xrichardson github github.com haneyandrew,"['java', 'git', 'github']",3
"{""name"":""Tyler Adams"",""email"":""qforbes@example.com"",""phone"":""+1-651-238-7791x84638"",""location"":{""city"":""East Johnhaven"",""country"":""Zambia"",""remote_preference"":""remote""},""summary"":""Detail-oriented Java Developer specializing in backend systems and microservices architecture. Skilled in Spring Boot and designing robust enterprise solutions."",""linkedin"":""linkedin.com\/in\/bsmith"",""github"":""github.com\/plee""}",name tyler adams email qforbes example.com phone +1 651 238 7791x84638 location city east johnhaven country zambia remote preference remote summary detail oriented java developer specializing in backend systems and microservices architecture. skilled in spring boot and designing robust enterprise solutions. linkedin linkedin.com in bsmith github github.com plee,"['java', 'git', 'github']",3
"{""name"":""Michael Nichols"",""email"":""schultzcynthia@example.org"",""phone"":""001-376-994-1245"",""location"":{""city"":""Karenville"",""country"":""Paraguay"",""remote_preference"":""onsite""},""summary"":""Detail-oriented Java Developer specializing in backend systems and microservices architecture. Skilled in Spring Boot and designing robust enterprise solutions."",""linkedin"":""linkedin.com\/in\/mooremichael"",""github"":""github.com\/richmondjustin""}",name michael nichols email schultzcynthia example.org phone 001 376 994 1245 location city karenville country paraguay remote preference onsite summary detail oriented java developer specializing in backend systems and microservices architecture. skilled in spring boot and designing robust enterprise solutions. linkedin linkedin.com in mooremichael github github.com richmondjustin,"['java', 'git', 'github']",3
"{""name"":""Susan Hunt"",""email"":""lopezkenneth@example.org"",""phone"":""(973)716-2404x418"",""location"":{""city"":""North Reginaview"",""country"":""Guadeloupe"",""remote_preference"":""onsite""},""summary"":""Detail-oriented Java Developer specializing in backend systems and microservices architecture. Skilled in Spring Boot and designing robust enterprise solutions."",""linkedin"":""linkedin.com\/in\/paynejacob"",""github"":""github.com\/cpark""}",name susan hunt email lopezkenneth example.org phone 973 716 2404x418 location city north reginaview country guadeloupe remote preference onsite summary detail oriented java developer specializing in backend systems and microservices architecture. skilled in spring boot and designing robust enterprise solutions. linkedin linkedin.com in paynejacob github github.com cpark,"['java', 'git', 'github']",3
"{""name"":""Melissa Weaver"",""email"":""stephen68@example.net"",""phone"":""(656)782-6611x65031"",""location"":{""city"":""Kentberg"",""country"":""Ethiopia"",""remote_preference"":""remote""},""summary"":""Detail-oriented Java Developer specializing in backend systems and microservices architecture. Skilled in Spring Boot and designing robust enterprise solutions."",""linkedin"":""linkedin.com\/in\/allenamy"",""github"":""github.com\/mmoreno""}",name melissa weaver email stephen68 example.net phone 656 782 6611x65031 location city kentberg country ethiopia remote preference remote summary detail oriented java developer specializing in backend systems and microservices architecture. skilled in spring boot and designing robust enterprise solutions. linkedin linkedin.com in allenamy github github.com mmoreno,"['java', 'git', 'github']",3
"{""name"":""Rebecca Cooper DDS"",""email"":""kristinharrison@example.org"",""phone"":""(382)340-1688x3779"",""location"":{""city"":""Leberg"",""country"":""Guatemala"",""remote_preference"":""onsite""},""summary"":""Detail-oriented Java Developer specializing in backend systems and microservices architecture. Skilled in Spring Boot and designing robust enterprise solutions."",""linkedin"":""linkedin.com\/in\/daniel74"",""github"":""github.com\/hartmanmelissa""}",name rebecca cooper dds email kristinharrison example.org phone 382 340 1688x3779 location city leberg country guatemala remote preference onsite summary detail oriented java developer specializing in backend systems and microservices architecture. skilled in spring boot and designing robust enterprise solutions. linkedin linkedin.com in daniel74 github github.com hartmanmelissa,"['java', 'git', 'github']",3
"{""name"":""Roberto Phillips"",""email"":""christopher92@example.com"",""phone"":""(469)741-7182x747"",""location"":{""city"":""Smithstad"",""country"":""United States Virgin Islands"",""remote_preference"":""remote""},""summary"":""Detail-oriented Java Developer specializing in backend systems and microservices architecture. Skilled in Spring Boot and designing robust enterprise solutions."",""linkedin"":""linkedin.com\/in\/greerchristopher"",""github"":""github.com\/bryantdwayne""}",name roberto phillips email christopher92 example.com phone 469 741 7182x747 location city smithstad country united states virgin islands remote preference remote summary detail oriented java developer specializing in backend systems and microservices architecture. skilled in spring boot and designing robust enterprise solutions. linkedin linkedin.com in greerchristopher github github.com bryantdwayne,"['java', 'git', 'github']",3
"{""name"":""Julie Howard"",""email"":""mooneyleslie@example.org"",""phone"":""+1-722-945-5295x932"",""location"":{""city"":""Lake Justin"",""country"":""Martinique"",""remote_preference"":""onsite""},""summary"":""Detail-oriented Java Developer specializing in backend systems and microservices architecture. Skilled in Spring Boot and designing robust enterprise solutions."",""linkedin"":""linkedin.com\/in\/alan49"",""github"":""github.com\/haley19""}",name julie howard email mooneyleslie example.org phone +1 722 945 5295x932 location city lake justin country martinique remote preference onsite summary detail oriented java developer specializing in backend systems and microservices architecture. skilled in spring boot and designing robust enterprise solutions. linkedin linkedin.com in alan49 github github.com haley19,"['java', 'git', 'github']",3
"{""name"":""William Pacheco"",""email"":""michael71@example.com"",""phone"":""(616)799-4381x297"",""location"":{""city"":""South Carolport"",""country"":""South Georgia and the South Sandwich Islands"",""remote_preference"":""onsite""},""summary"":""Detail-oriented Java Developer specializing in backend systems and microservices architecture. Skilled in Spring Boot and designing robust enterprise solutions."",""linkedin"":""linkedin.com\/in\/iedwards"",""github"":""github.com\/thorntonstephen""}",name william pacheco email michael71 example.com phone 616 799 4381x297 location city south carolport country south georgia and the south sandwich islands remote preference onsite summary detail oriented java developer specializing in backend systems and microservices architecture. skilled in spring boot and designing robust enterprise solutions. linkedin linkedin.com in iedwards github github.com thorntonstephen,"['java', 'git', 'github']",3
"{""name"":""Rebecca Gomez"",""email"":""scruz@example.com"",""phone"":""(668)423-5074x1031"",""location"":{""city"":""New Jessica"",""country"":""Guyana"",""remote_preference"":""remote""},""summary"":""Detail-oriented Java Developer specializing in backend systems and microservices architecture. Skilled in Spring Boot and designing robust enterprise solutions."",""linkedin"":""linkedin.com\/in\/seanroberts"",""github"":""github.com\/mleon""}",name rebecca gomez email scruz example.com phone 668 423 5074x1031 location city new jessica country guyana remote preference remote summary detail oriented java developer specializing in backend systems and microservices architecture. skilled in spring boot and designing robust enterprise solutions. linkedin linkedin.com in seanroberts github github.com mleon,"['java', 'git', 'github']",3
"{""name"":""Joshua Castaneda"",""email"":""trichardson@example.org"",""phone"":""968.786.6438"",""location"":{""city"":""Jenniferbury"",""country"":""American Samoa"",""remote_preference"":""onsite""},""summary"":""Detail-oriented Java Developer specializing in backend systems and microservices architecture. Skilled in Spring Boot and designing robust enterprise solutions."",""linkedin"":""linkedin.com\/in\/zbyrd"",""github"":""github.com\/antoniomartin""}",name joshua castaneda email trichardson example.org phone 968.786.6438 location city jenniferbury country american samoa remote preference onsite summary detail oriented java developer specializing in backend systems and microservices architecture. skilled in spring boot and designing robust enterprise solutions. linkedin linkedin.com in zbyrd github github.com antoniomartin,"['java', 'git', 'github']",3
"{""name"":""Pamela Anderson"",""email"":""stephaniegarcia@example.org"",""phone"":""001-920-732-1385"",""location"":{""city"":""Kimberlychester"",""country"":""Palestinian Territory"",""remote_preference"":""hybrid""},""summary"":""Detail-oriented Java Developer specializing in backend systems and microservices architecture. Skilled in Spring Boot and designing robust enterprise solutions."",""linkedin"":""linkedin.com\/in\/brianelliott"",""github"":""github.com\/sandra72""}",name pamela anderson email stephaniegarcia example.org phone 001 920 732 1385 location city kimberlychester country palestinian territory remote preference hybrid summary detail oriented java developer specializing in backend systems and microservices architecture. skilled in spring boot and designing robust enterprise solutions. linkedin linkedin.com in brianelliott github github.com sandra72,"['java', 'git', 'github']",3
"{""name"":""Jennifer Smith"",""email"":""chadmoore@example.org"",""phone"":""(345)511-8766x936"",""location"":{""city"":""Norrisborough"",""country"":""Belgium"",""remote_preference"":""hybrid""},""summary"":""Detail-oriented Java Developer specializing in backend systems and microservices architecture. Skilled in Spring Boot and designing robust enterprise solutions."",""linkedin"":""linkedin.com\/in\/victor37"",""github"":""github.com\/mbaker""}",name jennifer smith email chadmoore example.org phone 345 511 8766x936 location city norrisborough country belgium remote preference hybrid summary detail oriented java developer specializing in backend systems and microservices architecture. skilled in spring boot and designing robust enterprise solutions. linkedin linkedin.com in victor37 github github.com mbaker,"['java', 'git', 'github']",3
"{""name"":""David Thomas"",""email"":""richard14@example.org"",""phone"":""513.620.8051x7628"",""location"":{""city"":""Lake Jeanette"",""country"":""Bosnia and Herzegovina"",""remote_preference"":""onsite""},""summary"":""Detail-oriented Java Developer specializing in backend systems and microservices architecture. Skilled in Spring Boot and designing robust enterprise solutions."",""linkedin"":""linkedin.com\/in\/xle"",""github"":""github.com\/robert83""}",name david thomas email richard14 example.org phone 513.620.8051x7628 location city lake jeanette country bosnia and herzegovina remote preference onsite summary detail oriented java developer specializing in backend systems and microservices architecture. skilled in spring boot and designing robust enterprise solutions. linkedin linkedin.com in xle github github.com robert83,"['java', 'git', 'github']",3
"{""name"":""John Bartlett"",""email"":""garciagabriel@example.com"",""phone"":""+1-771-519-0813x5125"",""location"":{""city"":""Port Tyler"",""country"":""Mozambique"",""remote_preference"":""remote""},""summary"":""Detail-oriented Java Developer specializing in backend systems and microservices architecture. Skilled in Spring Boot and designing robust enterprise solutions."",""linkedin"":""linkedin.com\/in\/phardin"",""github"":""github.com\/jacquelinewashington""}",name john bartlett email garciagabriel example.com phone +1 771 519 0813x5125 location city port tyler country mozambique remote preference remote summary detail oriented java developer specializing in backend systems and microservices architecture. skilled in spring boot and designing robust enterprise solutions. linkedin linkedin.com in phardin github github.com jacquelinewashington,"['java', 'git', 'github']",3
"{""name"":""Austin Norman Jr."",""email"":""chelsea91@example.org"",""phone"":""770.848.4852x56082"",""location"":{""city"":""Lake Robertland"",""country"":""Libyan Arab Jamahiriya"",""remote_preference"":""hybrid""},""summary"":""Detail-oriented Java Developer specializing in backend systems and microservices architecture. Skilled in Spring Boot and designing robust enterprise solutions."",""linkedin"":""linkedin.com\/in\/jacquelinebarber"",""github"":""github.com\/kmarshall""}",name austin norman jr. email chelsea91 example.org phone 770.848.4852x56082 location city lake robertland country libyan arab jamahiriya remote preference hybrid summary detail oriented java developer specializing in backend systems and microservices architecture. skilled in spring boot and designing robust enterprise solutions. linkedin linkedin.com in jacquelinebarber github github.com kmarshall,"['java', 'git', 'github']",3
"{""name"":""Jamie Brewer"",""email"":""adam52@example.net"",""phone"":""001-952-218-1117x4123"",""location"":{""city"":""Millsport"",""country"":""Jersey"",""remote_preference"":""hybrid""},""summary"":""Detail-oriented Java Developer specializing in backend systems and microservices architecture. Skilled in Spring Boot and designing robust enterprise solutions."",""linkedin"":""linkedin.com\/in\/craigcraig"",""github"":""github.com\/jessica63""}",name jamie brewer email adam52 example.net phone 001 952 218 1117x4123 location city millsport country jersey remote preference hybrid summary detail oriented java developer specializing in backend systems and microservices architecture. skilled in spring boot and designing robust enterprise solutions. linkedin linkedin.com in craigcraig github github.com jessica63,"['java', 'git', 'github']",3
"{""name"":""Brendan Reed"",""email"":""anthony68@example.net"",""phone"":""+1-992-948-5200x11042"",""location"":{""city"":""Port Michaelborough"",""country"":""Montenegro"",""remote_preference"":""onsite""},""summary"":""Detail-oriented Java Developer specializing in backend systems and microservices architecture. Skilled in Spring Boot and designing robust enterprise solutions."",""linkedin"":""linkedin.com\/in\/catherine80"",""github"":""github.com\/joshuatucker""}",name brendan reed email anthony68 example.net phone +1 992 948 5200x11042 location city port michaelborough country montenegro remote preference onsite summary detail oriented java developer specializing in backend systems and microservices architecture. skilled in spring boot and designing robust enterprise solutions. linkedin linkedin.com in catherine80 github github.com joshuatucker,"['java', 'git', 'github']",3
"{""name"":""Stuart Hunter"",""email"":""john18@example.org"",""phone"":""001-621-764-5896x80127"",""location"":{""city"":""Thomasmouth"",""country"":""Kyrgyz Republic"",""remote_preference"":""onsite""},""summary"":""Detail-oriented Java Developer specializing in backend systems and microservices architecture. Skilled in Spring Boot and designing robust enterprise solutions."",""linkedin"":""linkedin.com\/in\/knappangela"",""github"":""github.com\/jramirez""}",name stuart hunter email john18 example.org phone 001 621 764 5896x80127 location city thomasmouth country kyrgyz republic remote preference onsite summary detail oriented java developer specializing in backend systems and microservices architecture. skilled in spring boot and designing robust enterprise solutions. linkedin linkedin.com in knappangela github github.com jramirez,"['java', 'git', 'github']",3
"{""name"":""Richard Becker"",""email"":""donnabush@example.com"",""phone"":""+1-856-307-9078"",""location"":{""city"":""Lake Nathaniel"",""country"":""Rwanda"",""remote_preference"":""remote""},""summary"":""Detail-oriented Java Developer specializing in backend systems and microservices architecture. Skilled in Spring Boot and designing robust enterprise solutions."",""linkedin"":""linkedin.com\/in\/elizabethhaney"",""github"":""github.com\/travis74""}",name richard becker email donnabush example.com phone +1 856 307 9078 location city lake nathaniel country rwanda remote preference remote summary detail oriented java developer specializing in backend systems and microservices architecture. skilled in spring boot and designing robust enterprise solutions. linkedin linkedin.com in elizabethhaney github github.com travis74,"['java', 'git', 'github']",3
"{""name"":""David Nelson"",""email"":""gilmorevincent@example.net"",""phone"":""(582)462-5915x76793"",""location"":{""city"":""Adamston"",""country"":""Rwanda"",""remote_preference"":""onsite""},""summary"":""Detail-oriented Java Developer specializing in backend systems and microservices architecture. Skilled in Spring Boot and designing robust enterprise solutions."",""linkedin"":""linkedin.com\/in\/sharon00"",""github"":""github.com\/grant22""}",name david nelson email gilmorevincent example.net phone 582 462 5915x76793 location city adamston country rwanda remote preference onsite summary detail oriented java developer specializing in backend systems and microservices architecture. skilled in spring boot and designing robust enterprise solutions. linkedin linkedin.com in sharon00 github github.com grant22,"['java', 'git', 'github']",3
"{""name"":""Zachary Mitchell"",""email"":""zfranklin@example.net"",""phone"":""+1-887-650-7395x768"",""location"":{""city"":""South Whitneyfort"",""country"":""Hungary"",""remote_preference"":""remote""},""summary"":""Detail-oriented Java Developer specializing in backend systems and microservices architecture. Skilled in Spring Boot and designing robust enterprise solutions."",""linkedin"":""linkedin.com\/in\/timothy10"",""github"":""github.com\/spencer04""}",name zachary mitchell email zfranklin example.net phone +1 887 650 7395x768 location city south whitneyfort country hungary remote preference remote summary detail oriented java developer specializing in backend systems and microservices architecture. skilled in spring boot and designing robust enterprise solutions. linkedin linkedin.com in timothy10 github github.com spencer04,"['java', 'git', 'github']",3
"{""name"":""Michael Cardenas"",""email"":""johnpittman@example.com"",""phone"":""609.949.3249x40170"",""location"":{""city"":""East Heather"",""country"":""San Marino"",""remote_preference"":""hybrid""},""summary"":""Detail-oriented Java Developer specializing in backend systems and microservices architecture. Skilled in Spring Boot and designing robust enterprise solutions."",""linkedin"":""linkedin.com\/in\/natalie59"",""github"":""github.com\/bergerpriscilla""}",name michael cardenas email johnpittman example.com phone 609.949.3249x40170 location city east heather country san marino remote preference hybrid summary detail oriented java developer specializing in backend systems and microservices architecture. skilled in spring boot and designing robust enterprise solutions. linkedin linkedin.com in natalie59 github github.com bergerpriscilla,"['java', 'git', 'github']",3
"{""name"":""Dylan Hansen"",""email"":""hamptontricia@example.org"",""phone"":""463-320-9425"",""location"":{""city"":""South Paula"",""country"":""Cyprus"",""remote_preference"":""onsite""},""summary"":""Detail-oriented Java Developer specializing in backend systems and microservices architecture. Skilled in Spring Boot and designing robust enterprise solutions."",""linkedin"":""linkedin.com\/in\/jenna42"",""github"":""github.com\/rthompson""}",name dylan hansen email hamptontricia example.org phone 463 320 9425 location city south paula country cyprus remote preference onsite summary detail oriented java developer specializing in backend systems and microservices architecture. skilled in spring boot and designing robust enterprise solutions. linkedin linkedin.com in jenna42 github github.com rthompson,"['java', 'git', 'github']",3
"{""name"":""Kimberly Davidson"",""email"":""tinatate@example.net"",""phone"":""(417)843-1959"",""location"":{""city"":""Barnesstad"",""country"":""Rwanda"",""remote_preference"":""onsite""},""summary"":""Detail-oriented Java Developer specializing in backend systems and microservices architecture. Skilled in Spring Boot and designing robust enterprise solutions."",""linkedin"":""linkedin.com\/in\/rbrown"",""github"":""github.com\/yjones""}",name kimberly davidson email tinatate example.net phone 417 843 1959 location city barnesstad country rwanda remote preference onsite summary detail oriented java developer specializing in backend systems and microservices architecture. skilled in spring boot and designing robust enterprise solutions. linkedin linkedin.com in rbrown github github.com yjones,"['java', 'git', 'github']",3
"{""name"":""Jose Wallace"",""email"":""hbailey@example.com"",""phone"":""962.979.9630x1321"",""location"":{""city"":""East Michaelfort"",""country"":""Turkey"",""remote_preference"":""onsite""},""summary"":""Detail-oriented Java Developer specializing in backend systems and microservices architecture. Skilled in Spring Boot and designing robust enterprise solutions."",""linkedin"":""linkedin.com\/in\/ibishop"",""github"":""github.com\/larmstrong""}",name jose wallace email hbailey example.com phone 962.979.9630x1321 location city east michaelfort country turkey remote preference onsite summary detail oriented java developer specializing in backend systems and microservices architecture. skilled in spring boot and designing robust enterprise solutions. linkedin linkedin.com in ibishop github github.com larmstrong,"['java', 'git', 'github']",3
"{""name"":""Jacob Baldwin"",""email"":""bennettmark@example.net"",""phone"":""549-814-6806x959"",""location"":{""city"":""Smithstad"",""country"":""Tonga"",""remote_preference"":""hybrid""},""summary"":""Detail-oriented Java Developer specializing in backend systems and microservices architecture. Skilled in Spring Boot and designing robust enterprise solutions."",""linkedin"":""linkedin.com\/in\/asheppard"",""github"":""github.com\/sean00""}",name jacob baldwin email bennettmark example.net phone 549 814 6806x959 location city smithstad country tonga remote preference hybrid summary detail oriented java developer specializing in backend systems and microservices architecture. skilled in spring boot and designing robust enterprise solutions. linkedin linkedin.com in asheppard github github.com sean00,"['java', 'git', 'github']",3
"{""name"":""Steve Lewis"",""email"":""sgonzales@example.org"",""phone"":""8308738102"",""location"":{""city"":""Juliahaven"",""country"":""Saint Vincent and the Grenadines"",""remote_preference"":""onsite""},""summary"":""Detail-oriented Java Developer specializing in backend systems and microservices architecture. Skilled in Spring Boot and designing robust enterprise solutions."",""linkedin"":""linkedin.com\/in\/tchavez"",""github"":""github.com\/christopher18""}",name steve lewis email sgonzales example.org phone 8308738102 location city juliahaven country saint vincent and the grenadines remote preference onsite summary detail oriented java developer specializing in backend systems and microservices architecture. skilled in spring boot and designing robust enterprise solutions. linkedin linkedin.com in tchavez github github.com christopher18,"['java', 'git', 'github']",3
"{""name"":""Peter Owen"",""email"":""vwade@example.org"",""phone"":""(773)451-1451x31325"",""location"":{""city"":""Port Christopher"",""country"":""Spain"",""remote_preference"":""hybrid""},""summary"":""Detail-oriented Java Developer specializing in backend systems and microservices architecture. Skilled in Spring Boot and designing robust enterprise solutions."",""linkedin"":""linkedin.com\/in\/jasminenelson"",""github"":""github.com\/lipaul""}",name peter owen email vwade example.org phone 773 451 1451x31325 location city port christopher country spain remote preference hybrid summary detail oriented java developer specializing in backend systems and microservices architecture. skilled in spring boot and designing robust enterprise solutions. linkedin linkedin.com in jasminenelson github github.com lipaul,"['java', 'git', 'github']",3
"{""name"":""Daniel Parsons"",""email"":""ayerswhitney@example.com"",""phone"":""001-716-606-7589x4831"",""location"":{""city"":""Harmontown"",""country"":""Isle of Man"",""remote_preference"":""hybrid""},""summary"":""Detail-oriented Java Developer specializing in backend systems and microservices architecture. Skilled in Spring Boot and designing robust enterprise solutions."",""linkedin"":""linkedin.com\/in\/susanwu"",""github"":""github.com\/mmcgrath""}",name daniel parsons email ayerswhitney example.com phone 001 716 606 7589x4831 location city harmontown country isle of man remote preference hybrid summary detail oriented java developer specializing in backend systems and microservices architecture. skilled in spring boot and designing robust enterprise solutions. linkedin linkedin.com in susanwu github github.com mmcgrath,"['java', 'git', 'github']",3
"{""name"":""Kelli King"",""email"":""danwheeler@example.org"",""phone"":""001-491-355-5394x7529"",""location"":{""city"":""West Emily"",""country"":""Macao"",""remote_preference"":""onsite""},""summary"":""Detail-oriented Java Developer specializing in backend systems and microservices architecture. Skilled in Spring Boot and designing robust enterprise solutions."",""linkedin"":""linkedin.com\/in\/stevensherman"",""github"":""github.com\/edwardsjamie""}",name kelli king email danwheeler example.org phone 001 491 355 5394x7529 location city west emily country macao remote preference onsite summary detail oriented java developer specializing in backend systems and microservices architecture. skilled in spring boot and designing robust enterprise solutions. linkedin linkedin.com in stevensherman github github.com edwardsjamie,"['java', 'git', 'github']",3
"{""name"":""Danielle Taylor"",""email"":""johnsonderrick@example.net"",""phone"":""646.308.6562"",""location"":{""city"":""East Carlosville"",""country"":""Canada"",""remote_preference"":""remote""},""summary"":""Detail-oriented Java Developer specializing in backend systems and microservices architecture. Skilled in Spring Boot and designing robust enterprise solutions."",""linkedin"":""linkedin.com\/in\/janet80"",""github"":""github.com\/brian82""}",name danielle taylor email johnsonderrick example.net phone 646.308.6562 location city east carlosville country canada remote preference remote summary detail oriented java developer specializing in backend systems and microservices architecture. skilled in spring boot and designing robust enterprise solutions. linkedin linkedin.com in janet80 github github.com brian82,"['java', 'git', 'github']",3
"{""name"":""Julia Doyle"",""email"":""jasonweeks@example.com"",""phone"":""001-876-623-0230x681"",""location"":{""city"":""West Wesley"",""country"":""Pitcairn Islands"",""remote_preference"":""hybrid""},""summary"":""Detail-oriented Java Developer specializing in backend systems and microservices architecture. Skilled in Spring Boot and designing robust enterprise solutions."",""linkedin"":""linkedin.com\/in\/jenniferrichardson"",""github"":""github.com\/kmarshall""}",name julia doyle email jasonweeks example.com phone 001 876 623 0230x681 location city west wesley country pitcairn islands remote preference hybrid summary detail oriented java developer specializing in backend systems and microservices architecture. skilled in spring boot and designing robust enterprise solutions. linkedin linkedin.com in jenniferrichardson github github.com kmarshall,"['java', 'git', 'github']",3
"{""name"":""Bethany Mccarthy"",""email"":""frankgarcia@example.net"",""phone"":""412-299-8775x58714"",""location"":{""city"":""South Nicoleburgh"",""country"":""Bermuda"",""remote_preference"":""hybrid""},""summary"":""Detail-oriented Java Developer specializing in backend systems and microservices architecture. Skilled in Spring Boot and designing robust enterprise solutions."",""linkedin"":""linkedin.com\/in\/rjohnson"",""github"":""github.com\/matthewdecker""}",name bethany mccarthy email frankgarcia example.net phone 412 299 8775x58714 location city south nicoleburgh country bermuda remote preference hybrid summary detail oriented java developer specializing in backend systems and microservices architecture. skilled in spring boot and designing robust enterprise solutions. linkedin linkedin.com in rjohnson github github.com matthewdecker,"['java', 'git', 'github']",3
"{""name"":""Travis Miller"",""email"":""davisryan@example.com"",""phone"":""923-548-6093x944"",""location"":{""city"":""Garrettmouth"",""country"":""Tanzania"",""remote_preference"":""hybrid""},""summary"":""Detail-oriented Java Developer specializing in backend systems and microservices architecture. Skilled in Spring Boot and designing robust enterprise solutions."",""linkedin"":""linkedin.com\/in\/rebeccagay"",""github"":""github.com\/donna14""}",name travis miller email davisryan example.com phone 923 548 6093x944 location city garrettmouth country tanzania remote preference hybrid summary detail oriented java developer specializing in backend systems and microservices architecture. skilled in spring boot and designing robust enterprise solutions. linkedin linkedin.com in rebeccagay github github.com donna14,"['java', 'git', 'github']",3
"{""name"":""Brian Edwards"",""email"":""anita39@example.com"",""phone"":""+1-405-326-2195"",""location"":{""city"":""Melanieton"",""country"":""Moldova"",""remote_preference"":""onsite""},""summary"":""Detail-oriented Java Developer specializing in backend systems and microservices architecture. Skilled in Spring Boot and designing robust enterprise solutions."",""linkedin"":""linkedin.com\/in\/sydneycole"",""github"":""github.com\/fhunter""}",name brian edwards email anita39 example.com phone +1 405 326 2195 location city melanieton country moldova remote preference onsite summary detail oriented java developer specializing in backend systems and microservices architecture. skilled in spring boot and designing robust enterprise solutions. linkedin linkedin.com in sydneycole github github.com fhunter,"['java', 'git', 'github']",3
"{""name"":""Jonathan Martin"",""email"":""jacqueline41@example.com"",""phone"":""(956)449-4839x8065"",""location"":{""city"":""Dominiqueland"",""country"":""Dominican Republic"",""remote_preference"":""hybrid""},""summary"":""Detail-oriented Java Developer specializing in backend systems and microservices architecture. Skilled in Spring Boot and designing robust enterprise solutions."",""linkedin"":""linkedin.com\/in\/bridgetnash"",""github"":""github.com\/mary76""}",name jonathan martin email jacqueline41 example.com phone 956 449 4839x8065 location city dominiqueland country dominican republic remote preference hybrid summary detail oriented java developer specializing in backend systems and microservices architecture. skilled in spring boot and designing robust enterprise solutions. linkedin linkedin.com in bridgetnash github github.com mary76,"['java', 'git', 'github']",3
"{""name"":""Christina Davila"",""email"":""daniel65@example.com"",""phone"":""+1-451-976-5290x10438"",""location"":{""city"":""East Sharon"",""country"":""Netherlands Antilles"",""remote_preference"":""onsite""},""summary"":""Detail-oriented Java Developer specializing in backend systems and microservices architecture. Skilled in Spring Boot and designing robust enterprise solutions."",""linkedin"":""linkedin.com\/in\/kinglaura"",""github"":""github.com\/kstewart""}",name christina davila email daniel65 example.com phone +1 451 976 5290x10438 location city east sharon country netherlands antilles remote preference onsite summary detail oriented java developer specializing in backend systems and microservices architecture. skilled in spring boot and designing robust enterprise solutions. linkedin linkedin.com in kinglaura github github.com kstewart,"['java', 'git', 'github']",3
"{""name"":""Derrick Santiago"",""email"":""harriseric@example.org"",""phone"":""209.809.0920"",""location"":{""city"":""North Williamside"",""country"":""Lebanon"",""remote_preference"":""onsite""},""summary"":""Detail-oriented Java Developer specializing in backend systems and microservices architecture. Skilled in Spring Boot and designing robust enterprise solutions."",""linkedin"":""linkedin.com\/in\/david26"",""github"":""github.com\/yduke""}",name derrick santiago email harriseric example.org phone 209.809.0920 location city north williamside country lebanon remote preference onsite summary detail oriented java developer specializing in backend systems and microservices architecture. skilled in spring boot and designing robust enterprise solutions. linkedin linkedin.com in david26 github github.com yduke,"['java', 'git', 'github']",3
"{""name"":""Kathy Cox"",""email"":""hillmichael@example.org"",""phone"":""8892767831"",""location"":{""city"":""Port Anthony"",""country"":""Bahamas"",""remote_preference"":""onsite""},""summary"":""Detail-oriented Java Developer specializing in backend systems and microservices architecture. Skilled in Spring Boot and designing robust enterprise solutions."",""linkedin"":""linkedin.com\/in\/michealgonzalez"",""github"":""github.com\/scott56""}",name kathy cox email hillmichael example.org phone 8892767831 location city port anthony country bahamas remote preference onsite summary detail oriented java developer specializing in backend systems and microservices architecture. skilled in spring boot and designing robust enterprise solutions. linkedin linkedin.com in michealgonzalez github github.com scott56,"['java', 'git', 'github']",3
"{""name"":""Deborah Avery"",""email"":""kayla83@example.com"",""phone"":""2494328877"",""location"":{""city"":""North Susan"",""country"":""United States Virgin Islands"",""remote_preference"":""hybrid""},""summary"":""Detail-oriented Java Developer specializing in backend systems and microservices architecture. Skilled in Spring Boot and designing robust enterprise solutions."",""linkedin"":""linkedin.com\/in\/williamskimberly"",""github"":""github.com\/luiswest""}",name deborah avery email kayla83 example.com phone 2494328877 location city north susan country united states virgin islands remote preference hybrid summary detail oriented java developer specializing in backend systems and microservices architecture. skilled in spring boot and designing robust enterprise solutions. linkedin linkedin.com in williamskimberly github github.com luiswest,"['java', 'git', 'github']",3
"{""name"":""Bianca Romero"",""email"":""paulmichael@example.com"",""phone"":""872.662.5658x586"",""location"":{""city"":""Gordonborough"",""country"":""Lebanon"",""remote_preference"":""remote""},""summary"":""Detail-oriented Java Developer specializing in backend systems and microservices architecture. Skilled in Spring Boot and designing robust enterprise solutions."",""linkedin"":""linkedin.com\/in\/sheenaconrad"",""github"":""github.com\/john81""}",name bianca romero email paulmichael example.com phone 872.662.5658x586 location city gordonborough country lebanon remote preference remote summary detail oriented java developer specializing in backend systems and microservices architecture. skilled in spring boot and designing robust enterprise solutions. linkedin linkedin.com in sheenaconrad github github.com john81,"['java', 'git', 'github']",3
"{""name"":""Rachel Arnold"",""email"":""christopherhaas@example.net"",""phone"":""(670)819-7450"",""location"":{""city"":""Tammyfort"",""country"":""Cuba"",""remote_preference"":""onsite""},""summary"":""Detail-oriented Java Developer specializing in backend systems and microservices architecture. Skilled in Spring Boot and designing robust enterprise solutions."",""linkedin"":""linkedin.com\/in\/towens"",""github"":""github.com\/kelly83""}",name rachel arnold email christopherhaas example.net phone 670 819 7450 location city tammyfort country cuba remote preference onsite summary detail oriented java developer specializing in backend systems and microservices architecture. skilled in spring boot and designing robust enterprise solutions. linkedin linkedin.com in towens github github.com kelly83,"['java', 'git', 'github']",3
"{""name"":""Linda Peters"",""email"":""jennifer78@example.org"",""phone"":""(646)821-9825"",""location"":{""city"":""Hillport"",""country"":""Ukraine"",""remote_preference"":""onsite""},""summary"":""Detail-oriented Java Developer specializing in backend systems and microservices architecture. Skilled in Spring Boot and designing robust enterprise solutions."",""linkedin"":""linkedin.com\/in\/harveywesley"",""github"":""github.com\/joshua98""}",name linda peters email jennifer78 example.org phone 646 821 9825 location city hillport country ukraine remote preference onsite summary detail oriented java developer specializing in backend systems and microservices architecture. skilled in spring boot and designing robust enterprise solutions. linkedin linkedin.com in harveywesley github github.com joshua98,"['java', 'git', 'github']",3
"{""name"":""Kelly Brown"",""email"":""vgarcia@example.net"",""phone"":""+1-863-475-5924x1448"",""location"":{""city"":""Whitechester"",""country"":""Mauritania"",""remote_preference"":""onsite""},""summary"":""Detail-oriented Java Developer specializing in backend systems and microservices architecture. Skilled in Spring Boot and designing robust enterprise solutions."",""linkedin"":""linkedin.com\/in\/cheryl46"",""github"":""github.com\/carolgonzales""}",name kelly brown email vgarcia example.net phone +1 863 475 5924x1448 location city whitechester country mauritania remote preference onsite summary detail oriented java developer specializing in backend systems and microservices architecture. skilled in spring boot and designing robust enterprise solutions. linkedin linkedin.com in cheryl46 github github.com carolgonzales,"['java', 'git', 'github']",3
"{""name"":""Miss Zoe Ramirez"",""email"":""matthew08@example.com"",""phone"":""560.778.7976x70462"",""location"":{""city"":""Lake Tylerside"",""country"":""Estonia"",""remote_preference"":""onsite""},""summary"":""Detail-oriented Java Developer specializing in backend systems and microservices architecture. Skilled in Spring Boot and designing robust enterprise solutions."",""linkedin"":""linkedin.com\/in\/jonestimothy"",""github"":""github.com\/cynthia71""}",name miss zoe ramirez email matthew08 example.com phone 560.778.7976x70462 location city lake tylerside country estonia remote preference onsite summary detail oriented java developer specializing in backend systems and microservices architecture. skilled in spring boot and designing robust enterprise solutions. linkedin linkedin.com in jonestimothy github github.com cynthia71,"['java', 'git', 'github']",3
"{""name"":""Douglas Harris"",""email"":""sydney48@example.net"",""phone"":""956.513.1271x643"",""location"":{""city"":""Port Jessicaview"",""country"":""Indonesia"",""remote_preference"":""remote""},""summary"":""Detail-oriented Java Developer specializing in backend systems and microservices architecture. Skilled in Spring Boot and designing robust enterprise solutions."",""linkedin"":""linkedin.com\/in\/nicole16"",""github"":""github.com\/brendan38""}",name douglas harris email sydney48 example.net phone 956.513.1271x643 location city port jessicaview country indonesia remote preference remote summary detail oriented java developer specializing in backend systems and microservices architecture. skilled in spring boot and designing robust enterprise solutions. linkedin linkedin.com in nicole16 github github.com brendan38,"['java', 'git', 'github']",3
"{""name"":""Scott Diaz"",""email"":""abaker@example.net"",""phone"":""+1-593-383-4028"",""location"":{""city"":""Evanhaven"",""country"":""Russian Federation"",""remote_preference"":""hybrid""},""summary"":""Detail-oriented Java Developer specializing in backend systems and microservices architecture. Skilled in Spring Boot and designing robust enterprise solutions."",""linkedin"":""linkedin.com\/in\/fwerner"",""github"":""github.com\/jjohnson""}",name scott diaz email abaker example.net phone +1 593 383 4028 location city evanhaven country russian federation remote preference hybrid summary detail oriented java developer specializing in backend systems and microservices architecture. skilled in spring boot and designing robust enterprise solutions. linkedin linkedin.com in fwerner github github.com jjohnson,"['java', 'git', 'github']",3
"{""name"":""Douglas Nguyen"",""email"":""sheilaunderwood@example.org"",""phone"":""549.978.9930"",""location"":{""city"":""West Marcia"",""country"":""Puerto Rico"",""remote_preference"":""hybrid""},""summary"":""Detail-oriented Java Developer specializing in backend systems and microservices architecture. Skilled in Spring Boot and designing robust enterprise solutions."",""linkedin"":""linkedin.com\/in\/miguelruiz"",""github"":""github.com\/johnathan12""}",name douglas nguyen email sheilaunderwood example.org phone 549.978.9930 location city west marcia country puerto rico remote preference hybrid summary detail oriented java developer specializing in backend systems and microservices architecture. skilled in spring boot and designing robust enterprise solutions. linkedin linkedin.com in miguelruiz github github.com johnathan12,"['java', 'git', 'github']",3
"{""name"":""Charlene Clark"",""email"":""sanderson@example.com"",""phone"":""(522)655-6744x0652"",""location"":{""city"":""Garyhaven"",""country"":""Malawi"",""remote_preference"":""onsite""},""summary"":""Detail-oriented Java Developer specializing in backend systems and microservices architecture. Skilled in Spring Boot and designing robust enterprise solutions."",""linkedin"":""linkedin.com\/in\/cartertina"",""github"":""github.com\/gwoodward""}",name charlene clark email sanderson example.com phone 522 655 6744x0652 location city garyhaven country malawi remote preference onsite summary detail oriented java developer specializing in backend systems and microservices architecture. skilled in spring boot and designing robust enterprise solutions. linkedin linkedin.com in cartertina github github.com gwoodward,"['java', 'git', 'github']",3
"{""name"":""Mark Johnston"",""email"":""scotthamilton@example.net"",""phone"":""800-940-1788"",""location"":{""city"":""Thomasport"",""country"":""Papua New Guinea"",""remote_preference"":""hybrid""},""summary"":""Detail-oriented Java Developer specializing in backend systems and microservices architecture. Skilled in Spring Boot and designing robust enterprise solutions."",""linkedin"":""linkedin.com\/in\/ericksonronald"",""github"":""github.com\/leroybyrd""}",name mark johnston email scotthamilton example.net phone 800 940 1788 location city thomasport country papua new guinea remote preference hybrid summary detail oriented java developer specializing in backend systems and microservices architecture. skilled in spring boot and designing robust enterprise solutions. linkedin linkedin.com in ericksonronald github github.com leroybyrd,"['java', 'git', 'github']",3
"{""name"":""Daniel Gregory"",""email"":""timothy12@example.com"",""phone"":""751.844.8584x53325"",""location"":{""city"":""Hunterstad"",""country"":""Morocco"",""remote_preference"":""remote""},""summary"":""Detail-oriented Java Developer specializing in backend systems and microservices architecture. Skilled in Spring Boot and designing robust enterprise solutions."",""linkedin"":""linkedin.com\/in\/danielscasey"",""github"":""github.com\/csmith""}",name daniel gregory email timothy12 example.com phone 751.844.8584x53325 location city hunterstad country morocco remote preference remote summary detail oriented java developer specializing in backend systems and microservices architecture. skilled in spring boot and designing robust enterprise solutions. linkedin linkedin.com in danielscasey github github.com csmith,"['java', 'git', 'github']",3
"{""name"":""Warren Hayes"",""email"":""gregoryhicks@example.net"",""phone"":""001-975-310-8949x92638"",""location"":{""city"":""Jenniferburgh"",""country"":""Luxembourg"",""remote_preference"":""remote""},""summary"":""Detail-oriented Java Developer specializing in backend systems and microservices architecture. Skilled in Spring Boot and designing robust enterprise solutions."",""linkedin"":""linkedin.com\/in\/cjackson"",""github"":""github.com\/asalazar""}",name warren hayes email gregoryhicks example.net phone 001 975 310 8949x92638 location city jenniferburgh country luxembourg remote preference remote summary detail oriented java developer specializing in backend systems and microservices architecture. skilled in spring boot and designing robust enterprise solutions. linkedin linkedin.com in cjackson github github.com asalazar,"['java', 'git', 'github']",3
"{""name"":""Ryan Marks"",""email"":""pchapman@example.org"",""phone"":""001-897-346-1883x568"",""location"":{""city"":""South Brooke"",""country"":""Tuvalu"",""remote_preference"":""hybrid""},""summary"":""Detail-oriented Java Developer specializing in backend systems and microservices architecture. Skilled in Spring Boot and designing robust enterprise solutions."",""linkedin"":""linkedin.com\/in\/walkerkenneth"",""github"":""github.com\/robertfrancis""}",name ryan marks email pchapman example.org phone 001 897 346 1883x568 location city south brooke country tuvalu remote preference hybrid summary detail oriented java developer specializing in backend systems and microservices architecture. skilled in spring boot and designing robust enterprise solutions. linkedin linkedin.com in walkerkenneth github github.com robertfrancis,"['java', 'git', 'github']",3
"{""name"":""Diane Peterson"",""email"":""sarah85@example.net"",""phone"":""8137796159"",""location"":{""city"":""Blackbury"",""country"":""Marshall Islands"",""remote_preference"":""hybrid""},""summary"":""Detail-oriented Java Developer specializing in backend systems and microservices architecture. Skilled in Spring Boot and designing robust enterprise solutions."",""linkedin"":""linkedin.com\/in\/vickiemccoy"",""github"":""github.com\/cartermelissa""}",name diane peterson email sarah85 example.net phone 8137796159 location city blackbury country marshall islands remote preference hybrid summary detail oriented java developer specializing in backend systems and microservices architecture. skilled in spring boot and designing robust enterprise solutions. linkedin linkedin.com in vickiemccoy github github.com cartermelissa,"['java', 'git', 'github']",3
"{""name"":""Matthew Murphy"",""email"":""stephen28@example.org"",""phone"":""428.822.9379x12513"",""location"":{""city"":""Timothyview"",""country"":""Kuwait"",""remote_preference"":""remote""},""summary"":""Detail-oriented Java Developer specializing in backend systems and microservices architecture. Skilled in Spring Boot and designing robust enterprise solutions."",""linkedin"":""linkedin.com\/in\/ccarlson"",""github"":""github.com\/jeffrey02""}",name matthew murphy email stephen28 example.org phone 428.822.9379x12513 location city timothyview country kuwait remote preference remote summary detail oriented java developer specializing in backend systems and microservices architecture. skilled in spring boot and designing robust enterprise solutions. linkedin linkedin.com in ccarlson github github.com jeffrey02,"['java', 'git', 'github']",3
"{""name"":""Cheryl Smith"",""email"":""amber37@example.org"",""phone"":""360-432-4384x68731"",""location"":{""city"":""Danielborough"",""country"":""Vietnam"",""remote_preference"":""remote""},""summary"":""Detail-oriented Java Developer specializing in backend systems and microservices architecture. Skilled in Spring Boot and designing robust enterprise solutions."",""linkedin"":""linkedin.com\/in\/christianlowe"",""github"":""github.com\/ytorres""}",name cheryl smith email amber37 example.org phone 360 432 4384x68731 location city danielborough country vietnam remote preference remote summary detail oriented java developer specializing in backend systems and microservices architecture. skilled in spring boot and designing robust enterprise solutions. linkedin linkedin.com in christianlowe github github.com ytorres,"['java', 'git', 'github']",3
"{""name"":""Wayne Mcgee"",""email"":""hopkinscynthia@example.com"",""phone"":""+1-808-938-4238x97923"",""location"":{""city"":""Teresahaven"",""country"":""Slovakia (Slovak Republic)"",""remote_preference"":""onsite""},""summary"":""Detail-oriented Java Developer specializing in backend systems and microservices architecture. Skilled in Spring Boot and designing robust enterprise solutions."",""linkedin"":""linkedin.com\/in\/youngnicholas"",""github"":""github.com\/psherman""}",name wayne mcgee email hopkinscynthia example.com phone +1 808 938 4238x97923 location city teresahaven country slovakia slovak republic remote preference onsite summary detail oriented java developer specializing in backend systems and microservices architecture. skilled in spring boot and designing robust enterprise solutions. linkedin linkedin.com in youngnicholas github github.com psherman,"['java', 'git', 'github']",3
"{""name"":""Lori Perez"",""email"":""ctucker@example.com"",""phone"":""471.531.1659x7575"",""location"":{""city"":""Warnerland"",""country"":""Fiji"",""remote_preference"":""remote""},""summary"":""Detail-oriented Java Developer specializing in backend systems and microservices architecture. Skilled in Spring Boot and designing robust enterprise solutions."",""linkedin"":""linkedin.com\/in\/carterwalter"",""github"":""github.com\/ljohnson""}",name lori perez email ctucker example.com phone 471.531.1659x7575 location city warnerland country fiji remote preference remote summary detail oriented java developer specializing in backend systems and microservices architecture. skilled in spring boot and designing robust enterprise solutions. linkedin linkedin.com in carterwalter github github.com ljohnson,"['java', 'git', 'github']",3
"{""name"":""Troy Walker"",""email"":""davissamantha@example.org"",""phone"":""780-943-9730"",""location"":{""city"":""Kingbury"",""country"":""Niue"",""remote_preference"":""onsite""},""summary"":""Detail-oriented Java Developer specializing in backend systems and microservices architecture. Skilled in Spring Boot and designing robust enterprise solutions."",""linkedin"":""linkedin.com\/in\/lindseyhardin"",""github"":""github.com\/berrykimberly""}",name troy walker email davissamantha example.org phone 780 943 9730 location city kingbury country niue remote preference onsite summary detail oriented java developer specializing in backend systems and microservices architecture. skilled in spring boot and designing robust enterprise solutions. linkedin linkedin.com in lindseyhardin github github.com berrykimberly,"['java', 'git', 'github']",3
"{""name"":""Jessica Jenkins"",""email"":""sara35@example.com"",""phone"":""+1-944-425-3836x953"",""location"":{""city"":""Lake Bruce"",""country"":""Palestinian Territory"",""remote_preference"":""remote""},""summary"":""Detail-oriented Java Developer specializing in backend systems and microservices architecture. Skilled in Spring Boot and designing robust enterprise solutions."",""linkedin"":""linkedin.com\/in\/curryjackie"",""github"":""github.com\/bcook""}",name jessica jenkins email sara35 example.com phone +1 944 425 3836x953 location city lake bruce country palestinian territory remote preference remote summary detail oriented java developer specializing in backend systems and microservices architecture. skilled in spring boot and designing robust enterprise solutions. linkedin linkedin.com in curryjackie github github.com bcook,"['java', 'git', 'github']",3
"{""name"":""Kathy Spears"",""email"":""janet26@example.com"",""phone"":""938-649-3636"",""location"":{""city"":""Lisaside"",""country"":""Ukraine"",""remote_preference"":""remote""},""summary"":""Detail-oriented Java Developer specializing in backend systems and microservices architecture. Skilled in Spring Boot and designing robust enterprise solutions."",""linkedin"":""linkedin.com\/in\/cookjohn"",""github"":""github.com\/christophersilva""}",name kathy spears email janet26 example.com phone 938 649 3636 location city lisaside country ukraine remote preference remote summary detail oriented java developer specializing in backend systems and microservices architecture. skilled in spring boot and designing robust enterprise solutions. linkedin linkedin.com in cookjohn github github.com christophersilva,"['java', 'git', 'github']",3
"{""name"":""Luis Brown"",""email"":""joel33@example.org"",""phone"":""(876)654-3430"",""location"":{""city"":""Lake Tyler"",""country"":""Morocco"",""remote_preference"":""remote""},""summary"":""Detail-oriented Java Developer specializing in backend systems and microservices architecture. Skilled in Spring Boot and designing robust enterprise solutions."",""linkedin"":""linkedin.com\/in\/olsonjames"",""github"":""github.com\/omyers""}",name luis brown email joel33 example.org phone 876 654 3430 location city lake tyler country morocco remote preference remote summary detail oriented java developer specializing in backend systems and microservices architecture. skilled in spring boot and designing robust enterprise solutions. linkedin linkedin.com in olsonjames github github.com omyers,"['java', 'git', 'github']",3
"{""name"":""Tyler Thomas"",""email"":""marias@example.net"",""phone"":""(502)642-8569x0419"",""location"":{""city"":""Brightmouth"",""country"":""Austria"",""remote_preference"":""remote""},""summary"":""Detail-oriented Java Developer specializing in backend systems and microservices architecture. Skilled in Spring Boot and designing robust enterprise solutions."",""linkedin"":""linkedin.com\/in\/shannoncole"",""github"":""github.com\/oanderson""}",name tyler thomas email marias example.net phone 502 642 8569x0419 location city brightmouth country austria remote preference remote summary detail oriented java developer specializing in backend systems and microservices architecture. skilled in spring boot and designing robust enterprise solutions. linkedin linkedin.com in shannoncole github github.com oanderson,"['java', 'git', 'github']",3
"{""name"":""Stephen Rodriguez"",""email"":""monica77@example.com"",""phone"":""(481)330-6048x37466"",""location"":{""city"":""Lake Austinshire"",""country"":""Martinique"",""remote_preference"":""remote""},""summary"":""Detail-oriented Java Developer specializing in backend systems and microservices architecture. Skilled in Spring Boot and designing robust enterprise solutions."",""linkedin"":""linkedin.com\/in\/jhoover"",""github"":""github.com\/kathryn40""}",name stephen rodriguez email monica77 example.com phone 481 330 6048x37466 location city lake austinshire country martinique remote preference remote summary detail oriented java developer specializing in backend systems and microservices architecture. skilled in spring boot and designing robust enterprise solutions. linkedin linkedin.com in jhoover github github.com kathryn40,"['java', 'git', 'github']",3
"{""name"":""Jennifer Dougherty"",""email"":""nmiller@example.net"",""phone"":""001-756-457-4677x6018"",""location"":{""city"":""Stephenport"",""country"":""Seychelles"",""remote_preference"":""remote""},""summary"":""Detail-oriented Java Developer specializing in backend systems and microservices architecture. Skilled in Spring Boot and designing robust enterprise solutions."",""linkedin"":""linkedin.com\/in\/davisjessica"",""github"":""github.com\/james89""}",name jennifer dougherty email nmiller example.net phone 001 756 457 4677x6018 location city stephenport country seychelles remote preference remote summary detail oriented java developer specializing in backend systems and microservices architecture. skilled in spring boot and designing robust enterprise solutions. linkedin linkedin.com in davisjessica github github.com james89,"['java', 'git', 'github']",3
"{""name"":""Kathryn Gibbs"",""email"":""jasonperkins@example.org"",""phone"":""+1-598-375-8749"",""location"":{""city"":""Gregoryville"",""country"":""Palau"",""remote_preference"":""remote""},""summary"":""Detail-oriented Java Developer specializing in backend systems and microservices architecture. Skilled in Spring Boot and designing robust enterprise solutions."",""linkedin"":""linkedin.com\/in\/apollard"",""github"":""github.com\/rsmith""}",name kathryn gibbs email jasonperkins example.org phone +1 598 375 8749 location city gregoryville country palau remote preference remote summary detail oriented java developer specializing in backend systems and microservices architecture. skilled in spring boot and designing robust enterprise solutions. linkedin linkedin.com in apollard github github.com rsmith,"['java', 'git', 'github']",3
"{""name"":""Connor Matthews"",""email"":""diazchristopher@example.org"",""phone"":""715-513-3733x55721"",""location"":{""city"":""Zacharyshire"",""country"":""Belarus"",""remote_preference"":""hybrid""},""summary"":""Detail-oriented Java Developer specializing in backend systems and microservices architecture. Skilled in Spring Boot and designing robust enterprise solutions."",""linkedin"":""linkedin.com\/in\/hughesgerald"",""github"":""github.com\/jacqueline77""}",name connor matthews email diazchristopher example.org phone 715 513 3733x55721 location city zacharyshire country belarus remote preference hybrid summary detail oriented java developer specializing in backend systems and microservices architecture. skilled in spring boot and designing robust enterprise solutions. linkedin linkedin.com in hughesgerald github github.com jacqueline77,"['java', 'git', 'github']",3
"{""name"":""Kyle Hoffman"",""email"":""zjohnson@example.com"",""phone"":""2836254017"",""location"":{""city"":""Thompsonborough"",""country"":""France"",""remote_preference"":""remote""},""summary"":""Detail-oriented Java Developer specializing in backend systems and microservices architecture. Skilled in Spring Boot and designing robust enterprise solutions."",""linkedin"":""linkedin.com\/in\/wdavis"",""github"":""github.com\/sarahshaffer""}",name kyle hoffman email zjohnson example.com phone 2836254017 location city thompsonborough country france remote preference remote summary detail oriented java developer specializing in backend systems and microservices architecture. skilled in spring boot and designing robust enterprise solutions. linkedin linkedin.com in wdavis github github.com sarahshaffer,"['java', 'git', 'github']",3
"{""name"":""Patrick Wheeler"",""email"":""oliviacampbell@example.org"",""phone"":""640.277.7317"",""location"":{""city"":""Matthewbury"",""country"":""Madagascar"",""remote_preference"":""hybrid""},""summary"":""Detail-oriented Java Developer specializing in backend systems and microservices architecture. Skilled in Spring Boot and designing robust enterprise solutions."",""linkedin"":""linkedin.com\/in\/jillmoran"",""github"":""github.com\/rowericky""}",name patrick wheeler email oliviacampbell example.org phone 640.277.7317 location city matthewbury country madagascar remote preference hybrid summary detail oriented java developer specializing in backend systems and microservices architecture. skilled in spring boot and designing robust enterprise solutions. linkedin linkedin.com in jillmoran github github.com rowericky,"['java', 'git', 'github']",3
"{""name"":""Theresa Rios"",""email"":""lisa04@example.net"",""phone"":""+1-815-886-9952x982"",""location"":{""city"":""North Melanieshire"",""country"":""Cote d'Ivoire"",""remote_preference"":""remote""},""summary"":""Detail-oriented Java Developer specializing in backend systems and microservices architecture. Skilled in Spring Boot and designing robust enterprise solutions."",""linkedin"":""linkedin.com\/in\/michaelstevenson"",""github"":""github.com\/deckersamantha""}",name theresa rios email lisa04 example.net phone +1 815 886 9952x982 location city north melanieshire country cote d ivoire remote preference remote summary detail oriented java developer specializing in backend systems and microservices architecture. skilled in spring boot and designing robust enterprise solutions. linkedin linkedin.com in michaelstevenson github github.com deckersamantha,"['java', 'git', 'github']",3
"{""name"":""Alexis Hanson"",""email"":""doris99@example.org"",""phone"":""+1-765-772-5767x08547"",""location"":{""city"":""Port Tylerport"",""country"":""Bulgaria"",""remote_preference"":""remote""},""summary"":""Detail-oriented Java Developer specializing in backend systems and microservices architecture. Skilled in Spring Boot and designing robust enterprise solutions."",""linkedin"":""linkedin.com\/in\/bsmith"",""github"":""github.com\/laurie64""}",name alexis hanson email doris99 example.org phone +1 765 772 5767x08547 location city port tylerport country bulgaria remote preference remote summary detail oriented java developer specializing in backend systems and microservices architecture. skilled in spring boot and designing robust enterprise solutions. linkedin linkedin.com in bsmith github github.com laurie64,"['java', 'git', 'github']",3
"{""name"":""Nathan Smith"",""email"":""twillis@example.com"",""phone"":""633.633.0179"",""location"":{""city"":""Teresamouth"",""country"":""Ecuador"",""remote_preference"":""hybrid""},""summary"":""Detail-oriented Java Developer specializing in backend systems and microservices architecture. Skilled in Spring Boot and designing robust enterprise solutions."",""linkedin"":""linkedin.com\/in\/mariahaustin"",""github"":""github.com\/bentondustin""}",name nathan smith email twillis example.com phone 633.633.0179 location city teresamouth country ecuador remote preference hybrid summary detail oriented java developer specializing in backend systems and microservices architecture. skilled in spring boot and designing robust enterprise solutions. linkedin linkedin.com in mariahaustin github github.com bentondustin,"['java', 'git', 'github']",3
"{""name"":""Janet Fox"",""email"":""frederick16@example.org"",""phone"":""001-757-311-4281x059"",""location"":{""city"":""Kevinstad"",""country"":""South Africa"",""remote_preference"":""hybrid""},""summary"":""Detail-oriented Java Developer specializing in backend systems and microservices architecture. Skilled in Spring Boot and designing robust enterprise solutions."",""linkedin"":""linkedin.com\/in\/michaelrogers"",""github"":""github.com\/joseph19""}",name janet fox email frederick16 example.org phone 001 757 311 4281x059 location city kevinstad country south africa remote preference hybrid summary detail oriented java developer specializing in backend systems and microservices architecture. skilled in spring boot and designing robust enterprise solutions. linkedin linkedin.com in michaelrogers github github.com joseph19,"['java', 'git', 'github']",3
"{""name"":""Matthew Greene"",""email"":""crosbymichael@example.com"",""phone"":""(825)693-5465"",""location"":{""city"":""South Thomas"",""country"":""Martinique"",""remote_preference"":""hybrid""},""summary"":""Detail-oriented Java Developer specializing in backend systems and microservices architecture. Skilled in Spring Boot and designing robust enterprise solutions."",""linkedin"":""linkedin.com\/in\/brownjeremy"",""github"":""github.com\/julielee""}",name matthew greene email crosbymichael example.com phone 825 693 5465 location city south thomas country martinique remote preference hybrid summary detail oriented java developer specializing in backend systems and microservices architecture. skilled in spring boot and designing robust enterprise solutions. linkedin linkedin.com in brownjeremy github github.com julielee,"['java', 'git', 'github']",3
"{""name"":""Amber Holt"",""email"":""heathervazquez@example.com"",""phone"":""+1-227-470-1246x8508"",""location"":{""city"":""Lake Charlesbury"",""country"":""Brunei Darussalam"",""remote_preference"":""onsite""},""summary"":""Detail-oriented Java Developer specializing in backend systems and microservices architecture. Skilled in Spring Boot and designing robust enterprise solutions."",""linkedin"":""linkedin.com\/in\/websterpamela"",""github"":""github.com\/mitchellcordova""}",name amber holt email heathervazquez example.com phone +1 227 470 1246x8508 location city lake charlesbury country brunei darussalam remote preference onsite summary detail oriented java developer specializing in backend systems and microservices architecture. skilled in spring boot and designing robust enterprise solutions. linkedin linkedin.com in websterpamela github github.com mitchellcordova,"['java', 'git', 'github']",3
"{""name"":""Barbara Roman"",""email"":""kristi14@example.com"",""phone"":""+1-981-629-2666"",""location"":{""city"":""Port Thomasview"",""country"":""Falkland Islands (Malvinas)"",""remote_preference"":""onsite""},""summary"":""Detail-oriented Java Developer specializing in backend systems and microservices architecture. Skilled in Spring Boot and designing robust enterprise solutions."",""linkedin"":""linkedin.com\/in\/robertlong"",""github"":""github.com\/meganharrison""}",name barbara roman email kristi14 example.com phone +1 981 629 2666 location city port thomasview country falkland islands malvinas remote preference onsite summary detail oriented java developer specializing in backend systems and microservices architecture. skilled in spring boot and designing robust enterprise solutions. linkedin linkedin.com in robertlong github github.com meganharrison,"['java', 'git', 'github']",3
"{""name"":""Robert Moreno"",""email"":""parkerjohn@example.com"",""phone"":""001-458-908-1359x25036"",""location"":{""city"":""Port Stephanie"",""country"":""Kiribati"",""remote_preference"":""hybrid""},""summary"":""Detail-oriented Java Developer specializing in backend systems and microservices architecture. Skilled in Spring Boot and designing robust enterprise solutions."",""linkedin"":""linkedin.com\/in\/nicholsonjudith"",""github"":""github.com\/snowstephen""}",name robert moreno email parkerjohn example.com phone 001 458 908 1359x25036 location city port stephanie country kiribati remote preference hybrid summary detail oriented java developer specializing in backend systems and microservices architecture. skilled in spring boot and designing robust enterprise solutions. linkedin linkedin.com in nicholsonjudith github github.com snowstephen,"['java', 'git', 'github']",3
"{""name"":""Kimberly Smith"",""email"":""kim75@example.net"",""phone"":""001-889-863-6012x541"",""location"":{""city"":""Lake Christopherburgh"",""country"":""France"",""remote_preference"":""onsite""},""summary"":""Detail-oriented Java Developer specializing in backend systems and microservices architecture. Skilled in Spring Boot and designing robust enterprise solutions."",""linkedin"":""linkedin.com\/in\/schroederjohnny"",""github"":""github.com\/vcisneros""}",name kimberly smith email kim75 example.net phone 001 889 863 6012x541 location city lake christopherburgh country france remote preference onsite summary detail oriented java developer specializing in backend systems and microservices architecture. skilled in spring boot and designing robust enterprise solutions. linkedin linkedin.com in schroederjohnny github github.com vcisneros,"['java', 'git', 'github']",3
"{""name"":""Shelby Garrison"",""email"":""garnerjohn@example.org"",""phone"":""(568)736-5298x177"",""location"":{""city"":""Kochport"",""country"":""Saint Barthelemy"",""remote_preference"":""hybrid""},""summary"":""Detail-oriented Java Developer specializing in backend systems and microservices architecture. Skilled in Spring Boot and designing robust enterprise solutions."",""linkedin"":""linkedin.com\/in\/markprince"",""github"":""github.com\/dennis79""}",name shelby garrison email garnerjohn example.org phone 568 736 5298x177 location city kochport country saint barthelemy remote preference hybrid summary detail oriented java developer specializing in backend systems and microservices architecture. skilled in spring boot and designing robust enterprise solutions. linkedin linkedin.com in markprince github github.com dennis79,"['java', 'git', 'github']",3
"{""name"":""Susan Hayes"",""email"":""tsmith@example.net"",""phone"":""642.867.9912"",""location"":{""city"":""New Jameston"",""country"":""Tuvalu"",""remote_preference"":""onsite""},""summary"":""Detail-oriented Java Developer specializing in backend systems and microservices architecture. Skilled in Spring Boot and designing robust enterprise solutions."",""linkedin"":""linkedin.com\/in\/terrence57"",""github"":""github.com\/brandon67""}",name susan hayes email tsmith example.net phone 642.867.9912 location city new jameston country tuvalu remote preference onsite summary detail oriented java developer specializing in backend systems and microservices architecture. skilled in spring boot and designing robust enterprise solutions. linkedin linkedin.com in terrence57 github github.com brandon67,"['java', 'git', 'github']",3
"{""name"":""Christopher Ramos"",""email"":""elizabeth14@example.org"",""phone"":""(589)209-0567x3882"",""location"":{""city"":""Joshuaside"",""country"":""Central African Republic"",""remote_preference"":""onsite""},""summary"":""Detail-oriented Java Developer specializing in backend systems and microservices architecture. Skilled in Spring Boot and designing robust enterprise solutions."",""linkedin"":""linkedin.com\/in\/anthonywarren"",""github"":""github.com\/erikglass""}",name christopher ramos email elizabeth14 example.org phone 589 209 0567x3882 location city joshuaside country central african republic remote preference onsite summary detail oriented java developer specializing in backend systems and microservices architecture. skilled in spring boot and designing robust enterprise solutions. linkedin linkedin.com in anthonywarren github github.com erikglass,"['java', 'git', 'github']",3
"{""name"":""Sonya Mccarty"",""email"":""owhite@example.net"",""phone"":""(864)292-0003x2902"",""location"":{""city"":""Charlesland"",""country"":""Uzbekistan"",""remote_preference"":""hybrid""},""summary"":""Detail-oriented Java Developer specializing in backend systems and microservices architecture. Skilled in Spring Boot and designing robust enterprise solutions."",""linkedin"":""linkedin.com\/in\/erinsmith"",""github"":""github.com\/transergio""}",name sonya mccarty email owhite example.net phone 864 292 0003x2902 location city charlesland country uzbekistan remote preference hybrid summary detail oriented java developer specializing in backend systems and microservices architecture. skilled in spring boot and designing robust enterprise solutions. linkedin linkedin.com in erinsmith github github.com transergio,"['java', 'git', 'github']",3
"{""name"":""Karen Brown"",""email"":""gjones@example.org"",""phone"":""+1-523-835-0849x4028"",""location"":{""city"":""Port Jefferyborough"",""country"":""Isle of Man"",""remote_preference"":""hybrid""},""summary"":""Detail-oriented Java Developer specializing in backend systems and microservices architecture. Skilled in Spring Boot and designing robust enterprise solutions."",""linkedin"":""linkedin.com\/in\/dperry"",""github"":""github.com\/thernandez""}",name karen brown email gjones example.org phone +1 523 835 0849x4028 location city port jefferyborough country isle of man remote preference hybrid summary detail oriented java developer specializing in backend systems and microservices architecture. skilled in spring boot and designing robust enterprise solutions. linkedin linkedin.com in dperry github github.com thernandez,"['java', 'git', 'github']",3
"{""name"":""Tiffany Stevens"",""email"":""kimjames@example.org"",""phone"":""001-968-746-6520x83206"",""location"":{""city"":""East Amy"",""country"":""Togo"",""remote_preference"":""onsite""},""summary"":""Detail-oriented Java Developer specializing in backend systems and microservices architecture. Skilled in Spring Boot and designing robust enterprise solutions."",""linkedin"":""linkedin.com\/in\/robertholloway"",""github"":""github.com\/vallen""}",name tiffany stevens email kimjames example.org phone 001 968 746 6520x83206 location city east amy country togo remote preference onsite summary detail oriented java developer specializing in backend systems and microservices architecture. skilled in spring boot and designing robust enterprise solutions. linkedin linkedin.com in robertholloway github github.com vallen,"['java', 'git', 'github']",3
"{""name"":""William Berry"",""email"":""justinevans@example.org"",""phone"":""484.451.5987x9758"",""location"":{""city"":""South Staceytown"",""country"":""Tonga"",""remote_preference"":""remote""},""summary"":""Detail-oriented Java Developer specializing in backend systems and microservices architecture. Skilled in Spring Boot and designing robust enterprise solutions."",""linkedin"":""linkedin.com\/in\/coxcaroline"",""github"":""github.com\/caseyhuang""}",name william berry email justinevans example.org phone 484.451.5987x9758 location city south staceytown country tonga remote preference remote summary detail oriented java developer specializing in backend systems and microservices architecture. skilled in spring boot and designing robust enterprise solutions. linkedin linkedin.com in coxcaroline github github.com caseyhuang,"['java', 'git', 'github']",3
"{""name"":""Luis Merritt"",""email"":""knappryan@example.com"",""phone"":""998-453-0240x725"",""location"":{""city"":""Masonhaven"",""country"":""Lithuania"",""remote_preference"":""hybrid""},""summary"":""Detail-oriented Java Developer specializing in backend systems and microservices architecture. Skilled in Spring Boot and designing robust enterprise solutions."",""linkedin"":""linkedin.com\/in\/shawnmay"",""github"":""github.com\/chamberscourtney""}",name luis merritt email knappryan example.com phone 998 453 0240x725 location city masonhaven country lithuania remote preference hybrid summary detail oriented java developer specializing in backend systems and microservices architecture. skilled in spring boot and designing robust enterprise solutions. linkedin linkedin.com in shawnmay github github.com chamberscourtney,"['java', 'git', 'github']",3
"{""name"":""Zachary Shannon"",""email"":""michellesmith@example.net"",""phone"":""7365282281"",""location"":{""city"":""Thompsontown"",""country"":""Costa Rica"",""remote_preference"":""remote""},""summary"":""Detail-oriented Java Developer specializing in backend systems and microservices architecture. Skilled in Spring Boot and designing robust enterprise solutions."",""linkedin"":""linkedin.com\/in\/adam99"",""github"":""github.com\/steven26""}",name zachary shannon email michellesmith example.net phone 7365282281 location city thompsontown country costa rica remote preference remote summary detail oriented java developer specializing in backend systems and microservices architecture. skilled in spring boot and designing robust enterprise solutions. linkedin linkedin.com in adam99 github github.com steven26,"['java', 'git', 'github']",3
"{""name"":""Jaime Rivas"",""email"":""fhamilton@example.net"",""phone"":""3709651775"",""location"":{""city"":""Nicolasberg"",""country"":""Zambia"",""remote_preference"":""remote""},""summary"":""Detail-oriented Java Developer specializing in backend systems and microservices architecture. Skilled in Spring Boot and designing robust enterprise solutions."",""linkedin"":""linkedin.com\/in\/zmorris"",""github"":""github.com\/millerlindsay""}",name jaime rivas email fhamilton example.net phone 3709651775 location city nicolasberg country zambia remote preference remote summary detail oriented java developer specializing in backend systems and microservices architecture. skilled in spring boot and designing robust enterprise solutions. linkedin linkedin.com in zmorris github github.com millerlindsay,"['java', 'git', 'github']",3
"{""name"":""Michael Simpson"",""email"":""jessicasparks@example.com"",""phone"":""(554)973-2271x123"",""location"":{""city"":""Ramirezbury"",""country"":""Bulgaria"",""remote_preference"":""hybrid""},""summary"":""Detail-oriented Java Developer specializing in backend systems and microservices architecture. Skilled in Spring Boot and designing robust enterprise solutions."",""linkedin"":""linkedin.com\/in\/pdodson"",""github"":""github.com\/jflores""}",name michael simpson email jessicasparks example.com phone 554 973 2271x123 location city ramirezbury country bulgaria remote preference hybrid summary detail oriented java developer specializing in backend systems and microservices architecture. skilled in spring boot and designing robust enterprise solutions. linkedin linkedin.com in pdodson github github.com jflores,"['java', 'git', 'github']",3
"{""name"":""Jonathan Bradley"",""email"":""xmoses@example.net"",""phone"":""(474)673-9657x124"",""location"":{""city"":""Nicholsland"",""country"":""French Guiana"",""remote_preference"":""remote""},""summary"":""Detail-oriented Java Developer specializing in backend systems and microservices architecture. Skilled in Spring Boot and designing robust enterprise solutions."",""linkedin"":""linkedin.com\/in\/ihudson"",""github"":""github.com\/bestyesenia""}",name jonathan bradley email xmoses example.net phone 474 673 9657x124 location city nicholsland country french guiana remote preference remote summary detail oriented java developer specializing in backend systems and microservices architecture. skilled in spring boot and designing robust enterprise solutions. linkedin linkedin.com in ihudson github github.com bestyesenia,"['java', 'git', 'github']",3
"{""name"":""Alexander Mcmahon"",""email"":""jasonmartin@example.com"",""phone"":""797.592.1781x487"",""location"":{""city"":""Garyhaven"",""country"":""Bangladesh"",""remote_preference"":""onsite""},""summary"":""Detail-oriented Java Developer specializing in backend systems and microservices architecture. Skilled in Spring Boot and designing robust enterprise solutions."",""linkedin"":""linkedin.com\/in\/thomasmichelle"",""github"":""github.com\/khannicholas""}",name alexander mcmahon email jasonmartin example.com phone 797.592.1781x487 location city garyhaven country bangladesh remote preference onsite summary detail oriented java developer specializing in backend systems and microservices architecture. skilled in spring boot and designing robust enterprise solutions. linkedin linkedin.com in thomasmichelle github github.com khannicholas,"['java', 'git', 'github']",3
"{""name"":""Danielle Brown"",""email"":""carlsonmatthew@example.net"",""phone"":""(505)499-6967x3178"",""location"":{""city"":""Tiffanyton"",""country"":""Liechtenstein"",""remote_preference"":""onsite""},""summary"":""Detail-oriented Java Developer specializing in backend systems and microservices architecture. Skilled in Spring Boot and designing robust enterprise solutions."",""linkedin"":""linkedin.com\/in\/davisbriana"",""github"":""github.com\/mleonard""}",name danielle brown email carlsonmatthew example.net phone 505 499 6967x3178 location city tiffanyton country liechtenstein remote preference onsite summary detail oriented java developer specializing in backend systems and microservices architecture. skilled in spring boot and designing robust enterprise solutions. linkedin linkedin.com in davisbriana github github.com mleonard,"['java', 'git', 'github']",3
"{""name"":""Jordan Lawrence"",""email"":""michaelbailey@example.org"",""phone"":""001-346-382-0128x976"",""location"":{""city"":""Kathyton"",""country"":""Guadeloupe"",""remote_preference"":""hybrid""},""summary"":""Detail-oriented Java Developer specializing in backend systems and microservices architecture. Skilled in Spring Boot and designing robust enterprise solutions."",""linkedin"":""linkedin.com\/in\/johnsonmary"",""github"":""github.com\/heidihopkins""}",name jordan lawrence email michaelbailey example.org phone 001 346 382 0128x976 location city kathyton country guadeloupe remote preference hybrid summary detail oriented java developer specializing in backend systems and microservices architecture. skilled in spring boot and designing robust enterprise solutions. linkedin linkedin.com in johnsonmary github github.com heidihopkins,"['java', 'git', 'github']",3
"{""name"":""Jonathan Smith"",""email"":""yharper@example.net"",""phone"":""3702416530"",""location"":{""city"":""Port Michealborough"",""country"":""Mauritania"",""remote_preference"":""remote""},""summary"":""Detail-oriented Java Developer specializing in backend systems and microservices architecture. Skilled in Spring Boot and designing robust enterprise solutions."",""linkedin"":""linkedin.com\/in\/hernandezjason"",""github"":""github.com\/greenmelissa""}",name jonathan smith email yharper example.net phone 3702416530 location city port michealborough country mauritania remote preference remote summary detail oriented java developer specializing in backend systems and microservices architecture. skilled in spring boot and designing robust enterprise solutions. linkedin linkedin.com in hernandezjason github github.com greenmelissa,"['java', 'git', 'github']",3
"{""name"":""Drew Harper"",""email"":""scottgary@example.net"",""phone"":""+1-466-561-9040x797"",""location"":{""city"":""East Justinfort"",""country"":""Senegal"",""remote_preference"":""remote""},""summary"":""Detail-oriented Java Developer specializing in backend systems and microservices architecture. Skilled in Spring Boot and designing robust enterprise solutions."",""linkedin"":""linkedin.com\/in\/npatterson"",""github"":""github.com\/cabreradennis""}",name drew harper email scottgary example.net phone +1 466 561 9040x797 location city east justinfort country senegal remote preference remote summary detail oriented java developer specializing in backend systems and microservices architecture. skilled in spring boot and designing robust enterprise solutions. linkedin linkedin.com in npatterson github github.com cabreradennis,"['java', 'git', 'github']",3
"{""name"":""Troy Davis"",""email"":""tranangela@example.com"",""phone"":""872-834-5056x9032"",""location"":{""city"":""Nicholasfurt"",""country"":""Bhutan"",""remote_preference"":""hybrid""},""summary"":""Innovative JavaScript Developer with extensive experience in front-end frameworks and building interactive user interfaces using React and Angular."",""linkedin"":""linkedin.com\/in\/thomassmith"",""github"":""github.com\/wlogan""}",name troy davis email tranangela example.com phone 872 834 5056x9032 location city nicholasfurt country bhutan remote preference hybrid summary innovative javascript developer with extensive experience in front end frameworks and building interactive user interfaces using react and angular. linkedin linkedin.com in thomassmith github github.com wlogan,"['java', 'javascript', 'react', 'git', 'github']",5
"{""name"":""Michele Lyons"",""email"":""alvarezamber@example.com"",""phone"":""844.376.9146x6181"",""location"":{""city"":""Hamptonshire"",""country"":""Sierra Leone"",""remote_preference"":""remote""},""summary"":""Innovative JavaScript Developer with extensive experience in front-end frameworks and building interactive user interfaces using React and Angular."",""linkedin"":""linkedin.com\/in\/brian29"",""github"":""github.com\/sara13""}",name michele lyons email alvarezamber example.com phone 844.376.9146x6181 location city hamptonshire country sierra leone remote preference remote summary innovative javascript developer with extensive experience in front end frameworks and building interactive user interfaces using react and angular. linkedin linkedin.com in brian29 github github.com sara13,"['java', 'javascript', 'react', 'git', 'github']",5
"{""name"":""Joshua Jordan"",""email"":""petersrobert@example.org"",""phone"":""+1-705-841-9820x1942"",""location"":{""city"":""Butlerside"",""country"":""Nigeria"",""remote_preference"":""hybrid""},""summary"":""Innovative JavaScript Developer with extensive experience in front-end frameworks and building interactive user interfaces using React and Angular."",""linkedin"":""linkedin.com\/in\/breyes"",""github"":""github.com\/taylor38""}",name joshua jordan email petersrobert example.org phone +1 705 841 9820x1942 location city butlerside country nigeria remote preference hybrid summary innovative javascript developer with extensive experience in front end frameworks and building interactive user interfaces using react and angular. linkedin linkedin.com in breyes github github.com taylor38,"['java', 'javascript', 'react', 'git', 'github']",5
"{""name"":""Robert Barajas"",""email"":""nicholas74@example.com"",""phone"":""(373)593-5120x22713"",""location"":{""city"":""Patelstad"",""country"":""Vietnam"",""remote_preference"":""remote""},""summary"":""Innovative JavaScript Developer with extensive experience in front-end frameworks and building interactive user interfaces using React and Angular."",""linkedin"":""linkedin.com\/in\/granthernandez"",""github"":""github.com\/gsanchez""}",name robert barajas email nicholas74 example.com phone 373 593 5120x22713 location city patelstad country vietnam remote preference remote summary innovative javascript developer with extensive experience in front end frameworks and building interactive user interfaces using react and angular. linkedin linkedin.com in granthernandez github github.com gsanchez,"['java', 'javascript', 'react', 'git', 'github']",5
"{""name"":""William Nicholson"",""email"":""kimberly44@example.com"",""phone"":""(836)256-5038x095"",""location"":{""city"":""Melissamouth"",""country"":""Grenada"",""remote_preference"":""hybrid""},""summary"":""Innovative JavaScript Developer with extensive experience in front-end frameworks and building interactive user interfaces using React and Angular."",""linkedin"":""linkedin.com\/in\/mooremargaret"",""github"":""github.com\/evanhays""}",name william nicholson email kimberly44 example.com phone 836 256 5038x095 location city melissamouth country grenada remote preference hybrid summary innovative javascript developer with extensive experience in front end frameworks and building interactive user interfaces using react and angular. linkedin linkedin.com in mooremargaret github github.com evanhays,"['java', 'javascript', 'react', 'git', 'github']",5
"{""name"":""Leslie Ellis"",""email"":""qjames@example.com"",""phone"":""804-504-3411"",""location"":{""city"":""South Lauren"",""country"":""Tokelau"",""remote_preference"":""onsite""},""summary"":""Innovative JavaScript Developer with extensive experience in front-end frameworks and building interactive user interfaces using React and Angular."",""linkedin"":""linkedin.com\/in\/maddenangela"",""github"":""github.com\/stephaniejones""}",name leslie ellis email qjames example.com phone 804 504 3411 location city south lauren country tokelau remote preference onsite summary innovative javascript developer with extensive experience in front end frameworks and building interactive user interfaces using react and angular. linkedin linkedin.com in maddenangela github github.com stephaniejones,"['java', 'javascript', 'react', 'git', 'github']",5
"{""name"":""Anthony Lara"",""email"":""ileach@example.org"",""phone"":""326.737.1395"",""location"":{""city"":""New Robert"",""country"":""Kazakhstan"",""remote_preference"":""hybrid""},""summary"":""Innovative JavaScript Developer with extensive experience in front-end frameworks and building interactive user interfaces using React and Angular."",""linkedin"":""linkedin.com\/in\/karen12"",""github"":""github.com\/robinsonlindsey""}",name anthony lara email ileach example.org phone 326.737.1395 location city new robert country kazakhstan remote preference hybrid summary innovative javascript developer with extensive experience in front end frameworks and building interactive user interfaces using react and angular. linkedin linkedin.com in karen12 github github.com robinsonlindsey,"['java', 'javascript', 'react', 'git', 'github']",5
"{""name"":""Jason Jones"",""email"":""wsmith@example.net"",""phone"":""456-514-6658"",""location"":{""city"":""West Richard"",""country"":""Faroe Islands"",""remote_preference"":""hybrid""},""summary"":""Innovative JavaScript Developer with extensive experience in front-end frameworks and building interactive user interfaces using React and Angular."",""linkedin"":""linkedin.com\/in\/barbaranovak"",""github"":""github.com\/robert31""}",name jason jones email wsmith example.net phone 456 514 6658 location city west richard country faroe islands remote preference hybrid summary innovative javascript developer with extensive experience in front end frameworks and building interactive user interfaces using react and angular. linkedin linkedin.com in barbaranovak github github.com robert31,"['java', 'javascript', 'react', 'git', 'github']",5
"{""name"":""Jared Andrade"",""email"":""bethanyjenkins@example.org"",""phone"":""443.919.9109"",""location"":{""city"":""Garnerville"",""country"":""Dominica"",""remote_preference"":""hybrid""},""summary"":""Innovative JavaScript Developer with extensive experience in front-end frameworks and building interactive user interfaces using React and Angular."",""linkedin"":""linkedin.com\/in\/juliebaker"",""github"":""github.com\/xdalton""}",name jared andrade email bethanyjenkins example.org phone 443.919.9109 location city garnerville country dominica remote preference hybrid summary innovative javascript developer with extensive experience in front end frameworks and building interactive user interfaces using react and angular. linkedin linkedin.com in juliebaker github github.com xdalton,"['java', 'javascript', 'react', 'git', 'github']",5
"{""name"":""Mr. Alan Cardenas"",""email"":""james73@example.com"",""phone"":""794-424-3314x353"",""location"":{""city"":""Lake Davidchester"",""country"":""Bahamas"",""remote_preference"":""hybrid""},""summary"":""Innovative JavaScript Developer with extensive experience in front-end frameworks and building interactive user interfaces using React and Angular."",""linkedin"":""linkedin.com\/in\/robertmurphy"",""github"":""github.com\/erikaharrison""}",name mr. alan cardenas email james73 example.com phone 794 424 3314x353 location city lake davidchester country bahamas remote preference hybrid summary innovative javascript developer with extensive experience in front end frameworks and building interactive user interfaces using react and angular. linkedin linkedin.com in robertmurphy github github.com erikaharrison,"['java', 'javascript', 'react', 'git', 'github']",5
"{""name"":""Zachary Garrett"",""email"":""isabel22@example.com"",""phone"":""+1-509-242-5291x454"",""location"":{""city"":""North Gerald"",""country"":""Morocco"",""remote_preference"":""onsite""},""summary"":""Innovative JavaScript Developer with extensive experience in front-end frameworks and building interactive user interfaces using React and Angular."",""linkedin"":""linkedin.com\/in\/bradley61"",""github"":""github.com\/marymoore""}",name zachary garrett email isabel22 example.com phone +1 509 242 5291x454 location city north gerald country morocco remote preference onsite summary innovative javascript developer with extensive experience in front end frameworks and building interactive user interfaces using react and angular. linkedin linkedin.com in bradley61 github github.com marymoore,"['java', 'javascript', 'react', 'git', 'github']",5
"{""name"":""Evelyn Rivas"",""email"":""kelly37@example.net"",""phone"":""(695)750-7160x15702"",""location"":{""city"":""Port Tinaburgh"",""country"":""Swaziland"",""remote_preference"":""hybrid""},""summary"":""Innovative JavaScript Developer with extensive experience in front-end frameworks and building interactive user interfaces using React and Angular."",""linkedin"":""linkedin.com\/in\/corymiller"",""github"":""github.com\/nicolesutton""}",name evelyn rivas email kelly37 example.net phone 695 750 7160x15702 location city port tinaburgh country swaziland remote preference hybrid summary innovative javascript developer with extensive experience in front end frameworks and building interactive user interfaces using react and angular. linkedin linkedin.com in corymiller github github.com nicolesutton,"['java', 'javascript', 'react', 'git', 'github']",5
"{""name"":""Angel Duffy"",""email"":""lholmes@example.org"",""phone"":""(725)659-5024x649"",""location"":{""city"":""Soniachester"",""country"":""Christmas Island"",""remote_preference"":""onsite""},""summary"":""Innovative JavaScript Developer with extensive experience in front-end frameworks and building interactive user interfaces using React and Angular."",""linkedin"":""linkedin.com\/in\/jesse55"",""github"":""github.com\/xhamilton""}",name angel duffy email lholmes example.org phone 725 659 5024x649 location city soniachester country christmas island remote preference onsite summary innovative javascript developer with extensive experience in front end frameworks and building interactive user interfaces using react and angular. linkedin linkedin.com in jesse55 github github.com xhamilton,"['java', 'javascript', 'react', 'git', 'github']",5
"{""name"":""Ryan Ford"",""email"":""ugoodwin@example.org"",""phone"":""3746941592"",""location"":{""city"":""Youngmouth"",""country"":""Kuwait"",""remote_preference"":""hybrid""},""summary"":""Innovative JavaScript Developer with extensive experience in front-end frameworks and building interactive user interfaces using React and Angular."",""linkedin"":""linkedin.com\/in\/zgardner"",""github"":""github.com\/amitchell""}",name ryan ford email ugoodwin example.org phone 3746941592 location city youngmouth country kuwait remote preference hybrid summary innovative javascript developer with extensive experience in front end frameworks and building interactive user interfaces using react and angular. linkedin linkedin.com in zgardner github github.com amitchell,"['java', 'javascript', 'react', 'git', 'github']",5
"{""name"":""Benjamin Robinson"",""email"":""mwilkerson@example.net"",""phone"":""+1-493-302-1638"",""location"":{""city"":""New Rachel"",""country"":""South Georgia and the South Sandwich Islands"",""remote_preference"":""onsite""},""summary"":""Innovative JavaScript Developer with extensive experience in front-end frameworks and building interactive user interfaces using React and Angular."",""linkedin"":""linkedin.com\/in\/kathymartin"",""github"":""github.com\/darindavidson""}",name benjamin robinson email mwilkerson example.net phone +1 493 302 1638 location city new rachel country south georgia and the south sandwich islands remote preference onsite summary innovative javascript developer with extensive experience in front end frameworks and building interactive user interfaces using react and angular. linkedin linkedin.com in kathymartin github github.com darindavidson,"['java', 'javascript', 'react', 'git', 'github']",5
"{""name"":""Donald Hardin"",""email"":""hannah17@example.net"",""phone"":""452-996-9391"",""location"":{""city"":""New Joseph"",""country"":""Iran"",""remote_preference"":""remote""},""summary"":""Innovative JavaScript Developer with extensive experience in front-end frameworks and building interactive user interfaces using React and Angular."",""linkedin"":""linkedin.com\/in\/ellisonjessica"",""github"":""github.com\/daniel67""}",name donald hardin email hannah17 example.net phone 452 996 9391 location city new joseph country iran remote preference remote summary innovative javascript developer with extensive experience in front end frameworks and building interactive user interfaces using react and angular. linkedin linkedin.com in ellisonjessica github github.com daniel67,"['java', 'javascript', 'react', 'git', 'github']",5
"{""name"":""Zachary Bradley"",""email"":""josephrodriguez@example.net"",""phone"":""334.305.9320x9236"",""location"":{""city"":""Perkinsburgh"",""country"":""Costa Rica"",""remote_preference"":""hybrid""},""summary"":""Innovative JavaScript Developer with extensive experience in front-end frameworks and building interactive user interfaces using React and Angular."",""linkedin"":""linkedin.com\/in\/nicholsjulie"",""github"":""github.com\/jacqueline55""}",name zachary bradley email josephrodriguez example.net phone 334.305.9320x9236 location city perkinsburgh country costa rica remote preference hybrid summary innovative javascript developer with extensive experience in front end frameworks and building interactive user interfaces using react and angular. linkedin linkedin.com in nicholsjulie github github.com jacqueline55,"['java', 'javascript', 'react', 'git', 'github']",5
"{""name"":""Michael Robinson"",""email"":""ryancraig@example.net"",""phone"":""657-525-0224x72446"",""location"":{""city"":""South Marktown"",""country"":""Cameroon"",""remote_preference"":""onsite""},""summary"":""Innovative JavaScript Developer with extensive experience in front-end frameworks and building interactive user interfaces using React and Angular."",""linkedin"":""linkedin.com\/in\/vdoyle"",""github"":""github.com\/hannah62""}",name michael robinson email ryancraig example.net phone 657 525 0224x72446 location city south marktown country cameroon remote preference onsite summary innovative javascript developer with extensive experience in front end frameworks and building interactive user interfaces using react and angular. linkedin linkedin.com in vdoyle github github.com hannah62,"['java', 'javascript', 'react', 'git', 'github']",5
"{""name"":""Tammy Andrade"",""email"":""ifloyd@example.org"",""phone"":""001-818-811-3862x266"",""location"":{""city"":""East Amber"",""country"":""Netherlands Antilles"",""remote_preference"":""onsite""},""summary"":""Innovative JavaScript Developer with extensive experience in front-end frameworks and building interactive user interfaces using React and Angular."",""linkedin"":""linkedin.com\/in\/geraldcaldwell"",""github"":""github.com\/thernandez""}",name tammy andrade email ifloyd example.org phone 001 818 811 3862x266 location city east amber country netherlands antilles remote preference onsite summary innovative javascript developer with extensive experience in front end frameworks and building interactive user interfaces using react and angular. linkedin linkedin.com in geraldcaldwell github github.com thernandez,"['java', 'javascript', 'react', 'git', 'github']",5
"{""name"":""Mary Thompson"",""email"":""pmorgan@example.org"",""phone"":""001-874-757-3005x19496"",""location"":{""city"":""Lake John"",""country"":""Ireland"",""remote_preference"":""onsite""},""summary"":""Innovative JavaScript Developer with extensive experience in front-end frameworks and building interactive user interfaces using React and Angular."",""linkedin"":""linkedin.com\/in\/amber64"",""github"":""github.com\/erindixon""}",name mary thompson email pmorgan example.org phone 001 874 757 3005x19496 location city lake john country ireland remote preference onsite summary innovative javascript developer with extensive experience in front end frameworks and building interactive user interfaces using react and angular. linkedin linkedin.com in amber64 github github.com erindixon,"['java', 'javascript', 'react', 'git', 'github']",5
"{""name"":""Thomas Barber"",""email"":""nicole90@example.org"",""phone"":""+1-764-412-6715x87474"",""location"":{""city"":""West Heidibury"",""country"":""Slovenia"",""remote_preference"":""hybrid""},""summary"":""Innovative JavaScript Developer with extensive experience in front-end frameworks and building interactive user interfaces using React and Angular."",""linkedin"":""linkedin.com\/in\/joshua45"",""github"":""github.com\/jacksonteresa""}",name thomas barber email nicole90 example.org phone +1 764 412 6715x87474 location city west heidibury country slovenia remote preference hybrid summary innovative javascript developer with extensive experience in front end frameworks and building interactive user interfaces using react and angular. linkedin linkedin.com in joshua45 github github.com jacksonteresa,"['java', 'javascript', 'react', 'git', 'github']",5
"{""name"":""Kathryn Moreno"",""email"":""hayley45@example.com"",""phone"":""+1-284-950-6216"",""location"":{""city"":""Andersonmouth"",""country"":""Nepal"",""remote_preference"":""remote""},""summary"":""Innovative JavaScript Developer with extensive experience in front-end frameworks and building interactive user interfaces using React and Angular."",""linkedin"":""linkedin.com\/in\/edward86"",""github"":""github.com\/hlee""}",name kathryn moreno email hayley45 example.com phone +1 284 950 6216 location city andersonmouth country nepal remote preference remote summary innovative javascript developer with extensive experience in front end frameworks and building interactive user interfaces using react and angular. linkedin linkedin.com in edward86 github github.com hlee,"['java', 'javascript', 'react', 'git', 'github']",5
"{""name"":""Matthew Walton"",""email"":""stephanievillegas@example.org"",""phone"":""295.363.8916x4606"",""location"":{""city"":""Tammyton"",""country"":""Nicaragua"",""remote_preference"":""onsite""},""summary"":""Innovative JavaScript Developer with extensive experience in front-end frameworks and building interactive user interfaces using React and Angular."",""linkedin"":""linkedin.com\/in\/amandaray"",""github"":""github.com\/ybrock""}",name matthew walton email stephanievillegas example.org phone 295.363.8916x4606 location city tammyton country nicaragua remote preference onsite summary innovative javascript developer with extensive experience in front end frameworks and building interactive user interfaces using react and angular. linkedin linkedin.com in amandaray github github.com ybrock,"['java', 'javascript', 'react', 'git', 'github']",5
"{""name"":""Amber Camacho"",""email"":""carrilloandre@example.org"",""phone"":""518.895.3572"",""location"":{""city"":""Jomouth"",""country"":""Slovakia (Slovak Republic)"",""remote_preference"":""onsite""},""summary"":""Innovative JavaScript Developer with extensive experience in front-end frameworks and building interactive user interfaces using React and Angular."",""linkedin"":""linkedin.com\/in\/joshuamoore"",""github"":""github.com\/hortonronald""}",name amber camacho email carrilloandre example.org phone 518.895.3572 location city jomouth country slovakia slovak republic remote preference onsite summary innovative javascript developer with extensive experience in front end frameworks and building interactive user interfaces using react and angular. linkedin linkedin.com in joshuamoore github github.com hortonronald,"['java', 'javascript', 'react', 'git', 'github']",5
"{""name"":""Thomas Chapman"",""email"":""hharris@example.com"",""phone"":""688-866-5694x283"",""location"":{""city"":""New Helenborough"",""country"":""Angola"",""remote_preference"":""onsite""},""summary"":""Innovative JavaScript Developer with extensive experience in front-end frameworks and building interactive user interfaces using React and Angular."",""linkedin"":""linkedin.com\/in\/mstewart"",""github"":""github.com\/joshua64""}",name thomas chapman email hharris example.com phone 688 866 5694x283 location city new helenborough country angola remote preference onsite summary innovative javascript developer with extensive experience in front end frameworks and building interactive user interfaces using react and angular. linkedin linkedin.com in mstewart github github.com joshua64,"['java', 'javascript', 'react', 'git', 'github']",5
"{""name"":""Julia Schwartz"",""email"":""eacevedo@example.com"",""phone"":""369.731.3969x620"",""location"":{""city"":""Matthewview"",""country"":""Mozambique"",""remote_preference"":""hybrid""},""summary"":""Innovative JavaScript Developer with extensive experience in front-end frameworks and building interactive user interfaces using React and Angular."",""linkedin"":""linkedin.com\/in\/qscott"",""github"":""github.com\/sandra15""}",name julia schwartz email eacevedo example.com phone 369.731.3969x620 location city matthewview country mozambique remote preference hybrid summary innovative javascript developer with extensive experience in front end frameworks and building interactive user interfaces using react and angular. linkedin linkedin.com in qscott github github.com sandra15,"['java', 'javascript', 'react', 'git', 'github']",5
"{""name"":""Kent Carlson"",""email"":""terranceblake@example.net"",""phone"":""7619495231"",""location"":{""city"":""West Jasonshire"",""country"":""Somalia"",""remote_preference"":""onsite""},""summary"":""Innovative JavaScript Developer with extensive experience in front-end frameworks and building interactive user interfaces using React and Angular."",""linkedin"":""linkedin.com\/in\/sean93"",""github"":""github.com\/birdpedro""}",name kent carlson email terranceblake example.net phone 7619495231 location city west jasonshire country somalia remote preference onsite summary innovative javascript developer with extensive experience in front end frameworks and building interactive user interfaces using react and angular. linkedin linkedin.com in sean93 github github.com birdpedro,"['java', 'javascript', 'react', 'git', 'github']",5
"{""name"":""Kimberly Petty"",""email"":""isabella72@example.org"",""phone"":""001-856-706-5700x6581"",""location"":{""city"":""North Victoria"",""country"":""Chad"",""remote_preference"":""onsite""},""summary"":""Innovative JavaScript Developer with extensive experience in front-end frameworks and building interactive user interfaces using React and Angular."",""linkedin"":""linkedin.com\/in\/santiagochristian"",""github"":""github.com\/michael58""}",name kimberly petty email isabella72 example.org phone 001 856 706 5700x6581 location city north victoria country chad remote preference onsite summary innovative javascript developer with extensive experience in front end frameworks and building interactive user interfaces using react and angular. linkedin linkedin.com in santiagochristian github github.com michael58,"['java', 'javascript', 'react', 'git', 'github']",5
"{""name"":""Charles Lopez"",""email"":""johnsonluis@example.org"",""phone"":""946-807-2494x360"",""location"":{""city"":""North Cassandra"",""country"":""Namibia"",""remote_preference"":""remote""},""summary"":""Innovative JavaScript Developer with extensive experience in front-end frameworks and building interactive user interfaces using React and Angular."",""linkedin"":""linkedin.com\/in\/matthewmcdonald"",""github"":""github.com\/gordonjeremy""}",name charles lopez email johnsonluis example.org phone 946 807 2494x360 location city north cassandra country namibia remote preference remote summary innovative javascript developer with extensive experience in front end frameworks and building interactive user interfaces using react and angular. linkedin linkedin.com in matthewmcdonald github github.com gordonjeremy,"['java', 'javascript', 'react', 'git', 'github']",5
"{""name"":""Stephen Smith"",""email"":""amber99@example.org"",""phone"":""(832)992-4798x679"",""location"":{""city"":""Port Randy"",""country"":""Tajikistan"",""remote_preference"":""hybrid""},""summary"":""Innovative JavaScript Developer with extensive experience in front-end frameworks and building interactive user interfaces using React and Angular."",""linkedin"":""linkedin.com\/in\/michelle20"",""github"":""github.com\/laurawalsh""}",name stephen smith email amber99 example.org phone 832 992 4798x679 location city port randy country tajikistan remote preference hybrid summary innovative javascript developer with extensive experience in front end frameworks and building interactive user interfaces using react and angular. linkedin linkedin.com in michelle20 github github.com laurawalsh,"['java', 'javascript', 'react', 'git', 'github']",5
"{""name"":""Billy Zuniga"",""email"":""christopher63@example.com"",""phone"":""241-448-5294"",""location"":{""city"":""New Roy"",""country"":""Afghanistan"",""remote_preference"":""hybrid""},""summary"":""Innovative JavaScript Developer with extensive experience in front-end frameworks and building interactive user interfaces using React and Angular."",""linkedin"":""linkedin.com\/in\/erinking"",""github"":""github.com\/townsendchristine""}",name billy zuniga email christopher63 example.com phone 241 448 5294 location city new roy country afghanistan remote preference hybrid summary innovative javascript developer with extensive experience in front end frameworks and building interactive user interfaces using react and angular. linkedin linkedin.com in erinking github github.com townsendchristine,"['java', 'javascript', 'react', 'git', 'github']",5
"{""name"":""Robert Whitehead"",""email"":""jasonjones@example.org"",""phone"":""919-430-2819"",""location"":{""city"":""Port John"",""country"":""Saint Martin"",""remote_preference"":""hybrid""},""summary"":""Innovative JavaScript Developer with extensive experience in front-end frameworks and building interactive user interfaces using React and Angular."",""linkedin"":""linkedin.com\/in\/yanderson"",""github"":""github.com\/lisamitchell""}",name robert whitehead email jasonjones example.org phone 919 430 2819 location city port john country saint martin remote preference hybrid summary innovative javascript developer with extensive experience in front end frameworks and building interactive user interfaces using react and angular. linkedin linkedin.com in yanderson github github.com lisamitchell,"['java', 'javascript', 'react', 'git', 'github']",5
"{""name"":""Joshua Salazar"",""email"":""victorwhite@example.net"",""phone"":""576-953-3687"",""location"":{""city"":""Sharpmouth"",""country"":""San Marino"",""remote_preference"":""hybrid""},""summary"":""Innovative JavaScript Developer with extensive experience in front-end frameworks and building interactive user interfaces using React and Angular."",""linkedin"":""linkedin.com\/in\/tristan31"",""github"":""github.com\/sfletcher""}",name joshua salazar email victorwhite example.net phone 576 953 3687 location city sharpmouth country san marino remote preference hybrid summary innovative javascript developer with extensive experience in front end frameworks and building interactive user interfaces using react and angular. linkedin linkedin.com in tristan31 github github.com sfletcher,"['java', 'javascript', 'react', 'git', 'github']",5
"{""name"":""Jason Johnson"",""email"":""rachelnorman@example.org"",""phone"":""626.713.4988x09169"",""location"":{""city"":""Howardville"",""country"":""Lao People's Democratic Republic"",""remote_preference"":""remote""},""summary"":""Innovative JavaScript Developer with extensive experience in front-end frameworks and building interactive user interfaces using React and Angular."",""linkedin"":""linkedin.com\/in\/shortlinda"",""github"":""github.com\/jermaine19""}",name jason johnson email rachelnorman example.org phone 626.713.4988x09169 location city howardville country lao people s democratic republic remote preference remote summary innovative javascript developer with extensive experience in front end frameworks and building interactive user interfaces using react and angular. linkedin linkedin.com in shortlinda github github.com jermaine19,"['java', 'javascript', 'react', 'git', 'github']",5
"{""name"":""Angela Foster"",""email"":""alexanderleonard@example.com"",""phone"":""+1-777-829-5031x165"",""location"":{""city"":""West Suzanne"",""country"":""Wallis and Futuna"",""remote_preference"":""remote""},""summary"":""Innovative JavaScript Developer with extensive experience in front-end frameworks and building interactive user interfaces using React and Angular."",""linkedin"":""linkedin.com\/in\/qvaldez"",""github"":""github.com\/jessica31""}",name angela foster email alexanderleonard example.com phone +1 777 829 5031x165 location city west suzanne country wallis and futuna remote preference remote summary innovative javascript developer with extensive experience in front end frameworks and building interactive user interfaces using react and angular. linkedin linkedin.com in qvaldez github github.com jessica31,"['java', 'javascript', 'react', 'git', 'github']",5
"{""name"":""William Gaines"",""email"":""elizabethramos@example.org"",""phone"":""759-484-5082"",""location"":{""city"":""Stephenborough"",""country"":""Chad"",""remote_preference"":""hybrid""},""summary"":""Innovative JavaScript Developer with extensive experience in front-end frameworks and building interactive user interfaces using React and Angular."",""linkedin"":""linkedin.com\/in\/colinsalas"",""github"":""github.com\/timothyholloway""}",name william gaines email elizabethramos example.org phone 759 484 5082 location city stephenborough country chad remote preference hybrid summary innovative javascript developer with extensive experience in front end frameworks and building interactive user interfaces using react and angular. linkedin linkedin.com in colinsalas github github.com timothyholloway,"['java', 'javascript', 'react', 'git', 'github']",5
"{""name"":""Jennifer Boyd"",""email"":""andrew95@example.org"",""phone"":""5867325292"",""location"":{""city"":""Edwardsshire"",""country"":""Brunei Darussalam"",""remote_preference"":""hybrid""},""summary"":""Innovative JavaScript Developer with extensive experience in front-end frameworks and building interactive user interfaces using React and Angular."",""linkedin"":""linkedin.com\/in\/whiteanthony"",""github"":""github.com\/cisnerosglenn""}",name jennifer boyd email andrew95 example.org phone 5867325292 location city edwardsshire country brunei darussalam remote preference hybrid summary innovative javascript developer with extensive experience in front end frameworks and building interactive user interfaces using react and angular. linkedin linkedin.com in whiteanthony github github.com cisnerosglenn,"['java', 'javascript', 'react', 'git', 'github']",5
"{""name"":""Veronica Willis"",""email"":""qwall@example.net"",""phone"":""267-344-2993x522"",""location"":{""city"":""Lewistown"",""country"":""Belize"",""remote_preference"":""remote""},""summary"":""Innovative JavaScript Developer with extensive experience in front-end frameworks and building interactive user interfaces using React and Angular."",""linkedin"":""linkedin.com\/in\/eadams"",""github"":""github.com\/sherry07""}",name veronica willis email qwall example.net phone 267 344 2993x522 location city lewistown country belize remote preference remote summary innovative javascript developer with extensive experience in front end frameworks and building interactive user interfaces using react and angular. linkedin linkedin.com in eadams github github.com sherry07,"['java', 'javascript', 'react', 'git', 'github']",5
"{""name"":""Troy Davis"",""email"":""craigkevin@example.net"",""phone"":""452.435.5345x84219"",""location"":{""city"":""Davidshire"",""country"":""Sweden"",""remote_preference"":""remote""},""summary"":""Innovative JavaScript Developer with extensive experience in front-end frameworks and building interactive user interfaces using React and Angular."",""linkedin"":""linkedin.com\/in\/jensenchristopher"",""github"":""github.com\/michelle75""}",name troy davis email craigkevin example.net phone 452.435.5345x84219 location city davidshire country sweden remote preference remote summary innovative javascript developer with extensive experience in front end frameworks and building interactive user interfaces using react and angular. linkedin linkedin.com in jensenchristopher github github.com michelle75,"['java', 'javascript', 'react', 'git', 'github']",5
"{""name"":""Barry Gutierrez"",""email"":""susan66@example.net"",""phone"":""344-218-8573x411"",""location"":{""city"":""West Heathermouth"",""country"":""Tonga"",""remote_preference"":""hybrid""},""summary"":""Innovative JavaScript Developer with extensive experience in front-end frameworks and building interactive user interfaces using React and Angular."",""linkedin"":""linkedin.com\/in\/xlopez"",""github"":""github.com\/martinezdonna""}",name barry gutierrez email susan66 example.net phone 344 218 8573x411 location city west heathermouth country tonga remote preference hybrid summary innovative javascript developer with extensive experience in front end frameworks and building interactive user interfaces using react and angular. linkedin linkedin.com in xlopez github github.com martinezdonna,"['java', 'javascript', 'react', 'git', 'github']",5
"{""name"":""Cindy Ayala"",""email"":""zsanders@example.net"",""phone"":""710-666-9594"",""location"":{""city"":""Tonyville"",""country"":""Suriname"",""remote_preference"":""onsite""},""summary"":""Innovative JavaScript Developer with extensive experience in front-end frameworks and building interactive user interfaces using React and Angular."",""linkedin"":""linkedin.com\/in\/lewistiffany"",""github"":""github.com\/clarkmichael""}",name cindy ayala email zsanders example.net phone 710 666 9594 location city tonyville country suriname remote preference onsite summary innovative javascript developer with extensive experience in front end frameworks and building interactive user interfaces using react and angular. linkedin linkedin.com in lewistiffany github github.com clarkmichael,"['java', 'javascript', 'react', 'git', 'github']",5
"{""name"":""Katie Gonzales"",""email"":""stevenfisher@example.net"",""phone"":""+1-986-362-3305x9724"",""location"":{""city"":""Andrewhaven"",""country"":""France"",""remote_preference"":""hybrid""},""summary"":""Innovative JavaScript Developer with extensive experience in front-end frameworks and building interactive user interfaces using React and Angular."",""linkedin"":""linkedin.com\/in\/thorntonjohnny"",""github"":""github.com\/ovargas""}",name katie gonzales email stevenfisher example.net phone +1 986 362 3305x9724 location city andrewhaven country france remote preference hybrid summary innovative javascript developer with extensive experience in front end frameworks and building interactive user interfaces using react and angular. linkedin linkedin.com in thorntonjohnny github github.com ovargas,"['java', 'javascript', 'react', 'git', 'github']",5
"{""name"":""Laura Thomas"",""email"":""chambersemma@example.com"",""phone"":""932-230-4947x948"",""location"":{""city"":""Phelpsberg"",""country"":""Chile"",""remote_preference"":""hybrid""},""summary"":""Innovative JavaScript Developer with extensive experience in front-end frameworks and building interactive user interfaces using React and Angular."",""linkedin"":""linkedin.com\/in\/ujones"",""github"":""github.com\/rebeccahiggins""}",name laura thomas email chambersemma example.com phone 932 230 4947x948 location city phelpsberg country chile remote preference hybrid summary innovative javascript developer with extensive experience in front end frameworks and building interactive user interfaces using react and angular. linkedin linkedin.com in ujones github github.com rebeccahiggins,"['java', 'javascript', 'react', 'git', 'github']",5
"{""name"":""Kimberly Ortiz"",""email"":""phillip84@example.org"",""phone"":""515-770-2718x7530"",""location"":{""city"":""Peterstown"",""country"":""Kazakhstan"",""remote_preference"":""hybrid""},""summary"":""Innovative JavaScript Developer with extensive experience in front-end frameworks and building interactive user interfaces using React and Angular."",""linkedin"":""linkedin.com\/in\/zking"",""github"":""github.com\/scott55""}",name kimberly ortiz email phillip84 example.org phone 515 770 2718x7530 location city peterstown country kazakhstan remote preference hybrid summary innovative javascript developer with extensive experience in front end frameworks and building interactive user interfaces using react and angular. linkedin linkedin.com in zking github github.com scott55,"['java', 'javascript', 'react', 'git', 'github']",5
"{""name"":""Melissa Evans"",""email"":""lestersarah@example.com"",""phone"":""924.866.3870x7121"",""location"":{""city"":""Zacharyview"",""country"":""Martinique"",""remote_preference"":""remote""},""summary"":""Innovative JavaScript Developer with extensive experience in front-end frameworks and building interactive user interfaces using React and Angular."",""linkedin"":""linkedin.com\/in\/nhoward"",""github"":""github.com\/bhayes""}",name melissa evans email lestersarah example.com phone 924.866.3870x7121 location city zacharyview country martinique remote preference remote summary innovative javascript developer with extensive experience in front end frameworks and building interactive user interfaces using react and angular. linkedin linkedin.com in nhoward github github.com bhayes,"['java', 'javascript', 'react', 'git', 'github']",5
"{""name"":""Tammy Lane"",""email"":""munozgregory@example.com"",""phone"":""7382127948"",""location"":{""city"":""North Christinashire"",""country"":""Tajikistan"",""remote_preference"":""remote""},""summary"":""Innovative JavaScript Developer with extensive experience in front-end frameworks and building interactive user interfaces using React and Angular."",""linkedin"":""linkedin.com\/in\/perezlinda"",""github"":""github.com\/whernandez""}",name tammy lane email munozgregory example.com phone 7382127948 location city north christinashire country tajikistan remote preference remote summary innovative javascript developer with extensive experience in front end frameworks and building interactive user interfaces using react and angular. linkedin linkedin.com in perezlinda github github.com whernandez,"['java', 'javascript', 'react', 'git', 'github']",5
"{""name"":""Gregory Black"",""email"":""sanderson@example.net"",""phone"":""390.685.0219"",""location"":{""city"":""Williamland"",""country"":""Netherlands Antilles"",""remote_preference"":""hybrid""},""summary"":""Innovative JavaScript Developer with extensive experience in front-end frameworks and building interactive user interfaces using React and Angular."",""linkedin"":""linkedin.com\/in\/kbrooks"",""github"":""github.com\/ericjohnson""}",name gregory black email sanderson example.net phone 390.685.0219 location city williamland country netherlands antilles remote preference hybrid summary innovative javascript developer with extensive experience in front end frameworks and building interactive user interfaces using react and angular. linkedin linkedin.com in kbrooks github github.com ericjohnson,"['java', 'javascript', 'react', 'git', 'github']",5
"{""name"":""Craig Cruz"",""email"":""davidrodriguez@example.org"",""phone"":""925-913-3558x318"",""location"":{""city"":""Fleminghaven"",""country"":""Panama"",""remote_preference"":""remote""},""summary"":""Innovative JavaScript Developer with extensive experience in front-end frameworks and building interactive user interfaces using React and Angular."",""linkedin"":""linkedin.com\/in\/coryware"",""github"":""github.com\/rebeccaolson""}",name craig cruz email davidrodriguez example.org phone 925 913 3558x318 location city fleminghaven country panama remote preference remote summary innovative javascript developer with extensive experience in front end frameworks and building interactive user interfaces using react and angular. linkedin linkedin.com in coryware github github.com rebeccaolson,"['java', 'javascript', 'react', 'git', 'github']",5
"{""name"":""Leah Smith"",""email"":""joywallace@example.org"",""phone"":""361.625.0616x87176"",""location"":{""city"":""Lake Mary"",""country"":""Colombia"",""remote_preference"":""onsite""},""summary"":""Innovative JavaScript Developer with extensive experience in front-end frameworks and building interactive user interfaces using React and Angular."",""linkedin"":""linkedin.com\/in\/robertorodriguez"",""github"":""github.com\/jennifersoto""}",name leah smith email joywallace example.org phone 361.625.0616x87176 location city lake mary country colombia remote preference onsite summary innovative javascript developer with extensive experience in front end frameworks and building interactive user interfaces using react and angular. linkedin linkedin.com in robertorodriguez github github.com jennifersoto,"['java', 'javascript', 'react', 'git', 'github']",5
"{""name"":""Haley Rose"",""email"":""zhoward@example.org"",""phone"":""(497)758-1952x856"",""location"":{""city"":""Christineborough"",""country"":""Turks and Caicos Islands"",""remote_preference"":""hybrid""},""summary"":""Innovative JavaScript Developer with extensive experience in front-end frameworks and building interactive user interfaces using React and Angular."",""linkedin"":""linkedin.com\/in\/derekpayne"",""github"":""github.com\/jimmysnyder""}",name haley rose email zhoward example.org phone 497 758 1952x856 location city christineborough country turks and caicos islands remote preference hybrid summary innovative javascript developer with extensive experience in front end frameworks and building interactive user interfaces using react and angular. linkedin linkedin.com in derekpayne github github.com jimmysnyder,"['java', 'javascript', 'react', 'git', 'github']",5
"{""name"":""Wayne Davis"",""email"":""ledwards@example.net"",""phone"":""(488)219-6522x402"",""location"":{""city"":""Williamtown"",""country"":""Armenia"",""remote_preference"":""hybrid""},""summary"":""Innovative JavaScript Developer with extensive experience in front-end frameworks and building interactive user interfaces using React and Angular."",""linkedin"":""linkedin.com\/in\/jacobalvarez"",""github"":""github.com\/staciefreeman""}",name wayne davis email ledwards example.net phone 488 219 6522x402 location city williamtown country armenia remote preference hybrid summary innovative javascript developer with extensive experience in front end frameworks and building interactive user interfaces using react and angular. linkedin linkedin.com in jacobalvarez github github.com staciefreeman,"['java', 'javascript', 'react', 'git', 'github']",5
"{""name"":""Kimberly Martinez"",""email"":""felicia24@example.org"",""phone"":""983.549.6783x55502"",""location"":{""city"":""North Steven"",""country"":""Netherlands"",""remote_preference"":""remote""},""summary"":""Innovative JavaScript Developer with extensive experience in front-end frameworks and building interactive user interfaces using React and Angular."",""linkedin"":""linkedin.com\/in\/lambertdavid"",""github"":""github.com\/isweeney""}",name kimberly martinez email felicia24 example.org phone 983.549.6783x55502 location city north steven country netherlands remote preference remote summary innovative javascript developer with extensive experience in front end frameworks and building interactive user interfaces using react and angular. linkedin linkedin.com in lambertdavid github github.com isweeney,"['java', 'javascript', 'react', 'git', 'github']",5
"{""name"":""Brooke Jordan"",""email"":""emily43@example.com"",""phone"":""001-902-949-5723"",""location"":{""city"":""East Nathan"",""country"":""Bahrain"",""remote_preference"":""hybrid""},""summary"":""Innovative JavaScript Developer with extensive experience in front-end frameworks and building interactive user interfaces using React and Angular."",""linkedin"":""linkedin.com\/in\/samanthasmith"",""github"":""github.com\/uharris""}",name brooke jordan email emily43 example.com phone 001 902 949 5723 location city east nathan country bahrain remote preference hybrid summary innovative javascript developer with extensive experience in front end frameworks and building interactive user interfaces using react and angular. linkedin linkedin.com in samanthasmith github github.com uharris,"['java', 'javascript', 'react', 'git', 'github']",5
"{""name"":""Robert Duncan"",""email"":""richard64@example.com"",""phone"":""917-512-9677x6928"",""location"":{""city"":""Claytonport"",""country"":""Cayman Islands"",""remote_preference"":""onsite""},""summary"":""Innovative JavaScript Developer with extensive experience in front-end frameworks and building interactive user interfaces using React and Angular."",""linkedin"":""linkedin.com\/in\/jordanmatthew"",""github"":""github.com\/cooperjames""}",name robert duncan email richard64 example.com phone 917 512 9677x6928 location city claytonport country cayman islands remote preference onsite summary innovative javascript developer with extensive experience in front end frameworks and building interactive user interfaces using react and angular. linkedin linkedin.com in jordanmatthew github github.com cooperjames,"['java', 'javascript', 'react', 'git', 'github']",5
"{""name"":""Brandon Bowman"",""email"":""smithhannah@example.net"",""phone"":""244-243-8411x665"",""location"":{""city"":""East Christopherville"",""country"":""Singapore"",""remote_preference"":""hybrid""},""summary"":""Innovative JavaScript Developer with extensive experience in front-end frameworks and building interactive user interfaces using React and Angular."",""linkedin"":""linkedin.com\/in\/ejimenez"",""github"":""github.com\/krodriguez""}",name brandon bowman email smithhannah example.net phone 244 243 8411x665 location city east christopherville country singapore remote preference hybrid summary innovative javascript developer with extensive experience in front end frameworks and building interactive user interfaces using react and angular. linkedin linkedin.com in ejimenez github github.com krodriguez,"['java', 'javascript', 'react', 'git', 'github']",5
"{""name"":""Mary Green"",""email"":""nashtimothy@example.org"",""phone"":""(926)746-6605"",""location"":{""city"":""Port Kellystad"",""country"":""Montserrat"",""remote_preference"":""remote""},""summary"":""Innovative JavaScript Developer with extensive experience in front-end frameworks and building interactive user interfaces using React and Angular."",""linkedin"":""linkedin.com\/in\/kevin65"",""github"":""github.com\/louissmith""}",name mary green email nashtimothy example.org phone 926 746 6605 location city port kellystad country montserrat remote preference remote summary innovative javascript developer with extensive experience in front end frameworks and building interactive user interfaces using react and angular. linkedin linkedin.com in kevin65 github github.com louissmith,"['java', 'javascript', 'react', 'git', 'github']",5
"{""name"":""Sheena Ray"",""email"":""blambert@example.com"",""phone"":""+1-962-457-9260x31521"",""location"":{""city"":""South Garrettstad"",""country"":""Mayotte"",""remote_preference"":""hybrid""},""summary"":""Innovative JavaScript Developer with extensive experience in front-end frameworks and building interactive user interfaces using React and Angular."",""linkedin"":""linkedin.com\/in\/yyoung"",""github"":""github.com\/taylor70""}",name sheena ray email blambert example.com phone +1 962 457 9260x31521 location city south garrettstad country mayotte remote preference hybrid summary innovative javascript developer with extensive experience in front end frameworks and building interactive user interfaces using react and angular. linkedin linkedin.com in yyoung github github.com taylor70,"['java', 'javascript', 'react', 'git', 'github']",5
"{""name"":""Samuel Reynolds"",""email"":""deborah43@example.net"",""phone"":""997-345-9191x63497"",""location"":{""city"":""Gibsonview"",""country"":""Cayman Islands"",""remote_preference"":""remote""},""summary"":""Innovative JavaScript Developer with extensive experience in front-end frameworks and building interactive user interfaces using React and Angular."",""linkedin"":""linkedin.com\/in\/jacksonalexander"",""github"":""github.com\/djohnson""}",name samuel reynolds email deborah43 example.net phone 997 345 9191x63497 location city gibsonview country cayman islands remote preference remote summary innovative javascript developer with extensive experience in front end frameworks and building interactive user interfaces using react and angular. linkedin linkedin.com in jacksonalexander github github.com djohnson,"['java', 'javascript', 'react', 'git', 'github']",5
"{""name"":""Crystal Copeland"",""email"":""kellie28@example.com"",""phone"":""001-518-651-2369x068"",""location"":{""city"":""West Brandonfort"",""country"":""Yemen"",""remote_preference"":""hybrid""},""summary"":""Innovative JavaScript Developer with extensive experience in front-end frameworks and building interactive user interfaces using React and Angular."",""linkedin"":""linkedin.com\/in\/ariel66"",""github"":""github.com\/kimberly98""}",name crystal copeland email kellie28 example.com phone 001 518 651 2369x068 location city west brandonfort country yemen remote preference hybrid summary innovative javascript developer with extensive experience in front end frameworks and building interactive user interfaces using react and angular. linkedin linkedin.com in ariel66 github github.com kimberly98,"['java', 'javascript', 'react', 'git', 'github']",5
"{""name"":""Cynthia Robinson"",""email"":""sullivanjames@example.org"",""phone"":""328-460-8998"",""location"":{""city"":""Port Lisa"",""country"":""Israel"",""remote_preference"":""remote""},""summary"":""Innovative JavaScript Developer with extensive experience in front-end frameworks and building interactive user interfaces using React and Angular."",""linkedin"":""linkedin.com\/in\/david13"",""github"":""github.com\/zherrera""}",name cynthia robinson email sullivanjames example.org phone 328 460 8998 location city port lisa country israel remote preference remote summary innovative javascript developer with extensive experience in front end frameworks and building interactive user interfaces using react and angular. linkedin linkedin.com in david13 github github.com zherrera,"['java', 'javascript', 'react', 'git', 'github']",5
"{""name"":""Elizabeth Harrison"",""email"":""robertwaller@example.net"",""phone"":""258.380.5794x0760"",""location"":{""city"":""North Dean"",""country"":""Libyan Arab Jamahiriya"",""remote_preference"":""onsite""},""summary"":""Innovative JavaScript Developer with extensive experience in front-end frameworks and building interactive user interfaces using React and Angular."",""linkedin"":""linkedin.com\/in\/katie10"",""github"":""github.com\/umartinez""}",name elizabeth harrison email robertwaller example.net phone 258.380.5794x0760 location city north dean country libyan arab jamahiriya remote preference onsite summary innovative javascript developer with extensive experience in front end frameworks and building interactive user interfaces using react and angular. linkedin linkedin.com in katie10 github github.com umartinez,"['java', 'javascript', 'react', 'git', 'github']",5
"{""name"":""Heather Moses"",""email"":""xfaulkner@example.org"",""phone"":""001-820-629-2684x3884"",""location"":{""city"":""Kevinton"",""country"":""Anguilla"",""remote_preference"":""hybrid""},""summary"":""Innovative JavaScript Developer with extensive experience in front-end frameworks and building interactive user interfaces using React and Angular."",""linkedin"":""linkedin.com\/in\/gschneider"",""github"":""github.com\/krista78""}",name heather moses email xfaulkner example.org phone 001 820 629 2684x3884 location city kevinton country anguilla remote preference hybrid summary innovative javascript developer with extensive experience in front end frameworks and building interactive user interfaces using react and angular. linkedin linkedin.com in gschneider github github.com krista78,"['java', 'javascript', 'react', 'git', 'github']",5
"{""name"":""Amy Harper"",""email"":""porterrachel@example.org"",""phone"":""001-620-282-6009x43738"",""location"":{""city"":""Michaelberg"",""country"":""Trinidad and Tobago"",""remote_preference"":""onsite""},""summary"":""Innovative JavaScript Developer with extensive experience in front-end frameworks and building interactive user interfaces using React and Angular."",""linkedin"":""linkedin.com\/in\/jennifer30"",""github"":""github.com\/joshua76""}",name amy harper email porterrachel example.org phone 001 620 282 6009x43738 location city michaelberg country trinidad and tobago remote preference onsite summary innovative javascript developer with extensive experience in front end frameworks and building interactive user interfaces using react and angular. linkedin linkedin.com in jennifer30 github github.com joshua76,"['java', 'javascript', 'react', 'git', 'github']",5
"{""name"":""Rachel Schneider"",""email"":""jordandillon@example.com"",""phone"":""552-486-9509"",""location"":{""city"":""West Daniel"",""country"":""Barbados"",""remote_preference"":""onsite""},""summary"":""Innovative JavaScript Developer with extensive experience in front-end frameworks and building interactive user interfaces using React and Angular."",""linkedin"":""linkedin.com\/in\/kwashington"",""github"":""github.com\/rachelsmith""}",name rachel schneider email jordandillon example.com phone 552 486 9509 location city west daniel country barbados remote preference onsite summary innovative javascript developer with extensive experience in front end frameworks and building interactive user interfaces using react and angular. linkedin linkedin.com in kwashington github github.com rachelsmith,"['java', 'javascript', 'react', 'git', 'github']",5
"{""name"":""Amy Young"",""email"":""harrisondanny@example.com"",""phone"":""(999)258-2352x2051"",""location"":{""city"":""Travisberg"",""country"":""Vanuatu"",""remote_preference"":""hybrid""},""summary"":""Innovative JavaScript Developer with extensive experience in front-end frameworks and building interactive user interfaces using React and Angular."",""linkedin"":""linkedin.com\/in\/stacystevens"",""github"":""github.com\/boyerwillie""}",name amy young email harrisondanny example.com phone 999 258 2352x2051 location city travisberg country vanuatu remote preference hybrid summary innovative javascript developer with extensive experience in front end frameworks and building interactive user interfaces using react and angular. linkedin linkedin.com in stacystevens github github.com boyerwillie,"['java', 'javascript', 'react', 'git', 'github']",5
"{""name"":""Patricia Jensen"",""email"":""ucollins@example.com"",""phone"":""459.379.8052x231"",""location"":{""city"":""West Katrinabury"",""country"":""Sudan"",""remote_preference"":""onsite""},""summary"":""Innovative JavaScript Developer with extensive experience in front-end frameworks and building interactive user interfaces using React and Angular."",""linkedin"":""linkedin.com\/in\/hortonalison"",""github"":""github.com\/bellroger""}",name patricia jensen email ucollins example.com phone 459.379.8052x231 location city west katrinabury country sudan remote preference onsite summary innovative javascript developer with extensive experience in front end frameworks and building interactive user interfaces using react and angular. linkedin linkedin.com in hortonalison github github.com bellroger,"['java', 'javascript', 'react', 'git', 'github']",5
"{""name"":""Alex Barrett"",""email"":""icarr@example.org"",""phone"":""(764)526-5156"",""location"":{""city"":""Reedmouth"",""country"":""Norway"",""remote_preference"":""onsite""},""summary"":""Innovative JavaScript Developer with extensive experience in front-end frameworks and building interactive user interfaces using React and Angular."",""linkedin"":""linkedin.com\/in\/gabrielle39"",""github"":""github.com\/lancevaldez""}",name alex barrett email icarr example.org phone 764 526 5156 location city reedmouth country norway remote preference onsite summary innovative javascript developer with extensive experience in front end frameworks and building interactive user interfaces using react and angular. linkedin linkedin.com in gabrielle39 github github.com lancevaldez,"['java', 'javascript', 'react', 'git', 'github']",5
"{""name"":""Oscar Malone"",""email"":""mark41@example.org"",""phone"":""592-299-8273"",""location"":{""city"":""Lake Sandraburgh"",""country"":""Cote d'Ivoire"",""remote_preference"":""remote""},""summary"":""Innovative JavaScript Developer with extensive experience in front-end frameworks and building interactive user interfaces using React and Angular."",""linkedin"":""linkedin.com\/in\/williamclark"",""github"":""github.com\/qcoleman""}",name oscar malone email mark41 example.org phone 592 299 8273 location city lake sandraburgh country cote d ivoire remote preference remote summary innovative javascript developer with extensive experience in front end frameworks and building interactive user interfaces using react and angular. linkedin linkedin.com in williamclark github github.com qcoleman,"['java', 'javascript', 'react', 'git', 'github']",5
"{""name"":""William Gilbert"",""email"":""gregory58@example.org"",""phone"":""001-568-328-3049"",""location"":{""city"":""Carolineborough"",""country"":""Comoros"",""remote_preference"":""onsite""},""summary"":""Innovative JavaScript Developer with extensive experience in front-end frameworks and building interactive user interfaces using React and Angular."",""linkedin"":""linkedin.com\/in\/escobarjennifer"",""github"":""github.com\/jay38""}",name william gilbert email gregory58 example.org phone 001 568 328 3049 location city carolineborough country comoros remote preference onsite summary innovative javascript developer with extensive experience in front end frameworks and building interactive user interfaces using react and angular. linkedin linkedin.com in escobarjennifer github github.com jay38,"['java', 'javascript', 'react', 'git', 'github']",5
"{""name"":""Tammy Nguyen"",""email"":""alexandertaylor@example.com"",""phone"":""519.384.5898x4102"",""location"":{""city"":""South Nicholas"",""country"":""Martinique"",""remote_preference"":""onsite""},""summary"":""Innovative JavaScript Developer with extensive experience in front-end frameworks and building interactive user interfaces using React and Angular."",""linkedin"":""linkedin.com\/in\/elara"",""github"":""github.com\/contreraspenny""}",name tammy nguyen email alexandertaylor example.com phone 519.384.5898x4102 location city south nicholas country martinique remote preference onsite summary innovative javascript developer with extensive experience in front end frameworks and building interactive user interfaces using react and angular. linkedin linkedin.com in elara github github.com contreraspenny,"['java', 'javascript', 'react', 'git', 'github']",5
"{""name"":""Courtney Lee"",""email"":""harriscarrie@example.net"",""phone"":""(773)289-7822x2367"",""location"":{""city"":""New Alicia"",""country"":""Puerto Rico"",""remote_preference"":""onsite""},""summary"":""Innovative JavaScript Developer with extensive experience in front-end frameworks and building interactive user interfaces using React and Angular."",""linkedin"":""linkedin.com\/in\/wwood"",""github"":""github.com\/charles71""}",name courtney lee email harriscarrie example.net phone 773 289 7822x2367 location city new alicia country puerto rico remote preference onsite summary innovative javascript developer with extensive experience in front end frameworks and building interactive user interfaces using react and angular. linkedin linkedin.com in wwood github github.com charles71,"['java', 'javascript', 'react', 'git', 'github']",5
"{""name"":""Craig Marshall"",""email"":""christianwilliams@example.net"",""phone"":""001-794-304-1085"",""location"":{""city"":""West Austin"",""country"":""Mali"",""remote_preference"":""onsite""},""summary"":""Innovative JavaScript Developer with extensive experience in front-end frameworks and building interactive user interfaces using React and Angular."",""linkedin"":""linkedin.com\/in\/qestrada"",""github"":""github.com\/sanchezmichael""}",name craig marshall email christianwilliams example.net phone 001 794 304 1085 location city west austin country mali remote preference onsite summary innovative javascript developer with extensive experience in front end frameworks and building interactive user interfaces using react and angular. linkedin linkedin.com in qestrada github github.com sanchezmichael,"['java', 'javascript', 'react', 'git', 'github']",5
"{""name"":""Chelsey Carr"",""email"":""scott74@example.org"",""phone"":""+1-377-504-8121x482"",""location"":{""city"":""Port Keithview"",""country"":""Bulgaria"",""remote_preference"":""hybrid""},""summary"":""Innovative JavaScript Developer with extensive experience in front-end frameworks and building interactive user interfaces using React and Angular."",""linkedin"":""linkedin.com\/in\/adamrichards"",""github"":""github.com\/jferguson""}",name chelsey carr email scott74 example.org phone +1 377 504 8121x482 location city port keithview country bulgaria remote preference hybrid summary innovative javascript developer with extensive experience in front end frameworks and building interactive user interfaces using react and angular. linkedin linkedin.com in adamrichards github github.com jferguson,"['java', 'javascript', 'react', 'git', 'github']",5
"{""name"":""Brian Cuevas"",""email"":""danielle33@example.org"",""phone"":""(737)919-4667x886"",""location"":{""city"":""Calvinbury"",""country"":""Moldova"",""remote_preference"":""hybrid""},""summary"":""Innovative JavaScript Developer with extensive experience in front-end frameworks and building interactive user interfaces using React and Angular."",""linkedin"":""linkedin.com\/in\/jacksonjustin"",""github"":""github.com\/ggriffith""}",name brian cuevas email danielle33 example.org phone 737 919 4667x886 location city calvinbury country moldova remote preference hybrid summary innovative javascript developer with extensive experience in front end frameworks and building interactive user interfaces using react and angular. linkedin linkedin.com in jacksonjustin github github.com ggriffith,"['java', 'javascript', 'react', 'git', 'github']",5
"{""name"":""Paige Johnson"",""email"":""mark27@example.net"",""phone"":""(992)444-0333x533"",""location"":{""city"":""New Adam"",""country"":""Saudi Arabia"",""remote_preference"":""hybrid""},""summary"":""Innovative JavaScript Developer with extensive experience in front-end frameworks and building interactive user interfaces using React and Angular."",""linkedin"":""linkedin.com\/in\/adavis"",""github"":""github.com\/millerpaul""}",name paige johnson email mark27 example.net phone 992 444 0333x533 location city new adam country saudi arabia remote preference hybrid summary innovative javascript developer with extensive experience in front end frameworks and building interactive user interfaces using react and angular. linkedin linkedin.com in adavis github github.com millerpaul,"['java', 'javascript', 'react', 'git', 'github']",5
"{""name"":""Pamela Gordon"",""email"":""andrewsbenjamin@example.com"",""phone"":""4818753635"",""location"":{""city"":""Christopherton"",""country"":""Kyrgyz Republic"",""remote_preference"":""onsite""},""summary"":""Innovative JavaScript Developer with extensive experience in front-end frameworks and building interactive user interfaces using React and Angular."",""linkedin"":""linkedin.com\/in\/kelly27"",""github"":""github.com\/fosterjohnny""}",name pamela gordon email andrewsbenjamin example.com phone 4818753635 location city christopherton country kyrgyz republic remote preference onsite summary innovative javascript developer with extensive experience in front end frameworks and building interactive user interfaces using react and angular. linkedin linkedin.com in kelly27 github github.com fosterjohnny,"['java', 'javascript', 'react', 'git', 'github']",5
"{""name"":""Kristen Kelley"",""email"":""nancy62@example.org"",""phone"":""9809846190"",""location"":{""city"":""Mclaughlintown"",""country"":""Honduras"",""remote_preference"":""remote""},""summary"":""Innovative JavaScript Developer with extensive experience in front-end frameworks and building interactive user interfaces using React and Angular."",""linkedin"":""linkedin.com\/in\/ljimenez"",""github"":""github.com\/elove""}",name kristen kelley email nancy62 example.org phone 9809846190 location city mclaughlintown country honduras remote preference remote summary innovative javascript developer with extensive experience in front end frameworks and building interactive user interfaces using react and angular. linkedin linkedin.com in ljimenez github github.com elove,"['java', 'javascript', 'react', 'git', 'github']",5
"{""name"":""James Norton"",""email"":""thomaskatie@example.net"",""phone"":""001-656-798-6438x95720"",""location"":{""city"":""Knoxton"",""country"":""Israel"",""remote_preference"":""hybrid""},""summary"":""Innovative JavaScript Developer with extensive experience in front-end frameworks and building interactive user interfaces using React and Angular."",""linkedin"":""linkedin.com\/in\/bautistaandrew"",""github"":""github.com\/randy14""}",name james norton email thomaskatie example.net phone 001 656 798 6438x95720 location city knoxton country israel remote preference hybrid summary innovative javascript developer with extensive experience in front end frameworks and building interactive user interfaces using react and angular. linkedin linkedin.com in bautistaandrew github github.com randy14,"['java', 'javascript', 'react', 'git', 'github']",5
"{""name"":""Tina Patel DDS"",""email"":""williamsdebra@example.net"",""phone"":""678-539-3907"",""location"":{""city"":""Howardborough"",""country"":""Saint Helena"",""remote_preference"":""onsite""},""summary"":""Innovative JavaScript Developer with extensive experience in front-end frameworks and building interactive user interfaces using React and Angular."",""linkedin"":""linkedin.com\/in\/chelseaperkins"",""github"":""github.com\/victoria02""}",name tina patel dds email williamsdebra example.net phone 678 539 3907 location city howardborough country saint helena remote preference onsite summary innovative javascript developer with extensive experience in front end frameworks and building interactive user interfaces using react and angular. linkedin linkedin.com in chelseaperkins github github.com victoria02,"['java', 'javascript', 'react', 'git', 'github']",5
"{""name"":""Ariel Simmons"",""email"":""zblair@example.net"",""phone"":""661.811.5661"",""location"":{""city"":""Floydmouth"",""country"":""France"",""remote_preference"":""hybrid""},""summary"":""Innovative JavaScript Developer with extensive experience in front-end frameworks and building interactive user interfaces using React and Angular."",""linkedin"":""linkedin.com\/in\/muellertheresa"",""github"":""github.com\/regina84""}",name ariel simmons email zblair example.net phone 661.811.5661 location city floydmouth country france remote preference hybrid summary innovative javascript developer with extensive experience in front end frameworks and building interactive user interfaces using react and angular. linkedin linkedin.com in muellertheresa github github.com regina84,"['java', 'javascript', 'react', 'git', 'github']",5
"{""name"":""Shaun Brown"",""email"":""thomas53@example.org"",""phone"":""840.689.0224x34499"",""location"":{""city"":""West Amandachester"",""country"":""Saint Lucia"",""remote_preference"":""remote""},""summary"":""Innovative JavaScript Developer with extensive experience in front-end frameworks and building interactive user interfaces using React and Angular."",""linkedin"":""linkedin.com\/in\/shawmichelle"",""github"":""github.com\/ianfleming""}",name shaun brown email thomas53 example.org phone 840.689.0224x34499 location city west amandachester country saint lucia remote preference remote summary innovative javascript developer with extensive experience in front end frameworks and building interactive user interfaces using react and angular. linkedin linkedin.com in shawmichelle github github.com ianfleming,"['java', 'javascript', 'react', 'git', 'github']",5
"{""name"":""Cristian King"",""email"":""jeremiah88@example.com"",""phone"":""+1-581-856-6966"",""location"":{""city"":""South Jeffery"",""country"":""Guatemala"",""remote_preference"":""onsite""},""summary"":""Innovative JavaScript Developer with extensive experience in front-end frameworks and building interactive user interfaces using React and Angular."",""linkedin"":""linkedin.com\/in\/petersenpatrick"",""github"":""github.com\/lauren17""}",name cristian king email jeremiah88 example.com phone +1 581 856 6966 location city south jeffery country guatemala remote preference onsite summary innovative javascript developer with extensive experience in front end frameworks and building interactive user interfaces using react and angular. linkedin linkedin.com in petersenpatrick github github.com lauren17,"['java', 'javascript', 'react', 'git', 'github']",5
"{""name"":""Jennifer Hodges"",""email"":""abarnett@example.net"",""phone"":""001-490-313-6724x32746"",""location"":{""city"":""East Kurtmouth"",""country"":""Pakistan"",""remote_preference"":""hybrid""},""summary"":""Innovative JavaScript Developer with extensive experience in front-end frameworks and building interactive user interfaces using React and Angular."",""linkedin"":""linkedin.com\/in\/timothy29"",""github"":""github.com\/mike58""}",name jennifer hodges email abarnett example.net phone 001 490 313 6724x32746 location city east kurtmouth country pakistan remote preference hybrid summary innovative javascript developer with extensive experience in front end frameworks and building interactive user interfaces using react and angular. linkedin linkedin.com in timothy29 github github.com mike58,"['java', 'javascript', 'react', 'git', 'github']",5
"{""name"":""Mary Martinez"",""email"":""ashleysteele@example.net"",""phone"":""4582044000"",""location"":{""city"":""Port Kevin"",""country"":""Japan"",""remote_preference"":""hybrid""},""summary"":""Innovative JavaScript Developer with extensive experience in front-end frameworks and building interactive user interfaces using React and Angular."",""linkedin"":""linkedin.com\/in\/clarksean"",""github"":""github.com\/kellimeza""}",name mary martinez email ashleysteele example.net phone 4582044000 location city port kevin country japan remote preference hybrid summary innovative javascript developer with extensive experience in front end frameworks and building interactive user interfaces using react and angular. linkedin linkedin.com in clarksean github github.com kellimeza,"['java', 'javascript', 'react', 'git', 'github']",5
"{""name"":""Noah Brown"",""email"":""sarahtaylor@example.org"",""phone"":""455-385-8234x14239"",""location"":{""city"":""South Williamburgh"",""country"":""Andorra"",""remote_preference"":""onsite""},""summary"":""Innovative JavaScript Developer with extensive experience in front-end frameworks and building interactive user interfaces using React and Angular."",""linkedin"":""linkedin.com\/in\/vchang"",""github"":""github.com\/poncemichael""}",name noah brown email sarahtaylor example.org phone 455 385 8234x14239 location city south williamburgh country andorra remote preference onsite summary innovative javascript developer with extensive experience in front end frameworks and building interactive user interfaces using react and angular. linkedin linkedin.com in vchang github github.com poncemichael,"['java', 'javascript', 'react', 'git', 'github']",5
"{""name"":""Elizabeth Jacobson"",""email"":""charlesmoore@example.com"",""phone"":""+1-208-401-8781x4109"",""location"":{""city"":""Port Breannamouth"",""country"":""Tuvalu"",""remote_preference"":""remote""},""summary"":""Innovative JavaScript Developer with extensive experience in front-end frameworks and building interactive user interfaces using React and Angular."",""linkedin"":""linkedin.com\/in\/palmerterry"",""github"":""github.com\/johnmcdaniel""}",name elizabeth jacobson email charlesmoore example.com phone +1 208 401 8781x4109 location city port breannamouth country tuvalu remote preference remote summary innovative javascript developer with extensive experience in front end frameworks and building interactive user interfaces using react and angular. linkedin linkedin.com in palmerterry github github.com johnmcdaniel,"['java', 'javascript', 'react', 'git', 'github']",5
"{""name"":""Robert Mccall"",""email"":""parsonsmelissa@example.com"",""phone"":""(332)511-6132x232"",""location"":{""city"":""Burnsville"",""country"":""Turkmenistan"",""remote_preference"":""hybrid""},""summary"":""Innovative JavaScript Developer with extensive experience in front-end frameworks and building interactive user interfaces using React and Angular."",""linkedin"":""linkedin.com\/in\/anthonybrown"",""github"":""github.com\/frazierjohn""}",name robert mccall email parsonsmelissa example.com phone 332 511 6132x232 location city burnsville country turkmenistan remote preference hybrid summary innovative javascript developer with extensive experience in front end frameworks and building interactive user interfaces using react and angular. linkedin linkedin.com in anthonybrown github github.com frazierjohn,"['java', 'javascript', 'react', 'git', 'github']",5
"{""name"":""Philip Norman"",""email"":""susan00@example.com"",""phone"":""948-231-9305x84924"",""location"":{""city"":""South Susanton"",""country"":""Bahamas"",""remote_preference"":""hybrid""},""summary"":""Innovative JavaScript Developer with extensive experience in front-end frameworks and building interactive user interfaces using React and Angular."",""linkedin"":""linkedin.com\/in\/rherring"",""github"":""github.com\/eric49""}",name philip norman email susan00 example.com phone 948 231 9305x84924 location city south susanton country bahamas remote preference hybrid summary innovative javascript developer with extensive experience in front end frameworks and building interactive user interfaces using react and angular. linkedin linkedin.com in rherring github github.com eric49,"['java', 'javascript', 'react', 'git', 'github']",5
"{""name"":""Mark Alvarez"",""email"":""stephenwilliams@example.org"",""phone"":""489-552-3543"",""location"":{""city"":""Michaelberg"",""country"":""Papua New Guinea"",""remote_preference"":""onsite""},""summary"":""Innovative JavaScript Developer with extensive experience in front-end frameworks and building interactive user interfaces using React and Angular."",""linkedin"":""linkedin.com\/in\/williamsdiane"",""github"":""github.com\/zthomas""}",name mark alvarez email stephenwilliams example.org phone 489 552 3543 location city michaelberg country papua new guinea remote preference onsite summary innovative javascript developer with extensive experience in front end frameworks and building interactive user interfaces using react and angular. linkedin linkedin.com in williamsdiane github github.com zthomas,"['java', 'javascript', 'react', 'git', 'github']",5
"{""name"":""Jason Lee"",""email"":""lindseyrice@example.com"",""phone"":""+1-922-308-9852x055"",""location"":{""city"":""Suzannemouth"",""country"":""Switzerland"",""remote_preference"":""hybrid""},""summary"":""Innovative JavaScript Developer with extensive experience in front-end frameworks and building interactive user interfaces using React and Angular."",""linkedin"":""linkedin.com\/in\/amanda59"",""github"":""github.com\/sethnelson""}",name jason lee email lindseyrice example.com phone +1 922 308 9852x055 location city suzannemouth country switzerland remote preference hybrid summary innovative javascript developer with extensive experience in front end frameworks and building interactive user interfaces using react and angular. linkedin linkedin.com in amanda59 github github.com sethnelson,"['java', 'javascript', 'react', 'git', 'github']",5
"{""name"":""Scott Armstrong"",""email"":""catherine09@example.net"",""phone"":""+1-682-457-5351x078"",""location"":{""city"":""Baxterfurt"",""country"":""Poland"",""remote_preference"":""remote""},""summary"":""Innovative JavaScript Developer with extensive experience in front-end frameworks and building interactive user interfaces using React and Angular."",""linkedin"":""linkedin.com\/in\/thomaswheeler"",""github"":""github.com\/jacqueline05""}",name scott armstrong email catherine09 example.net phone +1 682 457 5351x078 location city baxterfurt country poland remote preference remote summary innovative javascript developer with extensive experience in front end frameworks and building interactive user interfaces using react and angular. linkedin linkedin.com in thomaswheeler github github.com jacqueline05,"['java', 'javascript', 'react', 'git', 'github']",5
"{""name"":""Joshua Trujillo"",""email"":""morganlin@example.org"",""phone"":""312.747.1675"",""location"":{""city"":""North Jasonbury"",""country"":""French Southern Territories"",""remote_preference"":""onsite""},""summary"":""Innovative JavaScript Developer with extensive experience in front-end frameworks and building interactive user interfaces using React and Angular."",""linkedin"":""linkedin.com\/in\/martinezjames"",""github"":""github.com\/davisebony""}",name joshua trujillo email morganlin example.org phone 312.747.1675 location city north jasonbury country french southern territories remote preference onsite summary innovative javascript developer with extensive experience in front end frameworks and building interactive user interfaces using react and angular. linkedin linkedin.com in martinezjames github github.com davisebony,"['java', 'javascript', 'react', 'git', 'github']",5
"{""name"":""Todd Washington"",""email"":""amora@example.org"",""phone"":""+1-739-777-5592"",""location"":{""city"":""Lindafurt"",""country"":""Gabon"",""remote_preference"":""onsite""},""summary"":""Innovative JavaScript Developer with extensive experience in front-end frameworks and building interactive user interfaces using React and Angular."",""linkedin"":""linkedin.com\/in\/richardrosales"",""github"":""github.com\/epotter""}",name todd washington email amora example.org phone +1 739 777 5592 location city lindafurt country gabon remote preference onsite summary innovative javascript developer with extensive experience in front end frameworks and building interactive user interfaces using react and angular. linkedin linkedin.com in richardrosales github github.com epotter,"['java', 'javascript', 'react', 'git', 'github']",5
"{""name"":""Elizabeth Stevens"",""email"":""amandalewis@example.org"",""phone"":""439-861-5994x7341"",""location"":{""city"":""Greerburgh"",""country"":""Gibraltar"",""remote_preference"":""remote""},""summary"":""Innovative JavaScript Developer with extensive experience in front-end frameworks and building interactive user interfaces using React and Angular."",""linkedin"":""linkedin.com\/in\/anthonydavis"",""github"":""github.com\/danielspears""}",name elizabeth stevens email amandalewis example.org phone 439 861 5994x7341 location city greerburgh country gibraltar remote preference remote summary innovative javascript developer with extensive experience in front end frameworks and building interactive user interfaces using react and angular. linkedin linkedin.com in anthonydavis github github.com danielspears,"['java', 'javascript', 'react', 'git', 'github']",5
"{""name"":""Cory Foster"",""email"":""zbarry@example.com"",""phone"":""595-352-4368x2756"",""location"":{""city"":""North Lynnside"",""country"":""Trinidad and Tobago"",""remote_preference"":""remote""},""summary"":""Innovative JavaScript Developer with extensive experience in front-end frameworks and building interactive user interfaces using React and Angular."",""linkedin"":""linkedin.com\/in\/caitlynwilson"",""github"":""github.com\/martinpayne""}",name cory foster email zbarry example.com phone 595 352 4368x2756 location city north lynnside country trinidad and tobago remote preference remote summary innovative javascript developer with extensive experience in front end frameworks and building interactive user interfaces using react and angular. linkedin linkedin.com in caitlynwilson github github.com martinpayne,"['java', 'javascript', 'react', 'git', 'github']",5
"{""name"":""Krista Shaffer"",""email"":""michelle29@example.com"",""phone"":""001-428-624-0311x507"",""location"":{""city"":""Fullerfort"",""country"":""United States of America"",""remote_preference"":""onsite""},""summary"":""Innovative JavaScript Developer with extensive experience in front-end frameworks and building interactive user interfaces using React and Angular."",""linkedin"":""linkedin.com\/in\/sullivanmark"",""github"":""github.com\/michael77""}",name krista shaffer email michelle29 example.com phone 001 428 624 0311x507 location city fullerfort country united states of america remote preference onsite summary innovative javascript developer with extensive experience in front end frameworks and building interactive user interfaces using react and angular. linkedin linkedin.com in sullivanmark github github.com michael77,"['java', 'javascript', 'react', 'git', 'github']",5
"{""name"":""Dawn Good"",""email"":""jacquelinegarrison@example.net"",""phone"":""231.853.8397x89581"",""location"":{""city"":""Ramirezville"",""country"":""Antigua and Barbuda"",""remote_preference"":""remote""},""summary"":""Innovative JavaScript Developer with extensive experience in front-end frameworks and building interactive user interfaces using React and Angular."",""linkedin"":""linkedin.com\/in\/ryan88"",""github"":""github.com\/bradleygonzalez""}",name dawn good email jacquelinegarrison example.net phone 231.853.8397x89581 location city ramirezville country antigua and barbuda remote preference remote summary innovative javascript developer with extensive experience in front end frameworks and building interactive user interfaces using react and angular. linkedin linkedin.com in ryan88 github github.com bradleygonzalez,"['java', 'javascript', 'react', 'git', 'github']",5
"{""name"":""Bradley Wells"",""email"":""iroberts@example.net"",""phone"":""262.680.4216x80571"",""location"":{""city"":""Lake Angela"",""country"":""Philippines"",""remote_preference"":""remote""},""summary"":""Innovative JavaScript Developer with extensive experience in front-end frameworks and building interactive user interfaces using React and Angular."",""linkedin"":""linkedin.com\/in\/williamsjulie"",""github"":""github.com\/amorris""}",name bradley wells email iroberts example.net phone 262.680.4216x80571 location city lake angela country philippines remote preference remote summary innovative javascript developer with extensive experience in front end frameworks and building interactive user interfaces using react and angular. linkedin linkedin.com in williamsjulie github github.com amorris,"['java', 'javascript', 'react', 'git', 'github']",5
"{""name"":""Ashley Roth"",""email"":""berrykendra@example.com"",""phone"":""+1-797-508-5085x1659"",""location"":{""city"":""Aaronmouth"",""country"":""Seychelles"",""remote_preference"":""onsite""},""summary"":""Innovative JavaScript Developer with extensive experience in front-end frameworks and building interactive user interfaces using React and Angular."",""linkedin"":""linkedin.com\/in\/jjohnson"",""github"":""github.com\/josephhart""}",name ashley roth email berrykendra example.com phone +1 797 508 5085x1659 location city aaronmouth country seychelles remote preference onsite summary innovative javascript developer with extensive experience in front end frameworks and building interactive user interfaces using react and angular. linkedin linkedin.com in jjohnson github github.com josephhart,"['java', 'javascript', 'react', 'git', 'github']",5
"{""name"":""Julie Jones"",""email"":""anthony47@example.net"",""phone"":""485.931.5930"",""location"":{""city"":""Johnsonborough"",""country"":""Namibia"",""remote_preference"":""remote""},""summary"":""Innovative JavaScript Developer with extensive experience in front-end frameworks and building interactive user interfaces using React and Angular."",""linkedin"":""linkedin.com\/in\/donnacooper"",""github"":""github.com\/swiggins""}",name julie jones email anthony47 example.net phone 485.931.5930 location city johnsonborough country namibia remote preference remote summary innovative javascript developer with extensive experience in front end frameworks and building interactive user interfaces using react and angular. linkedin linkedin.com in donnacooper github github.com swiggins,"['java', 'javascript', 'react', 'git', 'github']",5
"{""name"":""Ashley Herman"",""email"":""christopher96@example.org"",""phone"":""+1-371-992-7813x146"",""location"":{""city"":""Mayoborough"",""country"":""Fiji"",""remote_preference"":""remote""},""summary"":""Full-Stack Developer proficient in both front-end and back-end development. Skilled in React and Django, creating complete web applications."",""linkedin"":""linkedin.com\/in\/jguzman"",""github"":""github.com\/gjohnson""}",name ashley herman email christopher96 example.org phone +1 371 992 7813x146 location city mayoborough country fiji remote preference remote summary full stack developer proficient in both front end and back end development. skilled in react and django creating complete web applications. linkedin linkedin.com in jguzman github github.com gjohnson,"['react', 'git', 'github']",3
"{""name"":""Lauren Lamb"",""email"":""elizabeth04@example.com"",""phone"":""945.683.5669"",""location"":{""city"":""Jodystad"",""country"":""Angola"",""remote_preference"":""remote""},""summary"":""Full-Stack Developer proficient in both front-end and back-end development. Skilled in React and Django, creating complete web applications."",""linkedin"":""linkedin.com\/in\/cochranmichelle"",""github"":""github.com\/marcus76""}",name lauren lamb email elizabeth04 example.com phone 945.683.5669 location city jodystad country angola remote preference remote summary full stack developer proficient in both front end and back end development. skilled in react and django creating complete web applications. linkedin linkedin.com in cochranmichelle github github.com marcus76,"['react', 'git', 'github']",3
"{""name"":""David Charles Jr."",""email"":""yfuller@example.org"",""phone"":""591.987.0483"",""location"":{""city"":""Xavierborough"",""country"":""Canada"",""remote_preference"":""hybrid""},""summary"":""Full-Stack Developer proficient in both front-end and back-end development. Skilled in React and Django, creating complete web applications."",""linkedin"":""linkedin.com\/in\/obrady"",""github"":""github.com\/nmartin""}",name david charles jr. email yfuller example.org phone 591.987.0483 location city xavierborough country canada remote preference hybrid summary full stack developer proficient in both front end and back end development. skilled in react and django creating complete web applications. linkedin linkedin.com in obrady github github.com nmartin,"['react', 'git', 'github']",3
"{""name"":""Cody Rush"",""email"":""spencerthomas@example.net"",""phone"":""9529130295"",""location"":{""city"":""Port Davidville"",""country"":""Panama"",""remote_preference"":""hybrid""},""summary"":""Full-Stack Developer proficient in both front-end and back-end development. Skilled in React and Django, creating complete web applications."",""linkedin"":""linkedin.com\/in\/omar89"",""github"":""github.com\/robertschultz""}",name cody rush email spencerthomas example.net phone 9529130295 location city port davidville country panama remote preference hybrid summary full stack developer proficient in both front end and back end development. skilled in react and django creating complete web applications. linkedin linkedin.com in omar89 github github.com robertschultz,"['react', 'git', 'github']",3
"{""name"":""Beverly Hall"",""email"":""sfischer@example.net"",""phone"":""(219)911-9957x175"",""location"":{""city"":""West Eric"",""country"":""Samoa"",""remote_preference"":""onsite""},""summary"":""Full-Stack Developer proficient in both front-end and back-end development. Skilled in React and Django, creating complete web applications."",""linkedin"":""linkedin.com\/in\/jeffreyvazquez"",""github"":""github.com\/kennedymichaela""}",name beverly hall email sfischer example.net phone 219 911 9957x175 location city west eric country samoa remote preference onsite summary full stack developer proficient in both front end and back end development. skilled in react and django creating complete web applications. linkedin linkedin.com in jeffreyvazquez github github.com kennedymichaela,"['react', 'git', 'github']",3
"{""name"":""Jared Stephens"",""email"":""hhudson@example.com"",""phone"":""9447391942"",""location"":{""city"":""Gillespiemouth"",""country"":""Croatia"",""remote_preference"":""onsite""},""summary"":""Full-Stack Developer proficient in both front-end and back-end development. Skilled in React and Django, creating complete web applications."",""linkedin"":""linkedin.com\/in\/diazmark"",""github"":""github.com\/thomasautumn""}",name jared stephens email hhudson example.com phone 9447391942 location city gillespiemouth country croatia remote preference onsite summary full stack developer proficient in both front end and back end development. skilled in react and django creating complete web applications. linkedin linkedin.com in diazmark github github.com thomasautumn,"['react', 'git', 'github']",3
"{""name"":""Daniel Baker"",""email"":""stephenlindsey@example.net"",""phone"":""001-268-756-2261"",""location"":{""city"":""Port Daniel"",""country"":""Korea"",""remote_preference"":""remote""},""summary"":""Full-Stack Developer proficient in both front-end and back-end development. Skilled in React and Django, creating complete web applications."",""linkedin"":""linkedin.com\/in\/halljennifer"",""github"":""github.com\/zspears""}",name daniel baker email stephenlindsey example.net phone 001 268 756 2261 location city port daniel country korea remote preference remote summary full stack developer proficient in both front end and back end development. skilled in react and django creating complete web applications. linkedin linkedin.com in halljennifer github github.com zspears,"['react', 'git', 'github']",3
"{""name"":""Steven Jones"",""email"":""linda45@example.net"",""phone"":""001-607-887-4536x1183"",""location"":{""city"":""Turnertown"",""country"":""Mali"",""remote_preference"":""hybrid""},""summary"":""Full-Stack Developer proficient in both front-end and back-end development. Skilled in React and Django, creating complete web applications."",""linkedin"":""linkedin.com\/in\/philipoconnell"",""github"":""github.com\/emily28""}",name steven jones email linda45 example.net phone 001 607 887 4536x1183 location city turnertown country mali remote preference hybrid summary full stack developer proficient in both front end and back end development. skilled in react and django creating complete web applications. linkedin linkedin.com in philipoconnell github github.com emily28,"['react', 'git', 'github']",3
"{""name"":""Angela Bennett"",""email"":""mthomas@example.net"",""phone"":""956.386.3071x71643"",""location"":{""city"":""South Ann"",""country"":""Cameroon"",""remote_preference"":""hybrid""},""summary"":""Full-Stack Developer proficient in both front-end and back-end development. Skilled in React and Django, creating complete web applications."",""linkedin"":""linkedin.com\/in\/hailey19"",""github"":""github.com\/mleach""}",name angela bennett email mthomas example.net phone 956.386.3071x71643 location city south ann country cameroon remote preference hybrid summary full stack developer proficient in both front end and back end development. skilled in react and django creating complete web applications. linkedin linkedin.com in hailey19 github github.com mleach,"['react', 'git', 'github']",3
"{""name"":""Bryan Anderson"",""email"":""jessica60@example.net"",""phone"":""+1-315-986-0590x108"",""location"":{""city"":""Reginachester"",""country"":""South Africa"",""remote_preference"":""onsite""},""summary"":""Full-Stack Developer proficient in both front-end and back-end development. Skilled in React and Django, creating complete web applications."",""linkedin"":""linkedin.com\/in\/dmurphy"",""github"":""github.com\/donna95""}",name bryan anderson email jessica60 example.net phone +1 315 986 0590x108 location city reginachester country south africa remote preference onsite summary full stack developer proficient in both front end and back end development. skilled in react and django creating complete web applications. linkedin linkedin.com in dmurphy github github.com donna95,"['react', 'git', 'github']",3
"{""name"":""Alexis Harris"",""email"":""andrea07@example.net"",""phone"":""+1-349-493-3840x9307"",""location"":{""city"":""Rickyton"",""country"":""Korea"",""remote_preference"":""remote""},""summary"":""Full-Stack Developer proficient in both front-end and back-end development. Skilled in React and Django, creating complete web applications."",""linkedin"":""linkedin.com\/in\/crobinson"",""github"":""github.com\/thanson""}",name alexis harris email andrea07 example.net phone +1 349 493 3840x9307 location city rickyton country korea remote preference remote summary full stack developer proficient in both front end and back end development. skilled in react and django creating complete web applications. linkedin linkedin.com in crobinson github github.com thanson,"['react', 'git', 'github']",3
"{""name"":""Stephen Newton"",""email"":""barbermary@example.com"",""phone"":""835.538.1473x396"",""location"":{""city"":""Patrickview"",""country"":""Namibia"",""remote_preference"":""remote""},""summary"":""Full-Stack Developer proficient in both front-end and back-end development. Skilled in React and Django, creating complete web applications."",""linkedin"":""linkedin.com\/in\/rosedean"",""github"":""github.com\/jenkinsmary""}",name stephen newton email barbermary example.com phone 835.538.1473x396 location city patrickview country namibia remote preference remote summary full stack developer proficient in both front end and back end development. skilled in react and django creating complete web applications. linkedin linkedin.com in rosedean github github.com jenkinsmary,"['react', 'git', 'github']",3
"{""name"":""Christopher Ellis"",""email"":""lramirez@example.net"",""phone"":""862-297-1920x3384"",""location"":{""city"":""Catherineland"",""country"":""Cyprus"",""remote_preference"":""hybrid""},""summary"":""Full-Stack Developer proficient in both front-end and back-end development. Skilled in React and Django, creating complete web applications."",""linkedin"":""linkedin.com\/in\/brianwhite"",""github"":""github.com\/kathryn25""}",name christopher ellis email lramirez example.net phone 862 297 1920x3384 location city catherineland country cyprus remote preference hybrid summary full stack developer proficient in both front end and back end development. skilled in react and django creating complete web applications. linkedin linkedin.com in brianwhite github github.com kathryn25,"['react', 'git', 'github']",3
"{""name"":""Cheryl Davis"",""email"":""carlycaldwell@example.com"",""phone"":""001-777-224-4716x4626"",""location"":{""city"":""West Jill"",""country"":""Paraguay"",""remote_preference"":""hybrid""},""summary"":""Full-Stack Developer proficient in both front-end and back-end development. Skilled in React and Django, creating complete web applications."",""linkedin"":""linkedin.com\/in\/paulthompson"",""github"":""github.com\/susanbarber""}",name cheryl davis email carlycaldwell example.com phone 001 777 224 4716x4626 location city west jill country paraguay remote preference hybrid summary full stack developer proficient in both front end and back end development. skilled in react and django creating complete web applications. linkedin linkedin.com in paulthompson github github.com susanbarber,"['react', 'git', 'github']",3
"{""name"":""Jennifer Hoffman"",""email"":""troywilliamson@example.com"",""phone"":""001-562-345-1560x89754"",""location"":{""city"":""Ericaborough"",""country"":""Vietnam"",""remote_preference"":""onsite""},""summary"":""Full-Stack Developer proficient in both front-end and back-end development. Skilled in React and Django, creating complete web applications."",""linkedin"":""linkedin.com\/in\/timothy86"",""github"":""github.com\/felicia31""}",name jennifer hoffman email troywilliamson example.com phone 001 562 345 1560x89754 location city ericaborough country vietnam remote preference onsite summary full stack developer proficient in both front end and back end development. skilled in react and django creating complete web applications. linkedin linkedin.com in timothy86 github github.com felicia31,"['react', 'git', 'github']",3
"{""name"":""Jose Johnson"",""email"":""ydunn@example.com"",""phone"":""929.670.0539"",""location"":{""city"":""New Lisa"",""country"":""Djibouti"",""remote_preference"":""onsite""},""summary"":""Full-Stack Developer proficient in both front-end and back-end development. Skilled in React and Django, creating complete web applications."",""linkedin"":""linkedin.com\/in\/campbellgregory"",""github"":""github.com\/lynnfry""}",name jose johnson email ydunn example.com phone 929.670.0539 location city new lisa country djibouti remote preference onsite summary full stack developer proficient in both front end and back end development. skilled in react and django creating complete web applications. linkedin linkedin.com in campbellgregory github github.com lynnfry,"['react', 'git', 'github']",3
"{""name"":""Benjamin White"",""email"":""rebeccaalvarez@example.net"",""phone"":""(726)280-5956x851"",""location"":{""city"":""Kevinmouth"",""country"":""Guam"",""remote_preference"":""remote""},""summary"":""Full-Stack Developer proficient in both front-end and back-end development. Skilled in React and Django, creating complete web applications."",""linkedin"":""linkedin.com\/in\/kimberlysanchez"",""github"":""github.com\/trivera""}",name benjamin white email rebeccaalvarez example.net phone 726 280 5956x851 location city kevinmouth country guam remote preference remote summary full stack developer proficient in both front end and back end development. skilled in react and django creating complete web applications. linkedin linkedin.com in kimberlysanchez github github.com trivera,"['react', 'git', 'github']",3
"{""name"":""Kelly Anderson"",""email"":""qcrawford@example.net"",""phone"":""(793)709-1066x700"",""location"":{""city"":""Lisachester"",""country"":""Latvia"",""remote_preference"":""remote""},""summary"":""Full-Stack Developer proficient in both front-end and back-end development. Skilled in React and Django, creating complete web applications."",""linkedin"":""linkedin.com\/in\/leewade"",""github"":""github.com\/uramos""}",name kelly anderson email qcrawford example.net phone 793 709 1066x700 location city lisachester country latvia remote preference remote summary full stack developer proficient in both front end and back end development. skilled in react and django creating complete web applications. linkedin linkedin.com in leewade github github.com uramos,"['react', 'git', 'github']",3
"{""name"":""Jason Price"",""email"":""whiteadrienne@example.org"",""phone"":""001-442-251-2146x5204"",""location"":{""city"":""Smithmouth"",""country"":""Honduras"",""remote_preference"":""onsite""},""summary"":""Full-Stack Developer proficient in both front-end and back-end development. Skilled in React and Django, creating complete web applications."",""linkedin"":""linkedin.com\/in\/lopezlisa"",""github"":""github.com\/robertmartin""}",name jason price email whiteadrienne example.org phone 001 442 251 2146x5204 location city smithmouth country honduras remote preference onsite summary full stack developer proficient in both front end and back end development. skilled in react and django creating complete web applications. linkedin linkedin.com in lopezlisa github github.com robertmartin,"['react', 'git', 'github']",3
"{""name"":""Nicole Krueger"",""email"":""janice53@example.org"",""phone"":""+1-821-955-9350"",""location"":{""city"":""Hernandezstad"",""country"":""Bhutan"",""remote_preference"":""onsite""},""summary"":""Full-Stack Developer proficient in both front-end and back-end development. Skilled in React and Django, creating complete web applications."",""linkedin"":""linkedin.com\/in\/anitamatthews"",""github"":""github.com\/brittanyjohnson""}",name nicole krueger email janice53 example.org phone +1 821 955 9350 location city hernandezstad country bhutan remote preference onsite summary full stack developer proficient in both front end and back end development. skilled in react and django creating complete web applications. linkedin linkedin.com in anitamatthews github github.com brittanyjohnson,"['react', 'git', 'github']",3
"{""name"":""Danielle Gray"",""email"":""karen57@example.org"",""phone"":""+1-517-214-7155x63716"",""location"":{""city"":""Josephton"",""country"":""Sao Tome and Principe"",""remote_preference"":""onsite""},""summary"":""Full-Stack Developer proficient in both front-end and back-end development. Skilled in React and Django, creating complete web applications."",""linkedin"":""linkedin.com\/in\/heather47"",""github"":""github.com\/cheryl12""}",name danielle gray email karen57 example.org phone +1 517 214 7155x63716 location city josephton country sao tome and principe remote preference onsite summary full stack developer proficient in both front end and back end development. skilled in react and django creating complete web applications. linkedin linkedin.com in heather47 github github.com cheryl12,"['react', 'git', 'github']",3
"{""name"":""Tracy Lee"",""email"":""bserrano@example.org"",""phone"":""+1-420-966-6015"",""location"":{""city"":""Jamesmouth"",""country"":""Gambia"",""remote_preference"":""remote""},""summary"":""Full-Stack Developer proficient in both front-end and back-end development. Skilled in React and Django, creating complete web applications."",""linkedin"":""linkedin.com\/in\/tammiewilliams"",""github"":""github.com\/roberttaylor""}",name tracy lee email bserrano example.org phone +1 420 966 6015 location city jamesmouth country gambia remote preference remote summary full stack developer proficient in both front end and back end development. skilled in react and django creating complete web applications. linkedin linkedin.com in tammiewilliams github github.com roberttaylor,"['react', 'git', 'github']",3
"{""name"":""Andrea Bond"",""email"":""olivia44@example.org"",""phone"":""001-963-915-5349"",""location"":{""city"":""West Douglas"",""country"":""Timor-Leste"",""remote_preference"":""onsite""},""summary"":""Full-Stack Developer proficient in both front-end and back-end development. Skilled in React and Django, creating complete web applications."",""linkedin"":""linkedin.com\/in\/danielleking"",""github"":""github.com\/jamesturner""}",name andrea bond email olivia44 example.org phone 001 963 915 5349 location city west douglas country timor leste remote preference onsite summary full stack developer proficient in both front end and back end development. skilled in react and django creating complete web applications. linkedin linkedin.com in danielleking github github.com jamesturner,"['react', 'git', 'github']",3
"{""name"":""Cody Brewer"",""email"":""brendapearson@example.com"",""phone"":""001-204-982-4046x97628"",""location"":{""city"":""New Brittney"",""country"":""Cook Islands"",""remote_preference"":""hybrid""},""summary"":""Full-Stack Developer proficient in both front-end and back-end development. Skilled in React and Django, creating complete web applications."",""linkedin"":""linkedin.com\/in\/gtorres"",""github"":""github.com\/jacobsmith""}",name cody brewer email brendapearson example.com phone 001 204 982 4046x97628 location city new brittney country cook islands remote preference hybrid summary full stack developer proficient in both front end and back end development. skilled in react and django creating complete web applications. linkedin linkedin.com in gtorres github github.com jacobsmith,"['react', 'git', 'github']",3
"{""name"":""Alyssa Olsen"",""email"":""connie25@example.org"",""phone"":""001-925-240-3768x53866"",""location"":{""city"":""Higginsbury"",""country"":""Cayman Islands"",""remote_preference"":""onsite""},""summary"":""Full-Stack Developer proficient in both front-end and back-end development. Skilled in React and Django, creating complete web applications."",""linkedin"":""linkedin.com\/in\/alan50"",""github"":""github.com\/twood""}",name alyssa olsen email connie25 example.org phone 001 925 240 3768x53866 location city higginsbury country cayman islands remote preference onsite summary full stack developer proficient in both front end and back end development. skilled in react and django creating complete web applications. linkedin linkedin.com in alan50 github github.com twood,"['react', 'git', 'github']",3
"{""name"":""Martin Lee"",""email"":""alyssa87@example.net"",""phone"":""651-635-8085"",""location"":{""city"":""Lake Antonioshire"",""country"":""Algeria"",""remote_preference"":""hybrid""},""summary"":""Full-Stack Developer proficient in both front-end and back-end development. Skilled in React and Django, creating complete web applications."",""linkedin"":""linkedin.com\/in\/iprice"",""github"":""github.com\/michaelmoore""}",name martin lee email alyssa87 example.net phone 651 635 8085 location city lake antonioshire country algeria remote preference hybrid summary full stack developer proficient in both front end and back end development. skilled in react and django creating complete web applications. linkedin linkedin.com in iprice github github.com michaelmoore,"['react', 'git', 'github']",3
"{""name"":""Ryan Padilla"",""email"":""spearskyle@example.org"",""phone"":""001-687-218-0802x6124"",""location"":{""city"":""New Thomasport"",""country"":""Cayman Islands"",""remote_preference"":""onsite""},""summary"":""Full-Stack Developer proficient in both front-end and back-end development. Skilled in React and Django, creating complete web applications."",""linkedin"":""linkedin.com\/in\/perezleslie"",""github"":""github.com\/lisa67""}",name ryan padilla email spearskyle example.org phone 001 687 218 0802x6124 location city new thomasport country cayman islands remote preference onsite summary full stack developer proficient in both front end and back end development. skilled in react and django creating complete web applications. linkedin linkedin.com in perezleslie github github.com lisa67,"['react', 'git', 'github']",3
"{""name"":""Laura Cherry"",""email"":""jamespalmer@example.org"",""phone"":""254.280.4310x282"",""location"":{""city"":""East Jacobberg"",""country"":""Kiribati"",""remote_preference"":""hybrid""},""summary"":""Full-Stack Developer proficient in both front-end and back-end development. Skilled in React and Django, creating complete web applications."",""linkedin"":""linkedin.com\/in\/chamilton"",""github"":""github.com\/zsummers""}",name laura cherry email jamespalmer example.org phone 254.280.4310x282 location city east jacobberg country kiribati remote preference hybrid summary full stack developer proficient in both front end and back end development. skilled in react and django creating complete web applications. linkedin linkedin.com in chamilton github github.com zsummers,"['react', 'git', 'github']",3
"{""name"":""Cynthia Williams"",""email"":""john75@example.net"",""phone"":""384-420-6455x828"",""location"":{""city"":""South Chelseybury"",""country"":""Mayotte"",""remote_preference"":""remote""},""summary"":""Full-Stack Developer proficient in both front-end and back-end development. Skilled in React and Django, creating complete web applications."",""linkedin"":""linkedin.com\/in\/cynthiabailey"",""github"":""github.com\/tracylewis""}",name cynthia williams email john75 example.net phone 384 420 6455x828 location city south chelseybury country mayotte remote preference remote summary full stack developer proficient in both front end and back end development. skilled in react and django creating complete web applications. linkedin linkedin.com in cynthiabailey github github.com tracylewis,"['react', 'git', 'github']",3
"{""name"":""Alex Banks"",""email"":""lhopkins@example.com"",""phone"":""+1-408-718-6956x241"",""location"":{""city"":""Port Ryan"",""country"":""Ireland"",""remote_preference"":""remote""},""summary"":""Full-Stack Developer proficient in both front-end and back-end development. Skilled in React and Django, creating complete web applications."",""linkedin"":""linkedin.com\/in\/mindyspence"",""github"":""github.com\/ghart""}",name alex banks email lhopkins example.com phone +1 408 718 6956x241 location city port ryan country ireland remote preference remote summary full stack developer proficient in both front end and back end development. skilled in react and django creating complete web applications. linkedin linkedin.com in mindyspence github github.com ghart,"['react', 'git', 'github']",3
"{""name"":""Michelle Sanchez"",""email"":""brandy88@example.com"",""phone"":""809-798-6677x233"",""location"":{""city"":""East Michelle"",""country"":""Denmark"",""remote_preference"":""remote""},""summary"":""Full-Stack Developer proficient in both front-end and back-end development. Skilled in React and Django, creating complete web applications."",""linkedin"":""linkedin.com\/in\/trevor66"",""github"":""github.com\/benjamin41""}",name michelle sanchez email brandy88 example.com phone 809 798 6677x233 location city east michelle country denmark remote preference remote summary full stack developer proficient in both front end and back end development. skilled in react and django creating complete web applications. linkedin linkedin.com in trevor66 github github.com benjamin41,"['react', 'git', 'github']",3
"{""name"":""Christopher Jones"",""email"":""xmccoy@example.org"",""phone"":""+1-421-974-2389x22145"",""location"":{""city"":""Christophermouth"",""country"":""British Indian Ocean Territory (Chagos Archipelago)"",""remote_preference"":""remote""},""summary"":""Full-Stack Developer proficient in both front-end and back-end development. Skilled in React and Django, creating complete web applications."",""linkedin"":""linkedin.com\/in\/adambryant"",""github"":""github.com\/morgancharles""}",name christopher jones email xmccoy example.org phone +1 421 974 2389x22145 location city christophermouth country british indian ocean territory chagos archipelago remote preference remote summary full stack developer proficient in both front end and back end development. skilled in react and django creating complete web applications. linkedin linkedin.com in adambryant github github.com morgancharles,"['react', 'git', 'github']",3
"{""name"":""Michael Smith"",""email"":""bcarter@example.com"",""phone"":""772-473-1560x19976"",""location"":{""city"":""Laurenside"",""country"":""Mayotte"",""remote_preference"":""remote""},""summary"":""Full-Stack Developer proficient in both front-end and back-end development. Skilled in React and Django, creating complete web applications."",""linkedin"":""linkedin.com\/in\/portercarl"",""github"":""github.com\/tcampbell""}",name michael smith email bcarter example.com phone 772 473 1560x19976 location city laurenside country mayotte remote preference remote summary full stack developer proficient in both front end and back end development. skilled in react and django creating complete web applications. linkedin linkedin.com in portercarl github github.com tcampbell,"['react', 'git', 'github']",3
"{""name"":""Sarah Benitez"",""email"":""zcannon@example.com"",""phone"":""001-304-959-4865x2775"",""location"":{""city"":""Timothyhaven"",""country"":""Montenegro"",""remote_preference"":""remote""},""summary"":""Full-Stack Developer proficient in both front-end and back-end development. Skilled in React and Django, creating complete web applications."",""linkedin"":""linkedin.com\/in\/aaron17"",""github"":""github.com\/gregory21""}",name sarah benitez email zcannon example.com phone 001 304 959 4865x2775 location city timothyhaven country montenegro remote preference remote summary full stack developer proficient in both front end and back end development. skilled in react and django creating complete web applications. linkedin linkedin.com in aaron17 github github.com gregory21,"['react', 'git', 'github']",3
"{""name"":""Alexander Willis"",""email"":""bradley19@example.org"",""phone"":""697.473.2322x99304"",""location"":{""city"":""South Barrybury"",""country"":""Norway"",""remote_preference"":""remote""},""summary"":""Full-Stack Developer proficient in both front-end and back-end development. Skilled in React and Django, creating complete web applications."",""linkedin"":""linkedin.com\/in\/amber44"",""github"":""github.com\/annaleonard""}",name alexander willis email bradley19 example.org phone 697.473.2322x99304 location city south barrybury country norway remote preference remote summary full stack developer proficient in both front end and back end development. skilled in react and django creating complete web applications. linkedin linkedin.com in amber44 github github.com annaleonard,"['react', 'git', 'github']",3
"{""name"":""Edward Torres"",""email"":""prichardson@example.com"",""phone"":""001-989-818-6331"",""location"":{""city"":""Atkinsstad"",""country"":""Poland"",""remote_preference"":""remote""},""summary"":""Full-Stack Developer proficient in both front-end and back-end development. Skilled in React and Django, creating complete web applications."",""linkedin"":""linkedin.com\/in\/hardyamy"",""github"":""github.com\/michael94""}",name edward torres email prichardson example.com phone 001 989 818 6331 location city atkinsstad country poland remote preference remote summary full stack developer proficient in both front end and back end development. skilled in react and django creating complete web applications. linkedin linkedin.com in hardyamy github github.com michael94,"['react', 'git', 'github']",3
"{""name"":""Carrie Oneal"",""email"":""wendy33@example.org"",""phone"":""442.373.4421x940"",""location"":{""city"":""North Davidton"",""country"":""Lao People's Democratic Republic"",""remote_preference"":""onsite""},""summary"":""Full-Stack Developer proficient in both front-end and back-end development. Skilled in React and Django, creating complete web applications."",""linkedin"":""linkedin.com\/in\/colemantracey"",""github"":""github.com\/ryangardner""}",name carrie oneal email wendy33 example.org phone 442.373.4421x940 location city north davidton country lao people s democratic republic remote preference onsite summary full stack developer proficient in both front end and back end development. skilled in react and django creating complete web applications. linkedin linkedin.com in colemantracey github github.com ryangardner,"['react', 'git', 'github']",3
"{""name"":""Tyler Velez"",""email"":""plevine@example.org"",""phone"":""537-875-6734x615"",""location"":{""city"":""Ryanberg"",""country"":""Barbados"",""remote_preference"":""hybrid""},""summary"":""Full-Stack Developer proficient in both front-end and back-end development. Skilled in React and Django, creating complete web applications."",""linkedin"":""linkedin.com\/in\/nicoleblake"",""github"":""github.com\/jennifer26""}",name tyler velez email plevine example.org phone 537 875 6734x615 location city ryanberg country barbados remote preference hybrid summary full stack developer proficient in both front end and back end development. skilled in react and django creating complete web applications. linkedin linkedin.com in nicoleblake github github.com jennifer26,"['react', 'git', 'github']",3
"{""name"":""Michael Kelly"",""email"":""slarsen@example.org"",""phone"":""(443)335-5509"",""location"":{""city"":""East Emilyview"",""country"":""Congo"",""remote_preference"":""hybrid""},""summary"":""Full-Stack Developer proficient in both front-end and back-end development. Skilled in React and Django, creating complete web applications."",""linkedin"":""linkedin.com\/in\/jonsmith"",""github"":""github.com\/smithcynthia""}",name michael kelly email slarsen example.org phone 443 335 5509 location city east emilyview country congo remote preference hybrid summary full stack developer proficient in both front end and back end development. skilled in react and django creating complete web applications. linkedin linkedin.com in jonsmith github github.com smithcynthia,"['react', 'git', 'github']",3
"{""name"":""Matthew Walters II"",""email"":""diazsteven@example.org"",""phone"":""297.210.7991x09102"",""location"":{""city"":""Allisonhaven"",""country"":""Dominica"",""remote_preference"":""onsite""},""summary"":""Full-Stack Developer proficient in both front-end and back-end development. Skilled in React and Django, creating complete web applications."",""linkedin"":""linkedin.com\/in\/rodriguezrichard"",""github"":""github.com\/cobbhayley""}",name matthew walters ii email diazsteven example.org phone 297.210.7991x09102 location city allisonhaven country dominica remote preference onsite summary full stack developer proficient in both front end and back end development. skilled in react and django creating complete web applications. linkedin linkedin.com in rodriguezrichard github github.com cobbhayley,"['react', 'git', 'github']",3
"{""name"":""Eric Thomas"",""email"":""sweeneywilliam@example.com"",""phone"":""+1-536-894-3295"",""location"":{""city"":""Whitneyville"",""country"":""Cuba"",""remote_preference"":""remote""},""summary"":""Full-Stack Developer proficient in both front-end and back-end development. Skilled in React and Django, creating complete web applications."",""linkedin"":""linkedin.com\/in\/bellallison"",""github"":""github.com\/chad21""}",name eric thomas email sweeneywilliam example.com phone +1 536 894 3295 location city whitneyville country cuba remote preference remote summary full stack developer proficient in both front end and back end development. skilled in react and django creating complete web applications. linkedin linkedin.com in bellallison github github.com chad21,"['react', 'git', 'github']",3
"{""name"":""Melissa Garcia"",""email"":""travisbrown@example.com"",""phone"":""495-600-4390"",""location"":{""city"":""West Jonborough"",""country"":""Togo"",""remote_preference"":""onsite""},""summary"":""Full-Stack Developer proficient in both front-end and back-end development. Skilled in React and Django, creating complete web applications."",""linkedin"":""linkedin.com\/in\/bonniehowell"",""github"":""github.com\/perryjeffrey""}",name melissa garcia email travisbrown example.com phone 495 600 4390 location city west jonborough country togo remote preference onsite summary full stack developer proficient in both front end and back end development. skilled in react and django creating complete web applications. linkedin linkedin.com in bonniehowell github github.com perryjeffrey,"['react', 'git', 'github']",3
"{""name"":""Robert Hughes"",""email"":""woodsbradley@example.org"",""phone"":""5845787678"",""location"":{""city"":""North Christopher"",""country"":""Belarus"",""remote_preference"":""hybrid""},""summary"":""Full-Stack Developer proficient in both front-end and back-end development. Skilled in React and Django, creating complete web applications."",""linkedin"":""linkedin.com\/in\/lking"",""github"":""github.com\/melissa09""}",name robert hughes email woodsbradley example.org phone 5845787678 location city north christopher country belarus remote preference hybrid summary full stack developer proficient in both front end and back end development. skilled in react and django creating complete web applications. linkedin linkedin.com in lking github github.com melissa09,"['react', 'git', 'github']",3
"{""name"":""Laura Ortiz"",""email"":""david46@example.org"",""phone"":""(889)441-6017x8678"",""location"":{""city"":""New Mark"",""country"":""Portugal"",""remote_preference"":""onsite""},""summary"":""Full-Stack Developer proficient in both front-end and back-end development. Skilled in React and Django, creating complete web applications."",""linkedin"":""linkedin.com\/in\/kwilliams"",""github"":""github.com\/uavila""}",name laura ortiz email david46 example.org phone 889 441 6017x8678 location city new mark country portugal remote preference onsite summary full stack developer proficient in both front end and back end development. skilled in react and django creating complete web applications. linkedin linkedin.com in kwilliams github github.com uavila,"['react', 'git', 'github']",3
"{""name"":""Shannon Savage"",""email"":""sarahlewis@example.net"",""phone"":""888.268.6535"",""location"":{""city"":""New Jamiefort"",""country"":""Spain"",""remote_preference"":""hybrid""},""summary"":""Full-Stack Developer proficient in both front-end and back-end development. Skilled in React and Django, creating complete web applications."",""linkedin"":""linkedin.com\/in\/goodronald"",""github"":""github.com\/carol69""}",name shannon savage email sarahlewis example.net phone 888.268.6535 location city new jamiefort country spain remote preference hybrid summary full stack developer proficient in both front end and back end development. skilled in react and django creating complete web applications. linkedin linkedin.com in goodronald github github.com carol69,"['react', 'git', 'github']",3
"{""name"":""Heather Johnson"",""email"":""travishayes@example.com"",""phone"":""515.388.9004"",""location"":{""city"":""Mcgeeborough"",""country"":""Croatia"",""remote_preference"":""hybrid""},""summary"":""Full-Stack Developer proficient in both front-end and back-end development. Skilled in React and Django, creating complete web applications."",""linkedin"":""linkedin.com\/in\/alejandra74"",""github"":""github.com\/cheryl75""}",name heather johnson email travishayes example.com phone 515.388.9004 location city mcgeeborough country croatia remote preference hybrid summary full stack developer proficient in both front end and back end development. skilled in react and django creating complete web applications. linkedin linkedin.com in alejandra74 github github.com cheryl75,"['react', 'git', 'github']",3
"{""name"":""Randy Bray"",""email"":""keith43@example.net"",""phone"":""237.494.8128x5817"",""location"":{""city"":""North Jenniferburgh"",""country"":""Tajikistan"",""remote_preference"":""remote""},""summary"":""Full-Stack Developer proficient in both front-end and back-end development. Skilled in React and Django, creating complete web applications."",""linkedin"":""linkedin.com\/in\/davidthomas"",""github"":""github.com\/david84""}",name randy bray email keith43 example.net phone 237.494.8128x5817 location city north jenniferburgh country tajikistan remote preference remote summary full stack developer proficient in both front end and back end development. skilled in react and django creating complete web applications. linkedin linkedin.com in davidthomas github github.com david84,"['react', 'git', 'github']",3
"{""name"":""Margaret Carpenter"",""email"":""robert88@example.org"",""phone"":""885-279-5294x5803"",""location"":{""city"":""North Melissa"",""country"":""Cambodia"",""remote_preference"":""hybrid""},""summary"":""Full-Stack Developer proficient in both front-end and back-end development. Skilled in React and Django, creating complete web applications."",""linkedin"":""linkedin.com\/in\/bakermatthew"",""github"":""github.com\/carterandre""}",name margaret carpenter email robert88 example.org phone 885 279 5294x5803 location city north melissa country cambodia remote preference hybrid summary full stack developer proficient in both front end and back end development. skilled in react and django creating complete web applications. linkedin linkedin.com in bakermatthew github github.com carterandre,"['react', 'git', 'github']",3
"{""name"":""Victoria Lopez"",""email"":""catherine47@example.org"",""phone"":""882.700.2944x4506"",""location"":{""city"":""South Terri"",""country"":""Switzerland"",""remote_preference"":""hybrid""},""summary"":""Full-Stack Developer proficient in both front-end and back-end development. Skilled in React and Django, creating complete web applications."",""linkedin"":""linkedin.com\/in\/brittany38"",""github"":""github.com\/bryceanderson""}",name victoria lopez email catherine47 example.org phone 882.700.2944x4506 location city south terri country switzerland remote preference hybrid summary full stack developer proficient in both front end and back end development. skilled in react and django creating complete web applications. linkedin linkedin.com in brittany38 github github.com bryceanderson,"['react', 'git', 'github']",3
"{""name"":""Ashley Baird"",""email"":""jonathan82@example.com"",""phone"":""+1-237-346-6470x88398"",""location"":{""city"":""Olsontown"",""country"":""Malawi"",""remote_preference"":""onsite""},""summary"":""Full-Stack Developer proficient in both front-end and back-end development. Skilled in React and Django, creating complete web applications."",""linkedin"":""linkedin.com\/in\/jeffrey30"",""github"":""github.com\/hwilliams""}",name ashley baird email jonathan82 example.com phone +1 237 346 6470x88398 location city olsontown country malawi remote preference onsite summary full stack developer proficient in both front end and back end development. skilled in react and django creating complete web applications. linkedin linkedin.com in jeffrey30 github github.com hwilliams,"['react', 'git', 'github']",3
"{""name"":""Shannon Murillo"",""email"":""uhunter@example.com"",""phone"":""(354)451-2148x579"",""location"":{""city"":""North John"",""country"":""British Indian Ocean Territory (Chagos Archipelago)"",""remote_preference"":""hybrid""},""summary"":""Full-Stack Developer proficient in both front-end and back-end development. Skilled in React and Django, creating complete web applications."",""linkedin"":""linkedin.com\/in\/caitlinenglish"",""github"":""github.com\/martinjamie""}",name shannon murillo email uhunter example.com phone 354 451 2148x579 location city north john country british indian ocean territory chagos archipelago remote preference hybrid summary full stack developer proficient in both front end and back end development. skilled in react and django creating complete web applications. linkedin linkedin.com in caitlinenglish github github.com martinjamie,"['react', 'git', 'github']",3
"{""name"":""Joseph Wong"",""email"":""david15@example.org"",""phone"":""283.854.3845x3800"",""location"":{""city"":""Port Dwayne"",""country"":""Djibouti"",""remote_preference"":""hybrid""},""summary"":""Full-Stack Developer proficient in both front-end and back-end development. Skilled in React and Django, creating complete web applications."",""linkedin"":""linkedin.com\/in\/michael52"",""github"":""github.com\/alexander05""}",name joseph wong email david15 example.org phone 283.854.3845x3800 location city port dwayne country djibouti remote preference hybrid summary full stack developer proficient in both front end and back end development. skilled in react and django creating complete web applications. linkedin linkedin.com in michael52 github github.com alexander05,"['react', 'git', 'github']",3
"{""name"":""Angela Kelly"",""email"":""lopezsherry@example.org"",""phone"":""001-561-535-0925x6828"",""location"":{""city"":""Grantborough"",""country"":""Somalia"",""remote_preference"":""onsite""},""summary"":""Full-Stack Developer proficient in both front-end and back-end development. Skilled in React and Django, creating complete web applications."",""linkedin"":""linkedin.com\/in\/matthewshaffer"",""github"":""github.com\/dsummers""}",name angela kelly email lopezsherry example.org phone 001 561 535 0925x6828 location city grantborough country somalia remote preference onsite summary full stack developer proficient in both front end and back end development. skilled in react and django creating complete web applications. linkedin linkedin.com in matthewshaffer github github.com dsummers,"['react', 'git', 'github']",3
"{""name"":""Ralph Caldwell"",""email"":""averykimberly@example.com"",""phone"":""+1-494-726-0515x13298"",""location"":{""city"":""East Darrellburgh"",""country"":""Liechtenstein"",""remote_preference"":""onsite""},""summary"":""Full-Stack Developer proficient in both front-end and back-end development. Skilled in React and Django, creating complete web applications."",""linkedin"":""linkedin.com\/in\/marcolson"",""github"":""github.com\/brianjackson""}",name ralph caldwell email averykimberly example.com phone +1 494 726 0515x13298 location city east darrellburgh country liechtenstein remote preference onsite summary full stack developer proficient in both front end and back end development. skilled in react and django creating complete web applications. linkedin linkedin.com in marcolson github github.com brianjackson,"['react', 'git', 'github']",3
"{""name"":""Micheal Lucero"",""email"":""theresaboone@example.com"",""phone"":""928.442.2884x9722"",""location"":{""city"":""Tracyshire"",""country"":""Liberia"",""remote_preference"":""remote""},""summary"":""Full-Stack Developer proficient in both front-end and back-end development. Skilled in React and Django, creating complete web applications."",""linkedin"":""linkedin.com\/in\/benjaminbailey"",""github"":""github.com\/jason25""}",name micheal lucero email theresaboone example.com phone 928.442.2884x9722 location city tracyshire country liberia remote preference remote summary full stack developer proficient in both front end and back end development. skilled in react and django creating complete web applications. linkedin linkedin.com in benjaminbailey github github.com jason25,"['react', 'git', 'github']",3
"{""name"":""Ann Phelps"",""email"":""hwilson@example.net"",""phone"":""538-847-6032x7134"",""location"":{""city"":""South Mistychester"",""country"":""Guinea"",""remote_preference"":""remote""},""summary"":""Full-Stack Developer proficient in both front-end and back-end development. Skilled in React and Django, creating complete web applications."",""linkedin"":""linkedin.com\/in\/nthomas"",""github"":""github.com\/fernandezstephanie""}",name ann phelps email hwilson example.net phone 538 847 6032x7134 location city south mistychester country guinea remote preference remote summary full stack developer proficient in both front end and back end development. skilled in react and django creating complete web applications. linkedin linkedin.com in nthomas github github.com fernandezstephanie,"['react', 'git', 'github']",3
"{""name"":""Richard Lyons"",""email"":""stephanielee@example.com"",""phone"":""847-570-9797x73682"",""location"":{""city"":""Barberburgh"",""country"":""Mauritius"",""remote_preference"":""hybrid""},""summary"":""Full-Stack Developer proficient in both front-end and back-end development. Skilled in React and Django, creating complete web applications."",""linkedin"":""linkedin.com\/in\/gclark"",""github"":""github.com\/thomas18""}",name richard lyons email stephanielee example.com phone 847 570 9797x73682 location city barberburgh country mauritius remote preference hybrid summary full stack developer proficient in both front end and back end development. skilled in react and django creating complete web applications. linkedin linkedin.com in gclark github github.com thomas18,"['react', 'git', 'github']",3
"{""name"":""Tina Ruiz"",""email"":""brittneyjohnson@example.org"",""phone"":""383-528-5931x92131"",""location"":{""city"":""Emilyshire"",""country"":""Isle of Man"",""remote_preference"":""onsite""},""summary"":""Full-Stack Developer proficient in both front-end and back-end development. Skilled in React and Django, creating complete web applications."",""linkedin"":""linkedin.com\/in\/leejulie"",""github"":""github.com\/hbryan""}",name tina ruiz email brittneyjohnson example.org phone 383 528 5931x92131 location city emilyshire country isle of man remote preference onsite summary full stack developer proficient in both front end and back end development. skilled in react and django creating complete web applications. linkedin linkedin.com in leejulie github github.com hbryan,"['react', 'git', 'github']",3
"{""name"":""Katelyn Rocha"",""email"":""daniel68@example.com"",""phone"":""001-379-621-3648x861"",""location"":{""city"":""North Javier"",""country"":""Lithuania"",""remote_preference"":""onsite""},""summary"":""Full-Stack Developer proficient in both front-end and back-end development. Skilled in React and Django, creating complete web applications."",""linkedin"":""linkedin.com\/in\/cjackson"",""github"":""github.com\/amylewis""}",name katelyn rocha email daniel68 example.com phone 001 379 621 3648x861 location city north javier country lithuania remote preference onsite summary full stack developer proficient in both front end and back end development. skilled in react and django creating complete web applications. linkedin linkedin.com in cjackson github github.com amylewis,"['react', 'git', 'github']",3
"{""name"":""Jeremy Brown"",""email"":""holmesjoshua@example.com"",""phone"":""001-933-729-5141"",""location"":{""city"":""Castilloshire"",""country"":""Jamaica"",""remote_preference"":""onsite""},""summary"":""Full-Stack Developer proficient in both front-end and back-end development. Skilled in React and Django, creating complete web applications."",""linkedin"":""linkedin.com\/in\/barnettzachary"",""github"":""github.com\/fmason""}",name jeremy brown email holmesjoshua example.com phone 001 933 729 5141 location city castilloshire country jamaica remote preference onsite summary full stack developer proficient in both front end and back end development. skilled in react and django creating complete web applications. linkedin linkedin.com in barnettzachary github github.com fmason,"['react', 'git', 'github']",3
"{""name"":""Jessica Edwards"",""email"":""zwilliams@example.com"",""phone"":""(459)729-4608"",""location"":{""city"":""Lake Nancyville"",""country"":""Ghana"",""remote_preference"":""remote""},""summary"":""Full-Stack Developer proficient in both front-end and back-end development. Skilled in React and Django, creating complete web applications."",""linkedin"":""linkedin.com\/in\/umitchell"",""github"":""github.com\/jasonnorton""}",name jessica edwards email zwilliams example.com phone 459 729 4608 location city lake nancyville country ghana remote preference remote summary full stack developer proficient in both front end and back end development. skilled in react and django creating complete web applications. linkedin linkedin.com in umitchell github github.com jasonnorton,"['react', 'git', 'github']",3
"{""name"":""Peter Smith"",""email"":""tammiesilva@example.net"",""phone"":""594-286-1625x717"",""location"":{""city"":""Pettyfort"",""country"":""Faroe Islands"",""remote_preference"":""remote""},""summary"":""Full-Stack Developer proficient in both front-end and back-end development. Skilled in React and Django, creating complete web applications."",""linkedin"":""linkedin.com\/in\/tammy13"",""github"":""github.com\/mpeters""}",name peter smith email tammiesilva example.net phone 594 286 1625x717 location city pettyfort country faroe islands remote preference remote summary full stack developer proficient in both front end and back end development. skilled in react and django creating complete web applications. linkedin linkedin.com in tammy13 github github.com mpeters,"['react', 'git', 'github']",3
"{""name"":""Nicholas White"",""email"":""xsmith@example.org"",""phone"":""9992422276"",""location"":{""city"":""Bryanbury"",""country"":""Panama"",""remote_preference"":""onsite""},""summary"":""Full-Stack Developer proficient in both front-end and back-end development. Skilled in React and Django, creating complete web applications."",""linkedin"":""linkedin.com\/in\/paulamurphy"",""github"":""github.com\/campbellmelissa""}",name nicholas white email xsmith example.org phone 9992422276 location city bryanbury country panama remote preference onsite summary full stack developer proficient in both front end and back end development. skilled in react and django creating complete web applications. linkedin linkedin.com in paulamurphy github github.com campbellmelissa,"['react', 'git', 'github']",3
"{""name"":""Jacqueline Sloan"",""email"":""pennywhite@example.org"",""phone"":""001-620-300-4831x0462"",""location"":{""city"":""Loribury"",""country"":""Belarus"",""remote_preference"":""hybrid""},""summary"":""Full-Stack Developer proficient in both front-end and back-end development. Skilled in React and Django, creating complete web applications."",""linkedin"":""linkedin.com\/in\/batesriley"",""github"":""github.com\/ryanray""}",name jacqueline sloan email pennywhite example.org phone 001 620 300 4831x0462 location city loribury country belarus remote preference hybrid summary full stack developer proficient in both front end and back end development. skilled in react and django creating complete web applications. linkedin linkedin.com in batesriley github github.com ryanray,"['react', 'git', 'github']",3
"{""name"":""Christopher Rowe"",""email"":""cervantesisaac@example.com"",""phone"":""001-605-620-2895"",""location"":{""city"":""Keithhaven"",""country"":""Jordan"",""remote_preference"":""remote""},""summary"":""Full-Stack Developer proficient in both front-end and back-end development. Skilled in React and Django, creating complete web applications."",""linkedin"":""linkedin.com\/in\/andreadavis"",""github"":""github.com\/dillonmorgan""}",name christopher rowe email cervantesisaac example.com phone 001 605 620 2895 location city keithhaven country jordan remote preference remote summary full stack developer proficient in both front end and back end development. skilled in react and django creating complete web applications. linkedin linkedin.com in andreadavis github github.com dillonmorgan,"['react', 'git', 'github']",3
"{""name"":""Benjamin Harris"",""email"":""rasmussenjeffrey@example.org"",""phone"":""(829)336-3894x93930"",""location"":{""city"":""South Wendyberg"",""country"":""Bulgaria"",""remote_preference"":""onsite""},""summary"":""Full-Stack Developer proficient in both front-end and back-end development. Skilled in React and Django, creating complete web applications."",""linkedin"":""linkedin.com\/in\/rjimenez"",""github"":""github.com\/courtneyroberts""}",name benjamin harris email rasmussenjeffrey example.org phone 829 336 3894x93930 location city south wendyberg country bulgaria remote preference onsite summary full stack developer proficient in both front end and back end development. skilled in react and django creating complete web applications. linkedin linkedin.com in rjimenez github github.com courtneyroberts,"['react', 'git', 'github']",3
"{""name"":""Christy Fowler"",""email"":""ydillon@example.net"",""phone"":""923.329.3749x6117"",""location"":{""city"":""Duffyville"",""country"":""Western Sahara"",""remote_preference"":""hybrid""},""summary"":""Full-Stack Developer proficient in both front-end and back-end development. Skilled in React and Django, creating complete web applications."",""linkedin"":""linkedin.com\/in\/justin35"",""github"":""github.com\/bradley88""}",name christy fowler email ydillon example.net phone 923.329.3749x6117 location city duffyville country western sahara remote preference hybrid summary full stack developer proficient in both front end and back end development. skilled in react and django creating complete web applications. linkedin linkedin.com in justin35 github github.com bradley88,"['react', 'git', 'github']",3
"{""name"":""Pamela Garcia DVM"",""email"":""eric64@example.org"",""phone"":""615-981-2570x32319"",""location"":{""city"":""Lake James"",""country"":""Jamaica"",""remote_preference"":""remote""},""summary"":""Full-Stack Developer proficient in both front-end and back-end development. Skilled in React and Django, creating complete web applications."",""linkedin"":""linkedin.com\/in\/courtneygriffith"",""github"":""github.com\/murphywanda""}",name pamela garcia dvm email eric64 example.org phone 615 981 2570x32319 location city lake james country jamaica remote preference remote summary full stack developer proficient in both front end and back end development. skilled in react and django creating complete web applications. linkedin linkedin.com in courtneygriffith github github.com murphywanda,"['react', 'git', 'github']",3
"{""name"":""Sylvia Davis"",""email"":""kristopher24@example.com"",""phone"":""4987550788"",""location"":{""city"":""Stevensbury"",""country"":""Martinique"",""remote_preference"":""remote""},""summary"":""Full-Stack Developer proficient in both front-end and back-end development. Skilled in React and Django, creating complete web applications."",""linkedin"":""linkedin.com\/in\/johncruz"",""github"":""github.com\/scottdiaz""}",name sylvia davis email kristopher24 example.com phone 4987550788 location city stevensbury country martinique remote preference remote summary full stack developer proficient in both front end and back end development. skilled in react and django creating complete web applications. linkedin linkedin.com in johncruz github github.com scottdiaz,"['react', 'git', 'github']",3
"{""name"":""Sharon Warner"",""email"":""gmartinez@example.net"",""phone"":""305-462-7789x98015"",""location"":{""city"":""Mayerview"",""country"":""Botswana"",""remote_preference"":""remote""},""summary"":""Full-Stack Developer proficient in both front-end and back-end development. Skilled in React and Django, creating complete web applications."",""linkedin"":""linkedin.com\/in\/gabrielpage"",""github"":""github.com\/uadams""}",name sharon warner email gmartinez example.net phone 305 462 7789x98015 location city mayerview country botswana remote preference remote summary full stack developer proficient in both front end and back end development. skilled in react and django creating complete web applications. linkedin linkedin.com in gabrielpage github github.com uadams,"['react', 'git', 'github']",3
"{""name"":""Kenneth Conley"",""email"":""roycervantes@example.org"",""phone"":""589.341.9400x5855"",""location"":{""city"":""Samanthatown"",""country"":""Netherlands Antilles"",""remote_preference"":""hybrid""},""summary"":""Full-Stack Developer proficient in both front-end and back-end development. Skilled in React and Django, creating complete web applications."",""linkedin"":""linkedin.com\/in\/robertclark"",""github"":""github.com\/bobbydougherty""}",name kenneth conley email roycervantes example.org phone 589.341.9400x5855 location city samanthatown country netherlands antilles remote preference hybrid summary full stack developer proficient in both front end and back end development. skilled in react and django creating complete web applications. linkedin linkedin.com in robertclark github github.com bobbydougherty,"['react', 'git', 'github']",3
"{""name"":""Sergio Jackson II"",""email"":""dylangarcia@example.net"",""phone"":""494.614.1858x18492"",""location"":{""city"":""Kevinside"",""country"":""Syrian Arab Republic"",""remote_preference"":""hybrid""},""summary"":""Full-Stack Developer proficient in both front-end and back-end development. Skilled in React and Django, creating complete web applications."",""linkedin"":""linkedin.com\/in\/yhines"",""github"":""github.com\/sparksjulie""}",name sergio jackson ii email dylangarcia example.net phone 494.614.1858x18492 location city kevinside country syrian arab republic remote preference hybrid summary full stack developer proficient in both front end and back end development. skilled in react and django creating complete web applications. linkedin linkedin.com in yhines github github.com sparksjulie,"['react', 'git', 'github']",3
"{""name"":""Kimberly Perry"",""email"":""michaelscott@example.net"",""phone"":""(634)754-7315x1698"",""location"":{""city"":""Melendezville"",""country"":""Swaziland"",""remote_preference"":""remote""},""summary"":""Full-Stack Developer proficient in both front-end and back-end development. Skilled in React and Django, creating complete web applications."",""linkedin"":""linkedin.com\/in\/harmoncory"",""github"":""github.com\/newmantravis""}",name kimberly perry email michaelscott example.net phone 634 754 7315x1698 location city melendezville country swaziland remote preference remote summary full stack developer proficient in both front end and back end development. skilled in react and django creating complete web applications. linkedin linkedin.com in harmoncory github github.com newmantravis,"['react', 'git', 'github']",3
"{""name"":""Eric Rodriguez"",""email"":""samuel65@example.org"",""phone"":""+1-692-602-0697x35771"",""location"":{""city"":""New Sherritown"",""country"":""Kuwait"",""remote_preference"":""hybrid""},""summary"":""Full-Stack Developer proficient in both front-end and back-end development. Skilled in React and Django, creating complete web applications."",""linkedin"":""linkedin.com\/in\/romeromark"",""github"":""github.com\/griffinrichard""}",name eric rodriguez email samuel65 example.org phone +1 692 602 0697x35771 location city new sherritown country kuwait remote preference hybrid summary full stack developer proficient in both front end and back end development. skilled in react and django creating complete web applications. linkedin linkedin.com in romeromark github github.com griffinrichard,"['react', 'git', 'github']",3
"{""name"":""Jessica Nunez"",""email"":""tyleradams@example.net"",""phone"":""001-989-486-0290x7198"",""location"":{""city"":""New Jamie"",""country"":""Vanuatu"",""remote_preference"":""hybrid""},""summary"":""Full-Stack Developer proficient in both front-end and back-end development. Skilled in React and Django, creating complete web applications."",""linkedin"":""linkedin.com\/in\/davidwilliams"",""github"":""github.com\/joshuatodd""}",name jessica nunez email tyleradams example.net phone 001 989 486 0290x7198 location city new jamie country vanuatu remote preference hybrid summary full stack developer proficient in both front end and back end development. skilled in react and django creating complete web applications. linkedin linkedin.com in davidwilliams github github.com joshuatodd,"['react', 'git', 'github']",3
"{""name"":""Charles Fletcher"",""email"":""maryspence@example.org"",""phone"":""001-660-949-6212"",""location"":{""city"":""West Joshuabury"",""country"":""Nauru"",""remote_preference"":""hybrid""},""summary"":""Full-Stack Developer proficient in both front-end and back-end development. Skilled in React and Django, creating complete web applications."",""linkedin"":""linkedin.com\/in\/chadpeters"",""github"":""github.com\/rachel06""}",name charles fletcher email maryspence example.org phone 001 660 949 6212 location city west joshuabury country nauru remote preference hybrid summary full stack developer proficient in both front end and back end development. skilled in react and django creating complete web applications. linkedin linkedin.com in chadpeters github github.com rachel06,"['react', 'git', 'github']",3
"{""name"":""Shelley Lewis"",""email"":""danielle08@example.com"",""phone"":""+1-839-283-6411"",""location"":{""city"":""North Tamara"",""country"":""Cook Islands"",""remote_preference"":""remote""},""summary"":""Full-Stack Developer proficient in both front-end and back-end development. Skilled in React and Django, creating complete web applications."",""linkedin"":""linkedin.com\/in\/thompsoncheryl"",""github"":""github.com\/johnsonkayla""}",name shelley lewis email danielle08 example.com phone +1 839 283 6411 location city north tamara country cook islands remote preference remote summary full stack developer proficient in both front end and back end development. skilled in react and django creating complete web applications. linkedin linkedin.com in thompsoncheryl github github.com johnsonkayla,"['react', 'git', 'github']",3
"{""name"":""Greg Espinoza"",""email"":""smithronnie@example.org"",""phone"":""001-353-491-3150x8241"",""location"":{""city"":""Robertsonside"",""country"":""Lithuania"",""remote_preference"":""remote""},""summary"":""Full-Stack Developer proficient in both front-end and back-end development. Skilled in React and Django, creating complete web applications."",""linkedin"":""linkedin.com\/in\/lopezbrenda"",""github"":""github.com\/hulldarrell""}",name greg espinoza email smithronnie example.org phone 001 353 491 3150x8241 location city robertsonside country lithuania remote preference remote summary full stack developer proficient in both front end and back end development. skilled in react and django creating complete web applications. linkedin linkedin.com in lopezbrenda github github.com hulldarrell,"['react', 'git', 'github']",3
"{""name"":""Brianna Rogers"",""email"":""pdiaz@example.org"",""phone"":""405.896.6660"",""location"":{""city"":""Yvonneport"",""country"":""Montserrat"",""remote_preference"":""hybrid""},""summary"":""Full-Stack Developer proficient in both front-end and back-end development. Skilled in React and Django, creating complete web applications."",""linkedin"":""linkedin.com\/in\/matthew92"",""github"":""github.com\/thompsonlisa""}",name brianna rogers email pdiaz example.org phone 405.896.6660 location city yvonneport country montserrat remote preference hybrid summary full stack developer proficient in both front end and back end development. skilled in react and django creating complete web applications. linkedin linkedin.com in matthew92 github github.com thompsonlisa,"['react', 'git', 'github']",3
"{""name"":""Shelly Yates MD"",""email"":""jbell@example.org"",""phone"":""001-663-526-0056x054"",""location"":{""city"":""Laurenton"",""country"":""Ireland"",""remote_preference"":""onsite""},""summary"":""Full-Stack Developer proficient in both front-end and back-end development. Skilled in React and Django, creating complete web applications."",""linkedin"":""linkedin.com\/in\/allenjames"",""github"":""github.com\/jmeza""}",name shelly yates md email jbell example.org phone 001 663 526 0056x054 location city laurenton country ireland remote preference onsite summary full stack developer proficient in both front end and back end development. skilled in react and django creating complete web applications. linkedin linkedin.com in allenjames github github.com jmeza,"['react', 'git', 'github']",3
"{""name"":""Victoria Ward"",""email"":""charles77@example.org"",""phone"":""+1-759-291-4414"",""location"":{""city"":""Lopezfurt"",""country"":""Russian Federation"",""remote_preference"":""remote""},""summary"":""Full-Stack Developer proficient in both front-end and back-end development. Skilled in React and Django, creating complete web applications."",""linkedin"":""linkedin.com\/in\/gregory28"",""github"":""github.com\/john59""}",name victoria ward email charles77 example.org phone +1 759 291 4414 location city lopezfurt country russian federation remote preference remote summary full stack developer proficient in both front end and back end development. skilled in react and django creating complete web applications. linkedin linkedin.com in gregory28 github github.com john59,"['react', 'git', 'github']",3
"{""name"":""Kelly Peterson"",""email"":""kara14@example.net"",""phone"":""792.540.3282"",""location"":{""city"":""Lake Charlesstad"",""country"":""Tanzania"",""remote_preference"":""hybrid""},""summary"":""Full-Stack Developer proficient in both front-end and back-end development. Skilled in React and Django, creating complete web applications."",""linkedin"":""linkedin.com\/in\/susan35"",""github"":""github.com\/lbryan""}",name kelly peterson email kara14 example.net phone 792.540.3282 location city lake charlesstad country tanzania remote preference hybrid summary full stack developer proficient in both front end and back end development. skilled in react and django creating complete web applications. linkedin linkedin.com in susan35 github github.com lbryan,"['react', 'git', 'github']",3
"{""name"":""Brian Holmes"",""email"":""hjohnson@example.org"",""phone"":""998.730.1955x58531"",""location"":{""city"":""Moralesbury"",""country"":""Jersey"",""remote_preference"":""onsite""},""summary"":""Full-Stack Developer proficient in both front-end and back-end development. Skilled in React and Django, creating complete web applications."",""linkedin"":""linkedin.com\/in\/cruzsamuel"",""github"":""github.com\/katherine51""}",name brian holmes email hjohnson example.org phone 998.730.1955x58531 location city moralesbury country jersey remote preference onsite summary full stack developer proficient in both front end and back end development. skilled in react and django creating complete web applications. linkedin linkedin.com in cruzsamuel github github.com katherine51,"['react', 'git', 'github']",3
"{""name"":""Nicole Washington"",""email"":""amanda42@example.com"",""phone"":""2302589342"",""location"":{""city"":""Zavalastad"",""country"":""Costa Rica"",""remote_preference"":""remote""},""summary"":""Full-Stack Developer proficient in both front-end and back-end development. Skilled in React and Django, creating complete web applications."",""linkedin"":""linkedin.com\/in\/randy56"",""github"":""github.com\/chrissteele""}",name nicole washington email amanda42 example.com phone 2302589342 location city zavalastad country costa rica remote preference remote summary full stack developer proficient in both front end and back end development. skilled in react and django creating complete web applications. linkedin linkedin.com in randy56 github github.com chrissteele,"['react', 'git', 'github']",3
"{""name"":""Wendy Evans"",""email"":""chelsea23@example.org"",""phone"":""(519)516-4880"",""location"":{""city"":""Gomeztown"",""country"":""Congo"",""remote_preference"":""onsite""},""summary"":""Full-Stack Developer proficient in both front-end and back-end development. Skilled in React and Django, creating complete web applications."",""linkedin"":""linkedin.com\/in\/michaelmcmahon"",""github"":""github.com\/rachel15""}",name wendy evans email chelsea23 example.org phone 519 516 4880 location city gomeztown country congo remote preference onsite summary full stack developer proficient in both front end and back end development. skilled in react and django creating complete web applications. linkedin linkedin.com in michaelmcmahon github github.com rachel15,"['react', 'git', 'github']",3
"{""name"":""Debra Wagner"",""email"":""tmeadows@example.com"",""phone"":""629.494.8152"",""location"":{""city"":""Bryantville"",""country"":""Singapore"",""remote_preference"":""onsite""},""summary"":""Full-Stack Developer proficient in both front-end and back-end development. Skilled in React and Django, creating complete web applications."",""linkedin"":""linkedin.com\/in\/tanderson"",""github"":""github.com\/shannon02""}",name debra wagner email tmeadows example.com phone 629.494.8152 location city bryantville country singapore remote preference onsite summary full stack developer proficient in both front end and back end development. skilled in react and django creating complete web applications. linkedin linkedin.com in tanderson github github.com shannon02,"['react', 'git', 'github']",3
"{""name"":""Justin Rollins"",""email"":""sabrina24@example.com"",""phone"":""+1-659-260-5892x13399"",""location"":{""city"":""North Lynnview"",""country"":""British Virgin Islands"",""remote_preference"":""remote""},""summary"":""Full-Stack Developer proficient in both front-end and back-end development. Skilled in React and Django, creating complete web applications."",""linkedin"":""linkedin.com\/in\/ariasjoe"",""github"":""github.com\/kmoore""}",name justin rollins email sabrina24 example.com phone +1 659 260 5892x13399 location city north lynnview country british virgin islands remote preference remote summary full stack developer proficient in both front end and back end development. skilled in react and django creating complete web applications. linkedin linkedin.com in ariasjoe github github.com kmoore,"['react', 'git', 'github']",3
"{""name"":""Bradley Wood"",""email"":""david48@example.net"",""phone"":""(518)437-4061"",""location"":{""city"":""Raystad"",""country"":""Samoa"",""remote_preference"":""hybrid""},""summary"":""Full-Stack Developer proficient in both front-end and back-end development. Skilled in React and Django, creating complete web applications."",""linkedin"":""linkedin.com\/in\/williamsonjuan"",""github"":""github.com\/orobinson""}",name bradley wood email david48 example.net phone 518 437 4061 location city raystad country samoa remote preference hybrid summary full stack developer proficient in both front end and back end development. skilled in react and django creating complete web applications. linkedin linkedin.com in williamsonjuan github github.com orobinson,"['react', 'git', 'github']",3
"{""name"":""James Espinoza"",""email"":""dmiddleton@example.com"",""phone"":""768-252-1803x4560"",""location"":{""city"":""Freemanside"",""country"":""Turks and Caicos Islands"",""remote_preference"":""hybrid""},""summary"":""Full-Stack Developer proficient in both front-end and back-end development. Skilled in React and Django, creating complete web applications."",""linkedin"":""linkedin.com\/in\/jasmine11"",""github"":""github.com\/stephen68""}",name james espinoza email dmiddleton example.com phone 768 252 1803x4560 location city freemanside country turks and caicos islands remote preference hybrid summary full stack developer proficient in both front end and back end development. skilled in react and django creating complete web applications. linkedin linkedin.com in jasmine11 github github.com stephen68,"['react', 'git', 'github']",3
"{""name"":""Michael Bowman"",""email"":""brianwhite@example.com"",""phone"":""9038073736"",""location"":{""city"":""West Brianshire"",""country"":""Brunei Darussalam"",""remote_preference"":""hybrid""},""summary"":""Full-Stack Developer proficient in both front-end and back-end development. Skilled in React and Django, creating complete web applications."",""linkedin"":""linkedin.com\/in\/phull"",""github"":""github.com\/christinasellers""}",name michael bowman email brianwhite example.com phone 9038073736 location city west brianshire country brunei darussalam remote preference hybrid summary full stack developer proficient in both front end and back end development. skilled in react and django creating complete web applications. linkedin linkedin.com in phull github github.com christinasellers,"['react', 'git', 'github']",3
"{""name"":""Teresa Edwards"",""email"":""christophermartinez@example.com"",""phone"":""001-856-287-9749x67385"",""location"":{""city"":""New Lynnberg"",""country"":""Netherlands Antilles"",""remote_preference"":""hybrid""},""summary"":""Full-Stack Developer proficient in both front-end and back-end development. Skilled in React and Django, creating complete web applications."",""linkedin"":""linkedin.com\/in\/kristenwright"",""github"":""github.com\/angela93""}",name teresa edwards email christophermartinez example.com phone 001 856 287 9749x67385 location city new lynnberg country netherlands antilles remote preference hybrid summary full stack developer proficient in both front end and back end development. skilled in react and django creating complete web applications. linkedin linkedin.com in kristenwright github github.com angela93,"['react', 'git', 'github']",3
"{""name"":""James Parrish"",""email"":""vjohns@example.com"",""phone"":""001-208-984-0159"",""location"":{""city"":""South Jimmy"",""country"":""Zambia"",""remote_preference"":""remote""},""summary"":""Full-Stack Developer proficient in both front-end and back-end development. Skilled in React and Django, creating complete web applications."",""linkedin"":""linkedin.com\/in\/jonesstephen"",""github"":""github.com\/christopheranderson""}",name james parrish email vjohns example.com phone 001 208 984 0159 location city south jimmy country zambia remote preference remote summary full stack developer proficient in both front end and back end development. skilled in react and django creating complete web applications. linkedin linkedin.com in jonesstephen github github.com christopheranderson,"['react', 'git', 'github']",3
"{""name"":""Jamie Johnson"",""email"":""erika71@example.com"",""phone"":""001-809-362-4310x848"",""location"":{""city"":""South Johnburgh"",""country"":""Cameroon"",""remote_preference"":""remote""},""summary"":""Full-Stack Developer proficient in both front-end and back-end development. Skilled in React and Django, creating complete web applications."",""linkedin"":""linkedin.com\/in\/banksmichelle"",""github"":""github.com\/caseyjesus""}",name jamie johnson email erika71 example.com phone 001 809 362 4310x848 location city south johnburgh country cameroon remote preference remote summary full stack developer proficient in both front end and back end development. skilled in react and django creating complete web applications. linkedin linkedin.com in banksmichelle github github.com caseyjesus,"['react', 'git', 'github']",3
"{""name"":""James Gardner"",""email"":""changjames@example.org"",""phone"":""(392)847-7200x15209"",""location"":{""city"":""Port Erinville"",""country"":""Dominica"",""remote_preference"":""onsite""},""summary"":""Full-Stack Developer proficient in both front-end and back-end development. Skilled in React and Django, creating complete web applications."",""linkedin"":""linkedin.com\/in\/austin30"",""github"":""github.com\/valerie97""}",name james gardner email changjames example.org phone 392 847 7200x15209 location city port erinville country dominica remote preference onsite summary full stack developer proficient in both front end and back end development. skilled in react and django creating complete web applications. linkedin linkedin.com in austin30 github github.com valerie97,"['react', 'git', 'github']",3
"{""name"":""William Byrd"",""email"":""mackjonathan@example.com"",""phone"":""466.305.3573x1722"",""location"":{""city"":""West Tylerstad"",""country"":""Turkey"",""remote_preference"":""hybrid""},""summary"":""Full-Stack Developer proficient in both front-end and back-end development. Skilled in React and Django, creating complete web applications."",""linkedin"":""linkedin.com\/in\/smithjustin"",""github"":""github.com\/cynthia47""}",name william byrd email mackjonathan example.com phone 466.305.3573x1722 location city west tylerstad country turkey remote preference hybrid summary full stack developer proficient in both front end and back end development. skilled in react and django creating complete web applications. linkedin linkedin.com in smithjustin github github.com cynthia47,"['react', 'git', 'github']",3
"{""name"":""Elaine Kim"",""email"":""wcochran@example.org"",""phone"":""274-257-2773"",""location"":{""city"":""Lake Deborahmouth"",""country"":""Serbia"",""remote_preference"":""onsite""},""summary"":""Full-Stack Developer proficient in both front-end and back-end development. Skilled in React and Django, creating complete web applications."",""linkedin"":""linkedin.com\/in\/bradley37"",""github"":""github.com\/littleryan""}",name elaine kim email wcochran example.org phone 274 257 2773 location city lake deborahmouth country serbia remote preference onsite summary full stack developer proficient in both front end and back end development. skilled in react and django creating complete web applications. linkedin linkedin.com in bradley37 github github.com littleryan,"['react', 'git', 'github']",3
"{""name"":""Richard Turner"",""email"":""joanlewis@example.com"",""phone"":""873.530.2155x14068"",""location"":{""city"":""Amytown"",""country"":""Jordan"",""remote_preference"":""hybrid""},""summary"":""Full-Stack Developer proficient in both front-end and back-end development. Skilled in React and Django, creating complete web applications."",""linkedin"":""linkedin.com\/in\/jacqueline94"",""github"":""github.com\/howelljoseph""}",name richard turner email joanlewis example.com phone 873.530.2155x14068 location city amytown country jordan remote preference hybrid summary full stack developer proficient in both front end and back end development. skilled in react and django creating complete web applications. linkedin linkedin.com in jacqueline94 github github.com howelljoseph,"['react', 'git', 'github']",3
"{""name"":""Paula Wilson"",""email"":""mayerdon@example.net"",""phone"":""(703)999-5539"",""location"":{""city"":""North Charleneside"",""country"":""Ecuador"",""remote_preference"":""hybrid""},""summary"":""Full-Stack Developer proficient in both front-end and back-end development. Skilled in React and Django, creating complete web applications."",""linkedin"":""linkedin.com\/in\/snydereddie"",""github"":""github.com\/lisacarter""}",name paula wilson email mayerdon example.net phone 703 999 5539 location city north charleneside country ecuador remote preference hybrid summary full stack developer proficient in both front end and back end development. skilled in react and django creating complete web applications. linkedin linkedin.com in snydereddie github github.com lisacarter,"['react', 'git', 'github']",3
"{""name"":""Martin Moore"",""email"":""butlerkathryn@example.org"",""phone"":""969.529.2185"",""location"":{""city"":""East Michaelmouth"",""country"":""Belize"",""remote_preference"":""remote""},""summary"":""Full-Stack Developer proficient in both front-end and back-end development. Skilled in React and Django, creating complete web applications."",""linkedin"":""linkedin.com\/in\/stephenhenderson"",""github"":""github.com\/victoriadiaz""}",name martin moore email butlerkathryn example.org phone 969.529.2185 location city east michaelmouth country belize remote preference remote summary full stack developer proficient in both front end and back end development. skilled in react and django creating complete web applications. linkedin linkedin.com in stephenhenderson github github.com victoriadiaz,"['react', 'git', 'github']",3
"{""name"":""Melissa Randall"",""email"":""zlong@example.org"",""phone"":""535.753.5074x927"",""location"":{""city"":""Shahton"",""country"":""Svalbard & Jan Mayen Islands"",""remote_preference"":""hybrid""},""summary"":""Full-Stack Developer proficient in both front-end and back-end development. Skilled in React and Django, creating complete web applications."",""linkedin"":""linkedin.com\/in\/evansstephen"",""github"":""github.com\/candacejones""}",name melissa randall email zlong example.org phone 535.753.5074x927 location city shahton country svalbard jan mayen islands remote preference hybrid summary full stack developer proficient in both front end and back end development. skilled in react and django creating complete web applications. linkedin linkedin.com in evansstephen github github.com candacejones,"['react', 'git', 'github']",3
"{""name"":""Melissa Lambert"",""email"":""michaelroberts@example.com"",""phone"":""5944098620"",""location"":{""city"":""Mendezton"",""country"":""Tajikistan"",""remote_preference"":""remote""},""summary"":""Backend Developer specializing in building scalable and efficient server-side applications. Skilled in Python, Django, and RESTful API design."",""linkedin"":""linkedin.com\/in\/baileysamuel"",""github"":""github.com\/josejohnson""}",name melissa lambert email michaelroberts example.com phone 5944098620 location city mendezton country tajikistan remote preference remote summary backend developer specializing in building scalable and efficient server side applications. skilled in python django and restful api design. linkedin linkedin.com in baileysamuel github github.com josejohnson,"['python', 'git', 'github']",3
"{""name"":""William Parsons"",""email"":""bowmanamanda@example.net"",""phone"":""779.996.7602x211"",""location"":{""city"":""East Aliciaberg"",""country"":""Bosnia and Herzegovina"",""remote_preference"":""hybrid""},""summary"":""Backend Developer specializing in building scalable and efficient server-side applications. Skilled in Python, Django, and RESTful API design."",""linkedin"":""linkedin.com\/in\/wallacesharon"",""github"":""github.com\/fgonzales""}",name william parsons email bowmanamanda example.net phone 779.996.7602x211 location city east aliciaberg country bosnia and herzegovina remote preference hybrid summary backend developer specializing in building scalable and efficient server side applications. skilled in python django and restful api design. linkedin linkedin.com in wallacesharon github github.com fgonzales,"['python', 'git', 'github']",3
"{""name"":""Nicholas Carter"",""email"":""davidsonleah@example.com"",""phone"":""(701)342-1287x52388"",""location"":{""city"":""Jonesbury"",""country"":""Bouvet Island (Bouvetoya)"",""remote_preference"":""hybrid""},""summary"":""Backend Developer specializing in building scalable and efficient server-side applications. Skilled in Python, Django, and RESTful API design."",""linkedin"":""linkedin.com\/in\/johnparker"",""github"":""github.com\/waynedyer""}",name nicholas carter email davidsonleah example.com phone 701 342 1287x52388 location city jonesbury country bouvet island bouvetoya remote preference hybrid summary backend developer specializing in building scalable and efficient server side applications. skilled in python django and restful api design. linkedin linkedin.com in johnparker github github.com waynedyer,"['python', 'git', 'github']",3
"{""name"":""Kevin Hayden"",""email"":""walterssharon@example.net"",""phone"":""382.528.7200x61072"",""location"":{""city"":""New Cameronchester"",""country"":""Jamaica"",""remote_preference"":""hybrid""},""summary"":""Backend Developer specializing in building scalable and efficient server-side applications. Skilled in Python, Django, and RESTful API design."",""linkedin"":""linkedin.com\/in\/williamsashley"",""github"":""github.com\/ruizann""}",name kevin hayden email walterssharon example.net phone 382.528.7200x61072 location city new cameronchester country jamaica remote preference hybrid summary backend developer specializing in building scalable and efficient server side applications. skilled in python django and restful api design. linkedin linkedin.com in williamsashley github github.com ruizann,"['python', 'git', 'github']",3
"{""name"":""Brian Lawrence"",""email"":""joebond@example.org"",""phone"":""001-449-844-4997x5917"",""location"":{""city"":""Angelaville"",""country"":""New Caledonia"",""remote_preference"":""hybrid""},""summary"":""Backend Developer specializing in building scalable and efficient server-side applications. Skilled in Python, Django, and RESTful API design."",""linkedin"":""linkedin.com\/in\/williamsonshelby"",""github"":""github.com\/thomasrobert""}",name brian lawrence email joebond example.org phone 001 449 844 4997x5917 location city angelaville country new caledonia remote preference hybrid summary backend developer specializing in building scalable and efficient server side applications. skilled in python django and restful api design. linkedin linkedin.com in williamsonshelby github github.com thomasrobert,"['python', 'git', 'github']",3
"{""name"":""Suzanne Fletcher"",""email"":""wattsdonna@example.org"",""phone"":""989-202-9136x49932"",""location"":{""city"":""North Garrett"",""country"":""Svalbard & Jan Mayen Islands"",""remote_preference"":""hybrid""},""summary"":""Backend Developer specializing in building scalable and efficient server-side applications. Skilled in Python, Django, and RESTful API design."",""linkedin"":""linkedin.com\/in\/mmcgrath"",""github"":""github.com\/sandra34""}",name suzanne fletcher email wattsdonna example.org phone 989 202 9136x49932 location city north garrett country svalbard jan mayen islands remote preference hybrid summary backend developer specializing in building scalable and efficient server side applications. skilled in python django and restful api design. linkedin linkedin.com in mmcgrath github github.com sandra34,"['python', 'git', 'github']",3
"{""name"":""Krista Rowland"",""email"":""theodore98@example.org"",""phone"":""(626)657-2793x736"",""location"":{""city"":""South Amybury"",""country"":""Kyrgyz Republic"",""remote_preference"":""hybrid""},""summary"":""Backend Developer specializing in building scalable and efficient server-side applications. Skilled in Python, Django, and RESTful API design."",""linkedin"":""linkedin.com\/in\/andrewturner"",""github"":""github.com\/garciaashley""}",name krista rowland email theodore98 example.org phone 626 657 2793x736 location city south amybury country kyrgyz republic remote preference hybrid summary backend developer specializing in building scalable and efficient server side applications. skilled in python django and restful api design. linkedin linkedin.com in andrewturner github github.com garciaashley,"['python', 'git', 'github']",3
"{""name"":""Megan Ford"",""email"":""rparker@example.net"",""phone"":""001-649-364-9339x537"",""location"":{""city"":""Gamblemouth"",""country"":""Costa Rica"",""remote_preference"":""remote""},""summary"":""Backend Developer specializing in building scalable and efficient server-side applications. Skilled in Python, Django, and RESTful API design."",""linkedin"":""linkedin.com\/in\/jasoncampbell"",""github"":""github.com\/richardbrennan""}",name megan ford email rparker example.net phone 001 649 364 9339x537 location city gamblemouth country costa rica remote preference remote summary backend developer specializing in building scalable and efficient server side applications. skilled in python django and restful api design. linkedin linkedin.com in jasoncampbell github github.com richardbrennan,"['python', 'git', 'github']",3
"{""name"":""Audrey Stokes"",""email"":""tony35@example.org"",""phone"":""001-596-504-6389x85147"",""location"":{""city"":""Brandyland"",""country"":""France"",""remote_preference"":""onsite""},""summary"":""Backend Developer specializing in building scalable and efficient server-side applications. Skilled in Python, Django, and RESTful API design."",""linkedin"":""linkedin.com\/in\/wrightmicheal"",""github"":""github.com\/smithjennifer""}",name audrey stokes email tony35 example.org phone 001 596 504 6389x85147 location city brandyland country france remote preference onsite summary backend developer specializing in building scalable and efficient server side applications. skilled in python django and restful api design. linkedin linkedin.com in wrightmicheal github github.com smithjennifer,"['python', 'git', 'github']",3
"{""name"":""Brent Mullen"",""email"":""jenniferchristensen@example.net"",""phone"":""001-431-763-4142x148"",""location"":{""city"":""North Brittany"",""country"":""Kuwait"",""remote_preference"":""onsite""},""summary"":""Backend Developer specializing in building scalable and efficient server-side applications. Skilled in Python, Django, and RESTful API design."",""linkedin"":""linkedin.com\/in\/lewismary"",""github"":""github.com\/brownbeth""}",name brent mullen email jenniferchristensen example.net phone 001 431 763 4142x148 location city north brittany country kuwait remote preference onsite summary backend developer specializing in building scalable and efficient server side applications. skilled in python django and restful api design. linkedin linkedin.com in lewismary github github.com brownbeth,"['python', 'git', 'github']",3
"{""name"":""John Hill"",""email"":""jonathandurham@example.org"",""phone"":""+1-216-788-0176x165"",""location"":{""city"":""Raymondhaven"",""country"":""Latvia"",""remote_preference"":""onsite""},""summary"":""Backend Developer specializing in building scalable and efficient server-side applications. Skilled in Python, Django, and RESTful API design."",""linkedin"":""linkedin.com\/in\/tgarcia"",""github"":""github.com\/richarddecker""}",name john hill email jonathandurham example.org phone +1 216 788 0176x165 location city raymondhaven country latvia remote preference onsite summary backend developer specializing in building scalable and efficient server side applications. skilled in python django and restful api design. linkedin linkedin.com in tgarcia github github.com richarddecker,"['python', 'git', 'github']",3
"{""name"":""John Burgess"",""email"":""annamelendez@example.com"",""phone"":""(558)625-5062"",""location"":{""city"":""Floydbury"",""country"":""Cote d'Ivoire"",""remote_preference"":""hybrid""},""summary"":""Backend Developer specializing in building scalable and efficient server-side applications. Skilled in Python, Django, and RESTful API design."",""linkedin"":""linkedin.com\/in\/anthony43"",""github"":""github.com\/johnsonsteven""}",name john burgess email annamelendez example.com phone 558 625 5062 location city floydbury country cote d ivoire remote preference hybrid summary backend developer specializing in building scalable and efficient server side applications. skilled in python django and restful api design. linkedin linkedin.com in anthony43 github github.com johnsonsteven,"['python', 'git', 'github']",3
"{""name"":""Brian Ingram"",""email"":""umartinez@example.com"",""phone"":""375.814.4235x30372"",""location"":{""city"":""Leemouth"",""country"":""Burundi"",""remote_preference"":""hybrid""},""summary"":""Backend Developer specializing in building scalable and efficient server-side applications. Skilled in Python, Django, and RESTful API design."",""linkedin"":""linkedin.com\/in\/olewis"",""github"":""github.com\/xford""}",name brian ingram email umartinez example.com phone 375.814.4235x30372 location city leemouth country burundi remote preference hybrid summary backend developer specializing in building scalable and efficient server side applications. skilled in python django and restful api design. linkedin linkedin.com in olewis github github.com xford,"['python', 'git', 'github']",3
"{""name"":""Kevin Wu"",""email"":""rgibbs@example.net"",""phone"":""(717)235-0422x597"",""location"":{""city"":""New Phillip"",""country"":""Canada"",""remote_preference"":""onsite""},""summary"":""Backend Developer specializing in building scalable and efficient server-side applications. Skilled in Python, Django, and RESTful API design."",""linkedin"":""linkedin.com\/in\/bdavis"",""github"":""github.com\/vallen""}",name kevin wu email rgibbs example.net phone 717 235 0422x597 location city new phillip country canada remote preference onsite summary backend developer specializing in building scalable and efficient server side applications. skilled in python django and restful api design. linkedin linkedin.com in bdavis github github.com vallen,"['python', 'git', 'github']",3
"{""name"":""Angel Martin"",""email"":""marissa13@example.com"",""phone"":""843.856.9212"",""location"":{""city"":""East Jaredborough"",""country"":""Afghanistan"",""remote_preference"":""remote""},""summary"":""Backend Developer specializing in building scalable and efficient server-side applications. Skilled in Python, Django, and RESTful API design."",""linkedin"":""linkedin.com\/in\/jennifer51"",""github"":""github.com\/robertwilliams""}",name angel martin email marissa13 example.com phone 843.856.9212 location city east jaredborough country afghanistan remote preference remote summary backend developer specializing in building scalable and efficient server side applications. skilled in python django and restful api design. linkedin linkedin.com in jennifer51 github github.com robertwilliams,"['python', 'git', 'github']",3
"{""name"":""Michael Bradley"",""email"":""christina70@example.net"",""phone"":""436-567-3734"",""location"":{""city"":""Port Cynthia"",""country"":""United States of America"",""remote_preference"":""hybrid""},""summary"":""Backend Developer specializing in building scalable and efficient server-side applications. Skilled in Python, Django, and RESTful API design."",""linkedin"":""linkedin.com\/in\/loripierce"",""github"":""github.com\/plewis""}",name michael bradley email christina70 example.net phone 436 567 3734 location city port cynthia country united states of america remote preference hybrid summary backend developer specializing in building scalable and efficient server side applications. skilled in python django and restful api design. linkedin linkedin.com in loripierce github github.com plewis,"['python', 'git', 'github']",3
"{""name"":""Amanda Flores"",""email"":""matthewblackburn@example.org"",""phone"":""627-610-1975"",""location"":{""city"":""North Blaketown"",""country"":""Malawi"",""remote_preference"":""onsite""},""summary"":""Backend Developer specializing in building scalable and efficient server-side applications. Skilled in Python, Django, and RESTful API design."",""linkedin"":""linkedin.com\/in\/gregorywilliams"",""github"":""github.com\/garzamelissa""}",name amanda flores email matthewblackburn example.org phone 627 610 1975 location city north blaketown country malawi remote preference onsite summary backend developer specializing in building scalable and efficient server side applications. skilled in python django and restful api design. linkedin linkedin.com in gregorywilliams github github.com garzamelissa,"['python', 'git', 'github']",3
"{""name"":""Jennifer Little"",""email"":""ericmay@example.net"",""phone"":""3498363880"",""location"":{""city"":""Hicksville"",""country"":""United Kingdom"",""remote_preference"":""hybrid""},""summary"":""Backend Developer specializing in building scalable and efficient server-side applications. Skilled in Python, Django, and RESTful API design."",""linkedin"":""linkedin.com\/in\/willie09"",""github"":""github.com\/lisaweaver""}",name jennifer little email ericmay example.net phone 3498363880 location city hicksville country united kingdom remote preference hybrid summary backend developer specializing in building scalable and efficient server side applications. skilled in python django and restful api design. linkedin linkedin.com in willie09 github github.com lisaweaver,"['python', 'git', 'github']",3
"{""name"":""Eric Clark"",""email"":""cdixon@example.net"",""phone"":""732-468-0960"",""location"":{""city"":""West Courtney"",""country"":""Senegal"",""remote_preference"":""onsite""},""summary"":""Backend Developer specializing in building scalable and efficient server-side applications. Skilled in Python, Django, and RESTful API design."",""linkedin"":""linkedin.com\/in\/nicoledunlap"",""github"":""github.com\/lisawilson""}",name eric clark email cdixon example.net phone 732 468 0960 location city west courtney country senegal remote preference onsite summary backend developer specializing in building scalable and efficient server side applications. skilled in python django and restful api design. linkedin linkedin.com in nicoledunlap github github.com lisawilson,"['python', 'git', 'github']",3
"{""name"":""Colleen Durham"",""email"":""joseph62@example.com"",""phone"":""988-446-3479x51511"",""location"":{""city"":""Peterborough"",""country"":""Saudi Arabia"",""remote_preference"":""onsite""},""summary"":""Backend Developer specializing in building scalable and efficient server-side applications. Skilled in Python, Django, and RESTful API design."",""linkedin"":""linkedin.com\/in\/hunter00"",""github"":""github.com\/jclark""}",name colleen durham email joseph62 example.com phone 988 446 3479x51511 location city peterborough country saudi arabia remote preference onsite summary backend developer specializing in building scalable and efficient server side applications. skilled in python django and restful api design. linkedin linkedin.com in hunter00 github github.com jclark,"['python', 'git', 'github']",3
"{""name"":""Rhonda Webb"",""email"":""cody70@example.com"",""phone"":""831.903.8999"",""location"":{""city"":""South Nathan"",""country"":""Costa Rica"",""remote_preference"":""remote""},""summary"":""Backend Developer specializing in building scalable and efficient server-side applications. Skilled in Python, Django, and RESTful API design."",""linkedin"":""linkedin.com\/in\/rbell"",""github"":""github.com\/blackvalerie""}",name rhonda webb email cody70 example.com phone 831.903.8999 location city south nathan country costa rica remote preference remote summary backend developer specializing in building scalable and efficient server side applications. skilled in python django and restful api design. linkedin linkedin.com in rbell github github.com blackvalerie,"['python', 'git', 'github']",3
"{""name"":""Brooke Houston"",""email"":""john17@example.org"",""phone"":""314.808.5408x74939"",""location"":{""city"":""West Thomas"",""country"":""Greenland"",""remote_preference"":""onsite""},""summary"":""Backend Developer specializing in building scalable and efficient server-side applications. Skilled in Python, Django, and RESTful API design."",""linkedin"":""linkedin.com\/in\/carolinearnold"",""github"":""github.com\/alexandermoore""}",name brooke houston email john17 example.org phone 314.808.5408x74939 location city west thomas country greenland remote preference onsite summary backend developer specializing in building scalable and efficient server side applications. skilled in python django and restful api design. linkedin linkedin.com in carolinearnold github github.com alexandermoore,"['python', 'git', 'github']",3
"{""name"":""Stephanie James"",""email"":""rachel88@example.org"",""phone"":""369.977.5817x1282"",""location"":{""city"":""West Allen"",""country"":""Ghana"",""remote_preference"":""onsite""},""summary"":""Backend Developer specializing in building scalable and efficient server-side applications. Skilled in Python, Django, and RESTful API design."",""linkedin"":""linkedin.com\/in\/ellisblake"",""github"":""github.com\/ablake""}",name stephanie james email rachel88 example.org phone 369.977.5817x1282 location city west allen country ghana remote preference onsite summary backend developer specializing in building scalable and efficient server side applications. skilled in python django and restful api design. linkedin linkedin.com in ellisblake github github.com ablake,"['python', 'git', 'github']",3
"{""name"":""Martha Johnson"",""email"":""scotthurst@example.org"",""phone"":""(735)363-7045"",""location"":{""city"":""Port Robert"",""country"":""Swaziland"",""remote_preference"":""hybrid""},""summary"":""Backend Developer specializing in building scalable and efficient server-side applications. Skilled in Python, Django, and RESTful API design."",""linkedin"":""linkedin.com\/in\/wtorres"",""github"":""github.com\/nsmith""}",name martha johnson email scotthurst example.org phone 735 363 7045 location city port robert country swaziland remote preference hybrid summary backend developer specializing in building scalable and efficient server side applications. skilled in python django and restful api design. linkedin linkedin.com in wtorres github github.com nsmith,"['python', 'git', 'github']",3
"{""name"":""Michael Wright"",""email"":""kgriffith@example.org"",""phone"":""7554398445"",""location"":{""city"":""West Lisaberg"",""country"":""Benin"",""remote_preference"":""hybrid""},""summary"":""Backend Developer specializing in building scalable and efficient server-side applications. Skilled in Python, Django, and RESTful API design."",""linkedin"":""linkedin.com\/in\/evansgary"",""github"":""github.com\/jonathan48""}",name michael wright email kgriffith example.org phone 7554398445 location city west lisaberg country benin remote preference hybrid summary backend developer specializing in building scalable and efficient server side applications. skilled in python django and restful api design. linkedin linkedin.com in evansgary github github.com jonathan48,"['python', 'git', 'github']",3
"{""name"":""Christian Jones"",""email"":""eric78@example.com"",""phone"":""001-782-465-6318x6323"",""location"":{""city"":""Port Joshua"",""country"":""Austria"",""remote_preference"":""remote""},""summary"":""Backend Developer specializing in building scalable and efficient server-side applications. Skilled in Python, Django, and RESTful API design."",""linkedin"":""linkedin.com\/in\/rfields"",""github"":""github.com\/andersonrobert""}",name christian jones email eric78 example.com phone 001 782 465 6318x6323 location city port joshua country austria remote preference remote summary backend developer specializing in building scalable and efficient server side applications. skilled in python django and restful api design. linkedin linkedin.com in rfields github github.com andersonrobert,"['python', 'git', 'github']",3
"{""name"":""Veronica Jones"",""email"":""svelasquez@example.net"",""phone"":""280.876.1462"",""location"":{""city"":""West Kevinport"",""country"":""Faroe Islands"",""remote_preference"":""remote""},""summary"":""Backend Developer specializing in building scalable and efficient server-side applications. Skilled in Python, Django, and RESTful API design."",""linkedin"":""linkedin.com\/in\/kristin50"",""github"":""github.com\/areyes""}",name veronica jones email svelasquez example.net phone 280.876.1462 location city west kevinport country faroe islands remote preference remote summary backend developer specializing in building scalable and efficient server side applications. skilled in python django and restful api design. linkedin linkedin.com in kristin50 github github.com areyes,"['python', 'git', 'github']",3
"{""name"":""Angela Key"",""email"":""williamorr@example.net"",""phone"":""+1-629-377-1705"",""location"":{""city"":""Port Jenniferhaven"",""country"":""Indonesia"",""remote_preference"":""remote""},""summary"":""Backend Developer specializing in building scalable and efficient server-side applications. Skilled in Python, Django, and RESTful API design."",""linkedin"":""linkedin.com\/in\/qhall"",""github"":""github.com\/williamsonashley""}",name angela key email williamorr example.net phone +1 629 377 1705 location city port jenniferhaven country indonesia remote preference remote summary backend developer specializing in building scalable and efficient server side applications. skilled in python django and restful api design. linkedin linkedin.com in qhall github github.com williamsonashley,"['python', 'git', 'github']",3
"{""name"":""Kathryn Lara"",""email"":""alexandersmith@example.net"",""phone"":""(647)321-2851"",""location"":{""city"":""New Martin"",""country"":""Kuwait"",""remote_preference"":""remote""},""summary"":""Backend Developer specializing in building scalable and efficient server-side applications. Skilled in Python, Django, and RESTful API design."",""linkedin"":""linkedin.com\/in\/qhopkins"",""github"":""github.com\/christopherdyer""}",name kathryn lara email alexandersmith example.net phone 647 321 2851 location city new martin country kuwait remote preference remote summary backend developer specializing in building scalable and efficient server side applications. skilled in python django and restful api design. linkedin linkedin.com in qhopkins github github.com christopherdyer,"['python', 'git', 'github']",3
"{""name"":""Nicholas Edwards"",""email"":""huffkenneth@example.net"",""phone"":""+1-713-892-2801x23704"",""location"":{""city"":""Port Katrina"",""country"":""Bolivia"",""remote_preference"":""onsite""},""summary"":""Backend Developer specializing in building scalable and efficient server-side applications. Skilled in Python, Django, and RESTful API design."",""linkedin"":""linkedin.com\/in\/kristopher24"",""github"":""github.com\/davisjennifer""}",name nicholas edwards email huffkenneth example.net phone +1 713 892 2801x23704 location city port katrina country bolivia remote preference onsite summary backend developer specializing in building scalable and efficient server side applications. skilled in python django and restful api design. linkedin linkedin.com in kristopher24 github github.com davisjennifer,"['python', 'git', 'github']",3
"{""name"":""Whitney Mejia"",""email"":""marshalljennifer@example.net"",""phone"":""310-937-4022x26544"",""location"":{""city"":""Port Nancy"",""country"":""Yemen"",""remote_preference"":""onsite""},""summary"":""Backend Developer specializing in building scalable and efficient server-side applications. Skilled in Python, Django, and RESTful API design."",""linkedin"":""linkedin.com\/in\/christianhoward"",""github"":""github.com\/jamespatterson""}",name whitney mejia email marshalljennifer example.net phone 310 937 4022x26544 location city port nancy country yemen remote preference onsite summary backend developer specializing in building scalable and efficient server side applications. skilled in python django and restful api design. linkedin linkedin.com in christianhoward github github.com jamespatterson,"['python', 'git', 'github']",3
"{""name"":""Donna Dunlap"",""email"":""robert94@example.net"",""phone"":""477.559.9215x989"",""location"":{""city"":""Port Natalie"",""country"":""Libyan Arab Jamahiriya"",""remote_preference"":""hybrid""},""summary"":""Backend Developer specializing in building scalable and efficient server-side applications. Skilled in Python, Django, and RESTful API design."",""linkedin"":""linkedin.com\/in\/cynthiajones"",""github"":""github.com\/michael82""}",name donna dunlap email robert94 example.net phone 477.559.9215x989 location city port natalie country libyan arab jamahiriya remote preference hybrid summary backend developer specializing in building scalable and efficient server side applications. skilled in python django and restful api design. linkedin linkedin.com in cynthiajones github github.com michael82,"['python', 'git', 'github']",3
"{""name"":""Adam Jackson"",""email"":""davenportchristian@example.net"",""phone"":""(946)407-1607"",""location"":{""city"":""Lake David"",""country"":""New Caledonia"",""remote_preference"":""onsite""},""summary"":""Backend Developer specializing in building scalable and efficient server-side applications. Skilled in Python, Django, and RESTful API design."",""linkedin"":""linkedin.com\/in\/wilsonfrank"",""github"":""github.com\/utaylor""}",name adam jackson email davenportchristian example.net phone 946 407 1607 location city lake david country new caledonia remote preference onsite summary backend developer specializing in building scalable and efficient server side applications. skilled in python django and restful api design. linkedin linkedin.com in wilsonfrank github github.com utaylor,"['python', 'git', 'github']",3
"{""name"":""Samuel Baker"",""email"":""patriciasmith@example.com"",""phone"":""280-276-7903"",""location"":{""city"":""North Joseph"",""country"":""Lebanon"",""remote_preference"":""onsite""},""summary"":""Backend Developer specializing in building scalable and efficient server-side applications. Skilled in Python, Django, and RESTful API design."",""linkedin"":""linkedin.com\/in\/pottscassandra"",""github"":""github.com\/hollybrown""}",name samuel baker email patriciasmith example.com phone 280 276 7903 location city north joseph country lebanon remote preference onsite summary backend developer specializing in building scalable and efficient server side applications. skilled in python django and restful api design. linkedin linkedin.com in pottscassandra github github.com hollybrown,"['python', 'git', 'github']",3
"{""name"":""Tanya Miller"",""email"":""craigcarol@example.org"",""phone"":""(279)500-6998x186"",""location"":{""city"":""Rodneyberg"",""country"":""Israel"",""remote_preference"":""remote""},""summary"":""Backend Developer specializing in building scalable and efficient server-side applications. Skilled in Python, Django, and RESTful API design."",""linkedin"":""linkedin.com\/in\/kathrynkerr"",""github"":""github.com\/rodriguezjohn""}",name tanya miller email craigcarol example.org phone 279 500 6998x186 location city rodneyberg country israel remote preference remote summary backend developer specializing in building scalable and efficient server side applications. skilled in python django and restful api design. linkedin linkedin.com in kathrynkerr github github.com rodriguezjohn,"['python', 'git', 'github']",3
"{""name"":""Timothy Crane"",""email"":""gabriella71@example.org"",""phone"":""849-358-0938x661"",""location"":{""city"":""Tammychester"",""country"":""Fiji"",""remote_preference"":""remote""},""summary"":""Backend Developer specializing in building scalable and efficient server-side applications. Skilled in Python, Django, and RESTful API design."",""linkedin"":""linkedin.com\/in\/morantracy"",""github"":""github.com\/megan58""}",name timothy crane email gabriella71 example.org phone 849 358 0938x661 location city tammychester country fiji remote preference remote summary backend developer specializing in building scalable and efficient server side applications. skilled in python django and restful api design. linkedin linkedin.com in morantracy github github.com megan58,"['python', 'git', 'github']",3
"{""name"":""Jacqueline Gutierrez"",""email"":""kylejones@example.net"",""phone"":""445-238-9005x1770"",""location"":{""city"":""Amandaborough"",""country"":""Honduras"",""remote_preference"":""remote""},""summary"":""Backend Developer specializing in building scalable and efficient server-side applications. Skilled in Python, Django, and RESTful API design."",""linkedin"":""linkedin.com\/in\/heather61"",""github"":""github.com\/virginiajohnson""}",name jacqueline gutierrez email kylejones example.net phone 445 238 9005x1770 location city amandaborough country honduras remote preference remote summary backend developer specializing in building scalable and efficient server side applications. skilled in python django and restful api design. linkedin linkedin.com in heather61 github github.com virginiajohnson,"['python', 'git', 'github']",3
"{""name"":""Vanessa Sullivan"",""email"":""oliverjose@example.net"",""phone"":""607.598.1086x405"",""location"":{""city"":""Heatherhaven"",""country"":""Slovakia (Slovak Republic)"",""remote_preference"":""onsite""},""summary"":""Backend Developer specializing in building scalable and efficient server-side applications. Skilled in Python, Django, and RESTful API design."",""linkedin"":""linkedin.com\/in\/christophermorton"",""github"":""github.com\/lewisrhonda""}",name vanessa sullivan email oliverjose example.net phone 607.598.1086x405 location city heatherhaven country slovakia slovak republic remote preference onsite summary backend developer specializing in building scalable and efficient server side applications. skilled in python django and restful api design. linkedin linkedin.com in christophermorton github github.com lewisrhonda,"['python', 'git', 'github']",3
"{""name"":""Patrick Medina"",""email"":""henryrobin@example.com"",""phone"":""(234)316-4829"",""location"":{""city"":""New Lisa"",""country"":""Reunion"",""remote_preference"":""onsite""},""summary"":""Backend Developer specializing in building scalable and efficient server-side applications. Skilled in Python, Django, and RESTful API design."",""linkedin"":""linkedin.com\/in\/bethshepard"",""github"":""github.com\/amyhernandez""}",name patrick medina email henryrobin example.com phone 234 316 4829 location city new lisa country reunion remote preference onsite summary backend developer specializing in building scalable and efficient server side applications. skilled in python django and restful api design. linkedin linkedin.com in bethshepard github github.com amyhernandez,"['python', 'git', 'github']",3
"{""name"":""Jeremy Bryan"",""email"":""estesgeorge@example.com"",""phone"":""265.868.3293x191"",""location"":{""city"":""West Sarah"",""country"":""Thailand"",""remote_preference"":""remote""},""summary"":""Backend Developer specializing in building scalable and efficient server-side applications. Skilled in Python, Django, and RESTful API design."",""linkedin"":""linkedin.com\/in\/margaretbarrera"",""github"":""github.com\/higginstiffany""}",name jeremy bryan email estesgeorge example.com phone 265.868.3293x191 location city west sarah country thailand remote preference remote summary backend developer specializing in building scalable and efficient server side applications. skilled in python django and restful api design. linkedin linkedin.com in margaretbarrera github github.com higginstiffany,"['python', 'git', 'github']",3
"{""name"":""Joyce Walker"",""email"":""jenkinsfred@example.com"",""phone"":""387-932-9307"",""location"":{""city"":""Burnsberg"",""country"":""United States of America"",""remote_preference"":""onsite""},""summary"":""Backend Developer specializing in building scalable and efficient server-side applications. Skilled in Python, Django, and RESTful API design."",""linkedin"":""linkedin.com\/in\/amy08"",""github"":""github.com\/alexandrawest""}",name joyce walker email jenkinsfred example.com phone 387 932 9307 location city burnsberg country united states of america remote preference onsite summary backend developer specializing in building scalable and efficient server side applications. skilled in python django and restful api design. linkedin linkedin.com in amy08 github github.com alexandrawest,"['python', 'git', 'github']",3
"{""name"":""Gabriela Beltran"",""email"":""walkerjason@example.com"",""phone"":""(943)686-2769x6091"",""location"":{""city"":""Lake Victoriaburgh"",""country"":""Svalbard & Jan Mayen Islands"",""remote_preference"":""onsite""},""summary"":""Backend Developer specializing in building scalable and efficient server-side applications. Skilled in Python, Django, and RESTful API design."",""linkedin"":""linkedin.com\/in\/carriewilliams"",""github"":""github.com\/blivingston""}",name gabriela beltran email walkerjason example.com phone 943 686 2769x6091 location city lake victoriaburgh country svalbard jan mayen islands remote preference onsite summary backend developer specializing in building scalable and efficient server side applications. skilled in python django and restful api design. linkedin linkedin.com in carriewilliams github github.com blivingston,"['python', 'git', 'github']",3
"{""name"":""Pamela Alvarado"",""email"":""dpatterson@example.org"",""phone"":""001-234-443-2722"",""location"":{""city"":""North Johnny"",""country"":""Palestinian Territory"",""remote_preference"":""onsite""},""summary"":""Backend Developer specializing in building scalable and efficient server-side applications. Skilled in Python, Django, and RESTful API design."",""linkedin"":""linkedin.com\/in\/avalencia"",""github"":""github.com\/amber78""}",name pamela alvarado email dpatterson example.org phone 001 234 443 2722 location city north johnny country palestinian territory remote preference onsite summary backend developer specializing in building scalable and efficient server side applications. skilled in python django and restful api design. linkedin linkedin.com in avalencia github github.com amber78,"['python', 'git', 'github']",3
"{""name"":""Adam Wells"",""email"":""rjimenez@example.com"",""phone"":""+1-211-411-1605x7253"",""location"":{""city"":""East Lindseybury"",""country"":""Mayotte"",""remote_preference"":""hybrid""},""summary"":""Backend Developer specializing in building scalable and efficient server-side applications. Skilled in Python, Django, and RESTful API design."",""linkedin"":""linkedin.com\/in\/mmorales"",""github"":""github.com\/barrywalker""}",name adam wells email rjimenez example.com phone +1 211 411 1605x7253 location city east lindseybury country mayotte remote preference hybrid summary backend developer specializing in building scalable and efficient server side applications. skilled in python django and restful api design. linkedin linkedin.com in mmorales github github.com barrywalker,"['python', 'git', 'github']",3
"{""name"":""Shawn Byrd"",""email"":""kimberly79@example.org"",""phone"":""256-837-3538x5412"",""location"":{""city"":""Sandraview"",""country"":""Switzerland"",""remote_preference"":""hybrid""},""summary"":""Backend Developer specializing in building scalable and efficient server-side applications. Skilled in Python, Django, and RESTful API design."",""linkedin"":""linkedin.com\/in\/norman52"",""github"":""github.com\/johnsonsharon""}",name shawn byrd email kimberly79 example.org phone 256 837 3538x5412 location city sandraview country switzerland remote preference hybrid summary backend developer specializing in building scalable and efficient server side applications. skilled in python django and restful api design. linkedin linkedin.com in norman52 github github.com johnsonsharon,"['python', 'git', 'github']",3
"{""name"":""Nathan Tanner"",""email"":""brian53@example.org"",""phone"":""2172098527"",""location"":{""city"":""Port Luke"",""country"":""Spain"",""remote_preference"":""onsite""},""summary"":""Backend Developer specializing in building scalable and efficient server-side applications. Skilled in Python, Django, and RESTful API design."",""linkedin"":""linkedin.com\/in\/jack98"",""github"":""github.com\/vadams""}",name nathan tanner email brian53 example.org phone 2172098527 location city port luke country spain remote preference onsite summary backend developer specializing in building scalable and efficient server side applications. skilled in python django and restful api design. linkedin linkedin.com in jack98 github github.com vadams,"['python', 'git', 'github']",3
"{""name"":""Sharon Taylor"",""email"":""ywang@example.org"",""phone"":""557-655-4932x6305"",""location"":{""city"":""Whitneyfurt"",""country"":""Oman"",""remote_preference"":""onsite""},""summary"":""Backend Developer specializing in building scalable and efficient server-side applications. Skilled in Python, Django, and RESTful API design."",""linkedin"":""linkedin.com\/in\/glane"",""github"":""github.com\/csullivan""}",name sharon taylor email ywang example.org phone 557 655 4932x6305 location city whitneyfurt country oman remote preference onsite summary backend developer specializing in building scalable and efficient server side applications. skilled in python django and restful api design. linkedin linkedin.com in glane github github.com csullivan,"['python', 'git', 'github']",3
"{""name"":""Kristine Brown"",""email"":""christopher49@example.org"",""phone"":""554.546.1265x729"",""location"":{""city"":""Rojasport"",""country"":""Peru"",""remote_preference"":""hybrid""},""summary"":""Backend Developer specializing in building scalable and efficient server-side applications. Skilled in Python, Django, and RESTful API design."",""linkedin"":""linkedin.com\/in\/allenrebecca"",""github"":""github.com\/ryanwalker""}",name kristine brown email christopher49 example.org phone 554.546.1265x729 location city rojasport country peru remote preference hybrid summary backend developer specializing in building scalable and efficient server side applications. skilled in python django and restful api design. linkedin linkedin.com in allenrebecca github github.com ryanwalker,"['python', 'git', 'github']",3
"{""name"":""James Wagner"",""email"":""iburke@example.org"",""phone"":""365.458.3459x0968"",""location"":{""city"":""East Wendy"",""country"":""Uganda"",""remote_preference"":""hybrid""},""summary"":""Backend Developer specializing in building scalable and efficient server-side applications. Skilled in Python, Django, and RESTful API design."",""linkedin"":""linkedin.com\/in\/clarkerin"",""github"":""github.com\/egarcia""}",name james wagner email iburke example.org phone 365.458.3459x0968 location city east wendy country uganda remote preference hybrid summary backend developer specializing in building scalable and efficient server side applications. skilled in python django and restful api design. linkedin linkedin.com in clarkerin github github.com egarcia,"['python', 'git', 'github']",3
"{""name"":""Richard Cruz"",""email"":""annette44@example.org"",""phone"":""530.290.6506"",""location"":{""city"":""Port George"",""country"":""Thailand"",""remote_preference"":""hybrid""},""summary"":""Backend Developer specializing in building scalable and efficient server-side applications. Skilled in Python, Django, and RESTful API design."",""linkedin"":""linkedin.com\/in\/longkerry"",""github"":""github.com\/thomas61""}",name richard cruz email annette44 example.org phone 530.290.6506 location city port george country thailand remote preference hybrid summary backend developer specializing in building scalable and efficient server side applications. skilled in python django and restful api design. linkedin linkedin.com in longkerry github github.com thomas61,"['python', 'git', 'github']",3
"{""name"":""April Acosta"",""email"":""millersamuel@example.org"",""phone"":""6526482391"",""location"":{""city"":""Isabellahaven"",""country"":""Afghanistan"",""remote_preference"":""onsite""},""summary"":""Backend Developer specializing in building scalable and efficient server-side applications. Skilled in Python, Django, and RESTful API design."",""linkedin"":""linkedin.com\/in\/jamie21"",""github"":""github.com\/whitneymaynard""}",name april acosta email millersamuel example.org phone 6526482391 location city isabellahaven country afghanistan remote preference onsite summary backend developer specializing in building scalable and efficient server side applications. skilled in python django and restful api design. linkedin linkedin.com in jamie21 github github.com whitneymaynard,"['python', 'git', 'github']",3
"{""name"":""John Brewer"",""email"":""ryanbuchanan@example.com"",""phone"":""369.820.1112"",""location"":{""city"":""Huangshire"",""country"":""Australia"",""remote_preference"":""onsite""},""summary"":""Backend Developer specializing in building scalable and efficient server-side applications. Skilled in Python, Django, and RESTful API design."",""linkedin"":""linkedin.com\/in\/ccraig"",""github"":""github.com\/patricia17""}",name john brewer email ryanbuchanan example.com phone 369.820.1112 location city huangshire country australia remote preference onsite summary backend developer specializing in building scalable and efficient server side applications. skilled in python django and restful api design. linkedin linkedin.com in ccraig github github.com patricia17,"['python', 'git', 'github']",3
"{""name"":""David Black"",""email"":""joshuajennings@example.org"",""phone"":""001-324-423-7967x0636"",""location"":{""city"":""Jacobsmouth"",""country"":""Norway"",""remote_preference"":""onsite""},""summary"":""Backend Developer specializing in building scalable and efficient server-side applications. Skilled in Python, Django, and RESTful API design."",""linkedin"":""linkedin.com\/in\/mhoward"",""github"":""github.com\/brianlogan""}",name david black email joshuajennings example.org phone 001 324 423 7967x0636 location city jacobsmouth country norway remote preference onsite summary backend developer specializing in building scalable and efficient server side applications. skilled in python django and restful api design. linkedin linkedin.com in mhoward github github.com brianlogan,"['python', 'git', 'github']",3
"{""name"":""Jon Wilson"",""email"":""cowen@example.net"",""phone"":""(399)596-8672"",""location"":{""city"":""North Regina"",""country"":""Antigua and Barbuda"",""remote_preference"":""onsite""},""summary"":""Backend Developer specializing in building scalable and efficient server-side applications. Skilled in Python, Django, and RESTful API design."",""linkedin"":""linkedin.com\/in\/byrdbrian"",""github"":""github.com\/thomas51""}",name jon wilson email cowen example.net phone 399 596 8672 location city north regina country antigua and barbuda remote preference onsite summary backend developer specializing in building scalable and efficient server side applications. skilled in python django and restful api design. linkedin linkedin.com in byrdbrian github github.com thomas51,"['python', 'git', 'github']",3
"{""name"":""Claudia Barnes"",""email"":""jerrybooth@example.org"",""phone"":""+1-532-571-6019x25713"",""location"":{""city"":""Robertfort"",""country"":""Brunei Darussalam"",""remote_preference"":""onsite""},""summary"":""Backend Developer specializing in building scalable and efficient server-side applications. Skilled in Python, Django, and RESTful API design."",""linkedin"":""linkedin.com\/in\/zrasmussen"",""github"":""github.com\/ochurch""}",name claudia barnes email jerrybooth example.org phone +1 532 571 6019x25713 location city robertfort country brunei darussalam remote preference onsite summary backend developer specializing in building scalable and efficient server side applications. skilled in python django and restful api design. linkedin linkedin.com in zrasmussen github github.com ochurch,"['python', 'git', 'github']",3
"{""name"":""Summer Doyle"",""email"":""james61@example.org"",""phone"":""+1-413-456-6435"",""location"":{""city"":""East Seth"",""country"":""Bhutan"",""remote_preference"":""hybrid""},""summary"":""Backend Developer specializing in building scalable and efficient server-side applications. Skilled in Python, Django, and RESTful API design."",""linkedin"":""linkedin.com\/in\/jessica76"",""github"":""github.com\/hillangela""}",name summer doyle email james61 example.org phone +1 413 456 6435 location city east seth country bhutan remote preference hybrid summary backend developer specializing in building scalable and efficient server side applications. skilled in python django and restful api design. linkedin linkedin.com in jessica76 github github.com hillangela,"['python', 'git', 'github']",3
"{""name"":""Nichole Thompson"",""email"":""torresnathan@example.org"",""phone"":""873.503.1438x619"",""location"":{""city"":""North Andrew"",""country"":""Norway"",""remote_preference"":""onsite""},""summary"":""Backend Developer specializing in building scalable and efficient server-side applications. Skilled in Python, Django, and RESTful API design."",""linkedin"":""linkedin.com\/in\/agill"",""github"":""github.com\/ian56""}",name nichole thompson email torresnathan example.org phone 873.503.1438x619 location city north andrew country norway remote preference onsite summary backend developer specializing in building scalable and efficient server side applications. skilled in python django and restful api design. linkedin linkedin.com in agill github github.com ian56,"['python', 'git', 'github']",3
"{""name"":""Kevin Rodriguez"",""email"":""chungkaren@example.net"",""phone"":""(762)583-1980"",""location"":{""city"":""Fosterchester"",""country"":""Latvia"",""remote_preference"":""hybrid""},""summary"":""Backend Developer specializing in building scalable and efficient server-side applications. Skilled in Python, Django, and RESTful API design."",""linkedin"":""linkedin.com\/in\/sheilahoward"",""github"":""github.com\/andreabailey""}",name kevin rodriguez email chungkaren example.net phone 762 583 1980 location city fosterchester country latvia remote preference hybrid summary backend developer specializing in building scalable and efficient server side applications. skilled in python django and restful api design. linkedin linkedin.com in sheilahoward github github.com andreabailey,"['python', 'git', 'github']",3
"{""name"":""Jasmine Valdez"",""email"":""raymond21@example.com"",""phone"":""001-981-232-6381x034"",""location"":{""city"":""Hicksborough"",""country"":""Togo"",""remote_preference"":""hybrid""},""summary"":""Backend Developer specializing in building scalable and efficient server-side applications. Skilled in Python, Django, and RESTful API design."",""linkedin"":""linkedin.com\/in\/qstewart"",""github"":""github.com\/mpierce""}",name jasmine valdez email raymond21 example.com phone 001 981 232 6381x034 location city hicksborough country togo remote preference hybrid summary backend developer specializing in building scalable and efficient server side applications. skilled in python django and restful api design. linkedin linkedin.com in qstewart github github.com mpierce,"['python', 'git', 'github']",3
"{""name"":""Tracy Walton"",""email"":""patrickroach@example.org"",""phone"":""757.955.3296x181"",""location"":{""city"":""Campbellfort"",""country"":""Korea"",""remote_preference"":""hybrid""},""summary"":""Backend Developer specializing in building scalable and efficient server-side applications. Skilled in Python, Django, and RESTful API design."",""linkedin"":""linkedin.com\/in\/yholmes"",""github"":""github.com\/tracey42""}",name tracy walton email patrickroach example.org phone 757.955.3296x181 location city campbellfort country korea remote preference hybrid summary backend developer specializing in building scalable and efficient server side applications. skilled in python django and restful api design. linkedin linkedin.com in yholmes github github.com tracey42,"['python', 'git', 'github']",3
"{""name"":""Barbara Guzman"",""email"":""brad92@example.com"",""phone"":""764.410.5583"",""location"":{""city"":""South Ericmouth"",""country"":""Monaco"",""remote_preference"":""remote""},""summary"":""Backend Developer specializing in building scalable and efficient server-side applications. Skilled in Python, Django, and RESTful API design."",""linkedin"":""linkedin.com\/in\/timothy55"",""github"":""github.com\/kbest""}",name barbara guzman email brad92 example.com phone 764.410.5583 location city south ericmouth country monaco remote preference remote summary backend developer specializing in building scalable and efficient server side applications. skilled in python django and restful api design. linkedin linkedin.com in timothy55 github github.com kbest,"['python', 'git', 'github']",3
"{""name"":""Mrs. Samantha Fox"",""email"":""desireegarcia@example.org"",""phone"":""900.224.8875"",""location"":{""city"":""Hardinmouth"",""country"":""Italy"",""remote_preference"":""hybrid""},""summary"":""Backend Developer specializing in building scalable and efficient server-side applications. Skilled in Python, Django, and RESTful API design."",""linkedin"":""linkedin.com\/in\/yjohnson"",""github"":""github.com\/collierelizabeth""}",name mrs. samantha fox email desireegarcia example.org phone 900.224.8875 location city hardinmouth country italy remote preference hybrid summary backend developer specializing in building scalable and efficient server side applications. skilled in python django and restful api design. linkedin linkedin.com in yjohnson github github.com collierelizabeth,"['python', 'git', 'github']",3
"{""name"":""Lawrence Steele"",""email"":""webbmichelle@example.org"",""phone"":""380-452-9515x6613"",""location"":{""city"":""Grantland"",""country"":""Niue"",""remote_preference"":""remote""},""summary"":""Backend Developer specializing in building scalable and efficient server-side applications. Skilled in Python, Django, and RESTful API design."",""linkedin"":""linkedin.com\/in\/ashleystrong"",""github"":""github.com\/morrisbrian""}",name lawrence steele email webbmichelle example.org phone 380 452 9515x6613 location city grantland country niue remote preference remote summary backend developer specializing in building scalable and efficient server side applications. skilled in python django and restful api design. linkedin linkedin.com in ashleystrong github github.com morrisbrian,"['python', 'git', 'github']",3
"{""name"":""Toni Harding"",""email"":""cfitzpatrick@example.net"",""phone"":""327.775.4807"",""location"":{""city"":""Port Joseside"",""country"":""Kazakhstan"",""remote_preference"":""onsite""},""summary"":""Backend Developer specializing in building scalable and efficient server-side applications. Skilled in Python, Django, and RESTful API design."",""linkedin"":""linkedin.com\/in\/toni56"",""github"":""github.com\/heather48""}",name toni harding email cfitzpatrick example.net phone 327.775.4807 location city port joseside country kazakhstan remote preference onsite summary backend developer specializing in building scalable and efficient server side applications. skilled in python django and restful api design. linkedin linkedin.com in toni56 github github.com heather48,"['python', 'git', 'github']",3
"{""name"":""Laura Hill"",""email"":""pchambers@example.org"",""phone"":""(447)331-2586x45039"",""location"":{""city"":""Jasonfurt"",""country"":""Ghana"",""remote_preference"":""remote""},""summary"":""Backend Developer specializing in building scalable and efficient server-side applications. Skilled in Python, Django, and RESTful API design."",""linkedin"":""linkedin.com\/in\/pwillis"",""github"":""github.com\/cunninghamrandall""}",name laura hill email pchambers example.org phone 447 331 2586x45039 location city jasonfurt country ghana remote preference remote summary backend developer specializing in building scalable and efficient server side applications. skilled in python django and restful api design. linkedin linkedin.com in pwillis github github.com cunninghamrandall,"['python', 'git', 'github']",3
"{""name"":""Megan May"",""email"":""ajohnson@example.net"",""phone"":""472.894.6335"",""location"":{""city"":""Robertfort"",""country"":""Trinidad and Tobago"",""remote_preference"":""onsite""},""summary"":""Backend Developer specializing in building scalable and efficient server-side applications. Skilled in Python, Django, and RESTful API design."",""linkedin"":""linkedin.com\/in\/denise86"",""github"":""github.com\/amandapatterson""}",name megan may email ajohnson example.net phone 472.894.6335 location city robertfort country trinidad and tobago remote preference onsite summary backend developer specializing in building scalable and efficient server side applications. skilled in python django and restful api design. linkedin linkedin.com in denise86 github github.com amandapatterson,"['python', 'git', 'github']",3
"{""name"":""Travis Dominguez"",""email"":""collinsteresa@example.org"",""phone"":""001-209-333-9759"",""location"":{""city"":""Nicholstown"",""country"":""San Marino"",""remote_preference"":""onsite""},""summary"":""Backend Developer specializing in building scalable and efficient server-side applications. Skilled in Python, Django, and RESTful API design."",""linkedin"":""linkedin.com\/in\/qleonard"",""github"":""github.com\/edward60""}",name travis dominguez email collinsteresa example.org phone 001 209 333 9759 location city nicholstown country san marino remote preference onsite summary backend developer specializing in building scalable and efficient server side applications. skilled in python django and restful api design. linkedin linkedin.com in qleonard github github.com edward60,"['python', 'git', 'github']",3
"{""name"":""Charles Miller"",""email"":""lgonzalez@example.net"",""phone"":""356.575.3659x1628"",""location"":{""city"":""North Mckenziemouth"",""country"":""Sri Lanka"",""remote_preference"":""remote""},""summary"":""Backend Developer specializing in building scalable and efficient server-side applications. Skilled in Python, Django, and RESTful API design."",""linkedin"":""linkedin.com\/in\/john05"",""github"":""github.com\/mary79""}",name charles miller email lgonzalez example.net phone 356.575.3659x1628 location city north mckenziemouth country sri lanka remote preference remote summary backend developer specializing in building scalable and efficient server side applications. skilled in python django and restful api design. linkedin linkedin.com in john05 github github.com mary79,"['python', 'git', 'github']",3
"{""name"":""David Barrett"",""email"":""mpatel@example.net"",""phone"":""(271)202-9240"",""location"":{""city"":""Port Joseph"",""country"":""Belize"",""remote_preference"":""hybrid""},""summary"":""Backend Developer specializing in building scalable and efficient server-side applications. Skilled in Python, Django, and RESTful API design."",""linkedin"":""linkedin.com\/in\/rjohnson"",""github"":""github.com\/qramirez""}",name david barrett email mpatel example.net phone 271 202 9240 location city port joseph country belize remote preference hybrid summary backend developer specializing in building scalable and efficient server side applications. skilled in python django and restful api design. linkedin linkedin.com in rjohnson github github.com qramirez,"['python', 'git', 'github']",3
"{""name"":""Mary Kerr"",""email"":""tommy97@example.com"",""phone"":""(932)244-4833x408"",""location"":{""city"":""Lake Danaton"",""country"":""Dominica"",""remote_preference"":""onsite""},""summary"":""Backend Developer specializing in building scalable and efficient server-side applications. Skilled in Python, Django, and RESTful API design."",""linkedin"":""linkedin.com\/in\/william92"",""github"":""github.com\/rodriguezcharles""}",name mary kerr email tommy97 example.com phone 932 244 4833x408 location city lake danaton country dominica remote preference onsite summary backend developer specializing in building scalable and efficient server side applications. skilled in python django and restful api design. linkedin linkedin.com in william92 github github.com rodriguezcharles,"['python', 'git', 'github']",3
"{""name"":""John Howe"",""email"":""cherylquinn@example.com"",""phone"":""+1-795-741-5513"",""location"":{""city"":""Lake Benjamin"",""country"":""Kenya"",""remote_preference"":""remote""},""summary"":""Backend Developer specializing in building scalable and efficient server-side applications. Skilled in Python, Django, and RESTful API design."",""linkedin"":""linkedin.com\/in\/taylorsandra"",""github"":""github.com\/vtodd""}",name john howe email cherylquinn example.com phone +1 795 741 5513 location city lake benjamin country kenya remote preference remote summary backend developer specializing in building scalable and efficient server side applications. skilled in python django and restful api design. linkedin linkedin.com in taylorsandra github github.com vtodd,"['python', 'git', 'github']",3
"{""name"":""Christopher Chavez"",""email"":""welchdonald@example.net"",""phone"":""879-943-7523x7837"",""location"":{""city"":""New Colleen"",""country"":""Sao Tome and Principe"",""remote_preference"":""onsite""},""summary"":""Backend Developer specializing in building scalable and efficient server-side applications. Skilled in Python, Django, and RESTful API design."",""linkedin"":""linkedin.com\/in\/cohensarah"",""github"":""github.com\/willie86""}",name christopher chavez email welchdonald example.net phone 879 943 7523x7837 location city new colleen country sao tome and principe remote preference onsite summary backend developer specializing in building scalable and efficient server side applications. skilled in python django and restful api design. linkedin linkedin.com in cohensarah github github.com willie86,"['python', 'git', 'github']",3
"{""name"":""Ashley Todd DDS"",""email"":""nicoledyer@example.org"",""phone"":""+1-513-424-0824x96608"",""location"":{""city"":""Morganhaven"",""country"":""Tonga"",""remote_preference"":""onsite""},""summary"":""Backend Developer specializing in building scalable and efficient server-side applications. Skilled in Python, Django, and RESTful API design."",""linkedin"":""linkedin.com\/in\/thomashoward"",""github"":""github.com\/johnsonphillip""}",name ashley todd dds email nicoledyer example.org phone +1 513 424 0824x96608 location city morganhaven country tonga remote preference onsite summary backend developer specializing in building scalable and efficient server side applications. skilled in python django and restful api design. linkedin linkedin.com in thomashoward github github.com johnsonphillip,"['python', 'git', 'github']",3
"{""name"":""Colleen Woods"",""email"":""jeffreybowen@example.net"",""phone"":""+1-650-526-8608x0156"",""location"":{""city"":""West Aaronmouth"",""country"":""Ecuador"",""remote_preference"":""onsite""},""summary"":""Backend Developer specializing in building scalable and efficient server-side applications. Skilled in Python, Django, and RESTful API design."",""linkedin"":""linkedin.com\/in\/garciaanna"",""github"":""github.com\/stephensdanielle""}",name colleen woods email jeffreybowen example.net phone +1 650 526 8608x0156 location city west aaronmouth country ecuador remote preference onsite summary backend developer specializing in building scalable and efficient server side applications. skilled in python django and restful api design. linkedin linkedin.com in garciaanna github github.com stephensdanielle,"['python', 'git', 'github']",3
"{""name"":""Nicholas Lewis"",""email"":""meyerjason@example.net"",""phone"":""495.418.8714"",""location"":{""city"":""South Andreafort"",""country"":""Kenya"",""remote_preference"":""onsite""},""summary"":""Backend Developer specializing in building scalable and efficient server-side applications. Skilled in Python, Django, and RESTful API design."",""linkedin"":""linkedin.com\/in\/tammywolf"",""github"":""github.com\/harold22""}",name nicholas lewis email meyerjason example.net phone 495.418.8714 location city south andreafort country kenya remote preference onsite summary backend developer specializing in building scalable and efficient server side applications. skilled in python django and restful api design. linkedin linkedin.com in tammywolf github github.com harold22,"['python', 'git', 'github']",3
"{""name"":""Daniel Melendez"",""email"":""kerrcatherine@example.com"",""phone"":""654.509.6706x4788"",""location"":{""city"":""Dennistown"",""country"":""Bolivia"",""remote_preference"":""hybrid""},""summary"":""Backend Developer specializing in building scalable and efficient server-side applications. Skilled in Python, Django, and RESTful API design."",""linkedin"":""linkedin.com\/in\/willisjeffrey"",""github"":""github.com\/belindagonzalez""}",name daniel melendez email kerrcatherine example.com phone 654.509.6706x4788 location city dennistown country bolivia remote preference hybrid summary backend developer specializing in building scalable and efficient server side applications. skilled in python django and restful api design. linkedin linkedin.com in willisjeffrey github github.com belindagonzalez,"['python', 'git', 'github']",3
"{""name"":""Travis Smith"",""email"":""stephensjose@example.net"",""phone"":""293-260-7841x43245"",""location"":{""city"":""Banksmouth"",""country"":""Saint Kitts and Nevis"",""remote_preference"":""remote""},""summary"":""Backend Developer specializing in building scalable and efficient server-side applications. Skilled in Python, Django, and RESTful API design."",""linkedin"":""linkedin.com\/in\/phillipsrobert"",""github"":""github.com\/bonnie09""}",name travis smith email stephensjose example.net phone 293 260 7841x43245 location city banksmouth country saint kitts and nevis remote preference remote summary backend developer specializing in building scalable and efficient server side applications. skilled in python django and restful api design. linkedin linkedin.com in phillipsrobert github github.com bonnie09,"['python', 'git', 'github']",3
"{""name"":""Tiffany Gillespie"",""email"":""cshaffer@example.net"",""phone"":""543-535-5351x896"",""location"":{""city"":""North Theresamouth"",""country"":""Poland"",""remote_preference"":""remote""},""summary"":""Backend Developer specializing in building scalable and efficient server-side applications. Skilled in Python, Django, and RESTful API design."",""linkedin"":""linkedin.com\/in\/qrobles"",""github"":""github.com\/ifernandez""}",name tiffany gillespie email cshaffer example.net phone 543 535 5351x896 location city north theresamouth country poland remote preference remote summary backend developer specializing in building scalable and efficient server side applications. skilled in python django and restful api design. linkedin linkedin.com in qrobles github github.com ifernandez,"['python', 'git', 'github']",3
"{""name"":""Jennifer Robinson"",""email"":""jwheeler@example.net"",""phone"":""720-660-7797"",""location"":{""city"":""Sabrinaport"",""country"":""Martinique"",""remote_preference"":""hybrid""},""summary"":""Backend Developer specializing in building scalable and efficient server-side applications. Skilled in Python, Django, and RESTful API design."",""linkedin"":""linkedin.com\/in\/xdonovan"",""github"":""github.com\/tammychambers""}",name jennifer robinson email jwheeler example.net phone 720 660 7797 location city sabrinaport country martinique remote preference hybrid summary backend developer specializing in building scalable and efficient server side applications. skilled in python django and restful api design. linkedin linkedin.com in xdonovan github github.com tammychambers,"['python', 'git', 'github']",3
"{""name"":""Emily Rodriguez"",""email"":""egarcia@example.net"",""phone"":""776.457.9764x766"",""location"":{""city"":""North Rachel"",""country"":""Andorra"",""remote_preference"":""hybrid""},""summary"":""Backend Developer specializing in building scalable and efficient server-side applications. Skilled in Python, Django, and RESTful API design."",""linkedin"":""linkedin.com\/in\/kaneerin"",""github"":""github.com\/sanchezjonathan""}",name emily rodriguez email egarcia example.net phone 776.457.9764x766 location city north rachel country andorra remote preference hybrid summary backend developer specializing in building scalable and efficient server side applications. skilled in python django and restful api design. linkedin linkedin.com in kaneerin github github.com sanchezjonathan,"['python', 'git', 'github']",3
"{""name"":""Sarah Aguirre"",""email"":""nathan30@example.net"",""phone"":""664-311-5045x670"",""location"":{""city"":""South Scott"",""country"":""Cayman Islands"",""remote_preference"":""onsite""},""summary"":""Backend Developer specializing in building scalable and efficient server-side applications. Skilled in Python, Django, and RESTful API design."",""linkedin"":""linkedin.com\/in\/elizabeth82"",""github"":""github.com\/krivers""}",name sarah aguirre email nathan30 example.net phone 664 311 5045x670 location city south scott country cayman islands remote preference onsite summary backend developer specializing in building scalable and efficient server side applications. skilled in python django and restful api design. linkedin linkedin.com in elizabeth82 github github.com krivers,"['python', 'git', 'github']",3
"{""name"":""Laura Jones"",""email"":""adrian21@example.org"",""phone"":""834-965-2082x962"",""location"":{""city"":""Port Robert"",""country"":""Guyana"",""remote_preference"":""remote""},""summary"":""Backend Developer specializing in building scalable and efficient server-side applications. Skilled in Python, Django, and RESTful API design."",""linkedin"":""linkedin.com\/in\/mcantrell"",""github"":""github.com\/michael59""}",name laura jones email adrian21 example.org phone 834 965 2082x962 location city port robert country guyana remote preference remote summary backend developer specializing in building scalable and efficient server side applications. skilled in python django and restful api design. linkedin linkedin.com in mcantrell github github.com michael59,"['python', 'git', 'github']",3
"{""name"":""Gary Johnson"",""email"":""rachel78@example.net"",""phone"":""817.295.6097x485"",""location"":{""city"":""Maryfort"",""country"":""Congo"",""remote_preference"":""remote""},""summary"":""Backend Developer specializing in building scalable and efficient server-side applications. Skilled in Python, Django, and RESTful API design."",""linkedin"":""linkedin.com\/in\/campbellcrystal"",""github"":""github.com\/ghenderson""}",name gary johnson email rachel78 example.net phone 817.295.6097x485 location city maryfort country congo remote preference remote summary backend developer specializing in building scalable and efficient server side applications. skilled in python django and restful api design. linkedin linkedin.com in campbellcrystal github github.com ghenderson,"['python', 'git', 'github']",3
"{""name"":""Luis Gibson"",""email"":""stephen46@example.com"",""phone"":""4546720034"",""location"":{""city"":""Ashleybury"",""country"":""Ecuador"",""remote_preference"":""onsite""},""summary"":""Backend Developer specializing in building scalable and efficient server-side applications. Skilled in Python, Django, and RESTful API design."",""linkedin"":""linkedin.com\/in\/daniel52"",""github"":""github.com\/lrobbins""}",name luis gibson email stephen46 example.com phone 4546720034 location city ashleybury country ecuador remote preference onsite summary backend developer specializing in building scalable and efficient server side applications. skilled in python django and restful api design. linkedin linkedin.com in daniel52 github github.com lrobbins,"['python', 'git', 'github']",3
"{""name"":""Dr. Alvin Dixon IV"",""email"":""lesliewilliams@example.org"",""phone"":""001-661-217-7823x31618"",""location"":{""city"":""Whitehaven"",""country"":""Montenegro"",""remote_preference"":""onsite""},""summary"":""Backend Developer specializing in building scalable and efficient server-side applications. Skilled in Python, Django, and RESTful API design."",""linkedin"":""linkedin.com\/in\/deanjudy"",""github"":""github.com\/toddnelson""}",name dr. alvin dixon iv email lesliewilliams example.org phone 001 661 217 7823x31618 location city whitehaven country montenegro remote preference onsite summary backend developer specializing in building scalable and efficient server side applications. skilled in python django and restful api design. linkedin linkedin.com in deanjudy github github.com toddnelson,"['python', 'git', 'github']",3
"{""name"":""Tara Lee"",""email"":""sanchezkelly@example.org"",""phone"":""855-872-7241x6154"",""location"":{""city"":""New Tamimouth"",""country"":""Australia"",""remote_preference"":""onsite""},""summary"":""Backend Developer specializing in building scalable and efficient server-side applications. Skilled in Python, Django, and RESTful API design."",""linkedin"":""linkedin.com\/in\/sheilaoneill"",""github"":""github.com\/iodonnell""}",name tara lee email sanchezkelly example.org phone 855 872 7241x6154 location city new tamimouth country australia remote preference onsite summary backend developer specializing in building scalable and efficient server side applications. skilled in python django and restful api design. linkedin linkedin.com in sheilaoneill github github.com iodonnell,"['python', 'git', 'github']",3
"{""name"":""Amy Carroll"",""email"":""erica62@example.org"",""phone"":""001-350-712-3344x0851"",""location"":{""city"":""Jonesborough"",""country"":""Falkland Islands (Malvinas)"",""remote_preference"":""onsite""},""summary"":""Backend Developer specializing in building scalable and efficient server-side applications. Skilled in Python, Django, and RESTful API design."",""linkedin"":""linkedin.com\/in\/carteranthony"",""github"":""github.com\/gardnerjames""}",name amy carroll email erica62 example.org phone 001 350 712 3344x0851 location city jonesborough country falkland islands malvinas remote preference onsite summary backend developer specializing in building scalable and efficient server side applications. skilled in python django and restful api design. linkedin linkedin.com in carteranthony github github.com gardnerjames,"['python', 'git', 'github']",3
"{""name"":""Mark Graham"",""email"":""johnsullivan@example.org"",""phone"":""572.440.9145x19926"",""location"":{""city"":""East Emilymouth"",""country"":""Isle of Man"",""remote_preference"":""remote""},""summary"":""Backend Developer specializing in building scalable and efficient server-side applications. Skilled in Python, Django, and RESTful API design."",""linkedin"":""linkedin.com\/in\/selena14"",""github"":""github.com\/phillipslauren""}",name mark graham email johnsullivan example.org phone 572.440.9145x19926 location city east emilymouth country isle of man remote preference remote summary backend developer specializing in building scalable and efficient server side applications. skilled in python django and restful api design. linkedin linkedin.com in selena14 github github.com phillipslauren,"['python', 'git', 'github']",3
"{""name"":""Michael Stewart"",""email"":""ryanrichards@example.org"",""phone"":""4664964613"",""location"":{""city"":""Ochoaville"",""country"":""United Arab Emirates"",""remote_preference"":""onsite""},""summary"":""Backend Developer specializing in building scalable and efficient server-side applications. Skilled in Python, Django, and RESTful API design."",""linkedin"":""linkedin.com\/in\/drakekristen"",""github"":""github.com\/patrick06""}",name michael stewart email ryanrichards example.org phone 4664964613 location city ochoaville country united arab emirates remote preference onsite summary backend developer specializing in building scalable and efficient server side applications. skilled in python django and restful api design. linkedin linkedin.com in drakekristen github github.com patrick06,"['python', 'git', 'github']",3
"{""name"":""Roger Johnson"",""email"":""morgantiffany@example.com"",""phone"":""+1-461-607-0967x151"",""location"":{""city"":""Timothyview"",""country"":""Mali"",""remote_preference"":""remote""},""summary"":""Backend Developer specializing in building scalable and efficient server-side applications. Skilled in Python, Django, and RESTful API design."",""linkedin"":""linkedin.com\/in\/bmarsh"",""github"":""github.com\/megan16""}",name roger johnson email morgantiffany example.com phone +1 461 607 0967x151 location city timothyview country mali remote preference remote summary backend developer specializing in building scalable and efficient server side applications. skilled in python django and restful api design. linkedin linkedin.com in bmarsh github github.com megan16,"['python', 'git', 'github']",3
"{""name"":""Brad Bright"",""email"":""jeannehughes@example.net"",""phone"":""001-336-870-1591x4400"",""location"":{""city"":""Port Dennisborough"",""country"":""Andorra"",""remote_preference"":""remote""},""summary"":""Backend Developer specializing in building scalable and efficient server-side applications. Skilled in Python, Django, and RESTful API design."",""linkedin"":""linkedin.com\/in\/shelly21"",""github"":""github.com\/barnesmarissa""}",name brad bright email jeannehughes example.net phone 001 336 870 1591x4400 location city port dennisborough country andorra remote preference remote summary backend developer specializing in building scalable and efficient server side applications. skilled in python django and restful api design. linkedin linkedin.com in shelly21 github github.com barnesmarissa,"['python', 'git', 'github']",3
"{""name"":""Eric Copeland"",""email"":""lauren60@example.org"",""phone"":""334-516-2028x01568"",""location"":{""city"":""West Jeremybury"",""country"":""Colombia"",""remote_preference"":""onsite""},""summary"":""Backend Developer specializing in building scalable and efficient server-side applications. Skilled in Python, Django, and RESTful API design."",""linkedin"":""linkedin.com\/in\/dcollins"",""github"":""github.com\/rosecynthia""}",name eric copeland email lauren60 example.org phone 334 516 2028x01568 location city west jeremybury country colombia remote preference onsite summary backend developer specializing in building scalable and efficient server side applications. skilled in python django and restful api design. linkedin linkedin.com in dcollins github github.com rosecynthia,"['python', 'git', 'github']",3
"{""name"":""Heidi Fields"",""email"":""ashley06@example.net"",""phone"":""+1-397-715-9607"",""location"":{""city"":""Carterport"",""country"":""Sri Lanka"",""remote_preference"":""onsite""},""summary"":""Backend Developer specializing in building scalable and efficient server-side applications. Skilled in Python, Django, and RESTful API design."",""linkedin"":""linkedin.com\/in\/melissapowell"",""github"":""github.com\/xdecker""}",name heidi fields email ashley06 example.net phone +1 397 715 9607 location city carterport country sri lanka remote preference onsite summary backend developer specializing in building scalable and efficient server side applications. skilled in python django and restful api design. linkedin linkedin.com in melissapowell github github.com xdecker,"['python', 'git', 'github']",3
"{""name"":""Edward Green"",""email"":""jonathan37@example.org"",""phone"":""+1-307-655-8905"",""location"":{""city"":""Port Felicia"",""country"":""Wallis and Futuna"",""remote_preference"":""onsite""},""summary"":""Backend Developer specializing in building scalable and efficient server-side applications. Skilled in Python, Django, and RESTful API design."",""linkedin"":""linkedin.com\/in\/johnsonkaren"",""github"":""github.com\/anthonysutton""}",name edward green email jonathan37 example.org phone +1 307 655 8905 location city port felicia country wallis and futuna remote preference onsite summary backend developer specializing in building scalable and efficient server side applications. skilled in python django and restful api design. linkedin linkedin.com in johnsonkaren github github.com anthonysutton,"['python', 'git', 'github']",3
"{""name"":""Francisco Tapia"",""email"":""julian27@example.com"",""phone"":""+1-455-779-4855"",""location"":{""city"":""Port Tomville"",""country"":""Iraq"",""remote_preference"":""hybrid""},""summary"":""Backend Developer specializing in building scalable and efficient server-side applications. Skilled in Python, Django, and RESTful API design."",""linkedin"":""linkedin.com\/in\/chaneymonica"",""github"":""github.com\/moranlonnie""}",name francisco tapia email julian27 example.com phone +1 455 779 4855 location city port tomville country iraq remote preference hybrid summary backend developer specializing in building scalable and efficient server side applications. skilled in python django and restful api design. linkedin linkedin.com in chaneymonica github github.com moranlonnie,"['python', 'git', 'github']",3
"{""name"":""Oscar Rodriguez"",""email"":""andrearyan@example.net"",""phone"":""843-571-3236"",""location"":{""city"":""Charlesfurt"",""country"":""Cyprus"",""remote_preference"":""remote""},""summary"":""Backend Developer specializing in building scalable and efficient server-side applications. Skilled in Python, Django, and RESTful API design."",""linkedin"":""linkedin.com\/in\/carsonjessica"",""github"":""github.com\/johnmathews""}",name oscar rodriguez email andrearyan example.net phone 843 571 3236 location city charlesfurt country cyprus remote preference remote summary backend developer specializing in building scalable and efficient server side applications. skilled in python django and restful api design. linkedin linkedin.com in carsonjessica github github.com johnmathews,"['python', 'git', 'github']",3
"{""name"":""Mark Lewis"",""email"":""hnelson@example.com"",""phone"":""+1-698-922-0721x124"",""location"":{""city"":""South Lauraland"",""country"":""Suriname"",""remote_preference"":""onsite""},""summary"":""Backend Developer specializing in building scalable and efficient server-side applications. Skilled in Python, Django, and RESTful API design."",""linkedin"":""linkedin.com\/in\/barneschristina"",""github"":""github.com\/kimberly96""}",name mark lewis email hnelson example.com phone +1 698 922 0721x124 location city south lauraland country suriname remote preference onsite summary backend developer specializing in building scalable and efficient server side applications. skilled in python django and restful api design. linkedin linkedin.com in barneschristina github github.com kimberly96,"['python', 'git', 'github']",3
"{""name"":""Judith Costa"",""email"":""thompsonmelissa@example.org"",""phone"":""299-898-6387x707"",""location"":{""city"":""Robinsonborough"",""country"":""Papua New Guinea"",""remote_preference"":""onsite""},""summary"":""Backend Developer specializing in building scalable and efficient server-side applications. Skilled in Python, Django, and RESTful API design."",""linkedin"":""linkedin.com\/in\/manuelkoch"",""github"":""github.com\/zgarcia""}",name judith costa email thompsonmelissa example.org phone 299 898 6387x707 location city robinsonborough country papua new guinea remote preference onsite summary backend developer specializing in building scalable and efficient server side applications. skilled in python django and restful api design. linkedin linkedin.com in manuelkoch github github.com zgarcia,"['python', 'git', 'github']",3
"{""name"":""Mrs. Morgan Moore"",""email"":""leviwilliams@example.org"",""phone"":""971.337.4943"",""location"":{""city"":""Joshuaton"",""country"":""Thailand"",""remote_preference"":""hybrid""},""summary"":""Backend Developer specializing in building scalable and efficient server-side applications. Skilled in Python, Django, and RESTful API design."",""linkedin"":""linkedin.com\/in\/ramosrobin"",""github"":""github.com\/tammy00""}",name mrs. morgan moore email leviwilliams example.org phone 971.337.4943 location city joshuaton country thailand remote preference hybrid summary backend developer specializing in building scalable and efficient server side applications. skilled in python django and restful api design. linkedin linkedin.com in ramosrobin github github.com tammy00,"['python', 'git', 'github']",3
"{""name"":""Lindsay Page"",""email"":""kendrawright@example.net"",""phone"":""(593)731-2149x36357"",""location"":{""city"":""Kristinaberg"",""country"":""South Georgia and the South Sandwich Islands"",""remote_preference"":""onsite""},""summary"":""Backend Developer specializing in building scalable and efficient server-side applications. Skilled in Python, Django, and RESTful API design."",""linkedin"":""linkedin.com\/in\/carllane"",""github"":""github.com\/melissasmith""}",name lindsay page email kendrawright example.net phone 593 731 2149x36357 location city kristinaberg country south georgia and the south sandwich islands remote preference onsite summary backend developer specializing in building scalable and efficient server side applications. skilled in python django and restful api design. linkedin linkedin.com in carllane github github.com melissasmith,"['python', 'git', 'github']",3
"{""name"":""Lori Cook"",""email"":""omar66@example.net"",""phone"":""586.749.3415x693"",""location"":{""city"":""Combsburgh"",""country"":""Sao Tome and Principe"",""remote_preference"":""hybrid""},""summary"":""Office including focus fill environment. Whole physical result book. Until drug audience sometimes other surface. Sister child protect dinner record."",""linkedin"":""linkedin.com\/in\/david63"",""github"":""github.com\/michaelglover""}",name lori cook email omar66 example.net phone 586.749.3415x693 location city combsburgh country sao tome and principe remote preference hybrid summary office including focus fill environment. whole physical result book. until drug audience sometimes other surface. sister child protect dinner record. linkedin linkedin.com in david63 github github.com michaelglover,"['git', 'github']",2
"{""name"":""Lisa Riley"",""email"":""ylewis@example.com"",""phone"":""001-845-332-0401x93753"",""location"":{""city"":""East Jose"",""country"":""Bahrain"",""remote_preference"":""hybrid""},""summary"":""Resource author give security stand business build add. Result agree anything join job."",""linkedin"":""linkedin.com\/in\/christopher15"",""github"":""github.com\/williamhernandez""}",name lisa riley email ylewis example.com phone 001 845 332 0401x93753 location city east jose country bahrain remote preference hybrid summary resource author give security stand business build add. result agree anything join job. linkedin linkedin.com in christopher15 github github.com williamhernandez,"['git', 'github']",2
"{""name"":""Casey Cooper"",""email"":""nancy06@example.net"",""phone"":""001-588-933-5353"",""location"":{""city"":""Cabreraburgh"",""country"":""Pakistan"",""remote_preference"":""remote""},""summary"":""Politics respond us phone none guess run TV. Type it usually rest animal."",""linkedin"":""linkedin.com\/in\/allenjennifer"",""github"":""github.com\/gweber""}",name casey cooper email nancy06 example.net phone 001 588 933 5353 location city cabreraburgh country pakistan remote preference remote summary politics respond us phone none guess run tv. type it usually rest animal. linkedin linkedin.com in allenjennifer github github.com gweber,"['git', 'github']",2
"{""name"":""Jerry Hess"",""email"":""andrewgarcia@example.com"",""phone"":""782.405.1744"",""location"":{""city"":""Ianview"",""country"":""China"",""remote_preference"":""hybrid""},""summary"":""Argue nation stage determine lose fall. Imagine black letter health rock the. At law report hope still establish drug."",""linkedin"":""linkedin.com\/in\/oevans"",""github"":""github.com\/john33""}",name jerry hess email andrewgarcia example.com phone 782.405.1744 location city ianview country china remote preference hybrid summary argue nation stage determine lose fall. imagine black letter health rock the. at law report hope still establish drug. linkedin linkedin.com in oevans github github.com john33,"['git', 'github']",2
"{""name"":""Corey Keith"",""email"":""lowesamuel@example.net"",""phone"":""(736)533-0214"",""location"":{""city"":""Grosshaven"",""country"":""Micronesia"",""remote_preference"":""hybrid""},""summary"":""Fast book foreign. Wife form hospital may. Important authority part fill tree modern."",""linkedin"":""linkedin.com\/in\/jeffreyrojas"",""github"":""github.com\/pshelton""}",name corey keith email lowesamuel example.net phone 736 533 0214 location city grosshaven country micronesia remote preference hybrid summary fast book foreign. wife form hospital may. important authority part fill tree modern. linkedin linkedin.com in jeffreyrojas github github.com pshelton,"['git', 'github']",2
"{""name"":""Dawn Wood"",""email"":""stephencarter@example.net"",""phone"":""+1-859-352-9604x449"",""location"":{""city"":""Contrerasfurt"",""country"":""Suriname"",""remote_preference"":""onsite""},""summary"":""Ago set voice task condition teacher effort. Between increase onto go great above. Left Republican another market simple season. Democratic know sing something star should today player."",""linkedin"":""linkedin.com\/in\/brandon10"",""github"":""github.com\/jennifer90""}",name dawn wood email stephencarter example.net phone +1 859 352 9604x449 location city contrerasfurt country suriname remote preference onsite summary ago set voice task condition teacher effort. between increase onto go great above. left republican another market simple season. democratic know sing something star should today player. linkedin linkedin.com in brandon10 github github.com jennifer90,"['git', 'github']",2
"{""name"":""Molly Johnson"",""email"":""daniel21@example.net"",""phone"":""799-726-7621"",""location"":{""city"":""Kleinhaven"",""country"":""Portugal"",""remote_preference"":""hybrid""},""summary"":""Into owner similar provide plan movie student per. Occur south country statement student really likely page. It fine miss employee including explain. Light anyone then simply me he network great. Perform song explain local long."",""linkedin"":""linkedin.com\/in\/michael35"",""github"":""github.com\/alisonwhite""}",name molly johnson email daniel21 example.net phone 799 726 7621 location city kleinhaven country portugal remote preference hybrid summary into owner similar provide plan movie student per. occur south country statement student really likely page. it fine miss employee including explain. light anyone then simply me he network great. perform song explain local long. linkedin linkedin.com in michael35 github github.com alisonwhite,"['git', 'github']",2
"{""name"":""Susan Coleman"",""email"":""krystal83@example.net"",""phone"":""001-278-929-6759x69776"",""location"":{""city"":""East Catherinefort"",""country"":""Saint Barthelemy"",""remote_preference"":""hybrid""},""summary"":""Assume him born truth campaign notice community director. Face work clearly parent. Along treat hope international low rock next. Appear yourself often answer individual purpose."",""linkedin"":""linkedin.com\/in\/tommymccoy"",""github"":""github.com\/debbiehernandez""}",name susan coleman email krystal83 example.net phone 001 278 929 6759x69776 location city east catherinefort country saint barthelemy remote preference hybrid summary assume him born truth campaign notice community director. face work clearly parent. along treat hope international low rock next. appear yourself often answer individual purpose. linkedin linkedin.com in tommymccoy github github.com debbiehernandez,"['git', 'github']",2
"{""name"":""Cynthia Franklin"",""email"":""emilyortiz@example.org"",""phone"":""329.996.8501"",""location"":{""city"":""Alexandraside"",""country"":""Malta"",""remote_preference"":""hybrid""},""summary"":""Bar trip special dog PM age sell. Eat as present. Pm fire individual. Condition argue physical do want school room."",""linkedin"":""linkedin.com\/in\/jessicaleon"",""github"":""github.com\/michael57""}",name cynthia franklin email emilyortiz example.org phone 329.996.8501 location city alexandraside country malta remote preference hybrid summary bar trip special dog pm age sell. eat as present. pm fire individual. condition argue physical do want school room. linkedin linkedin.com in jessicaleon github github.com michael57,"['git', 'github']",2
"{""name"":""Shelia Jordan"",""email"":""allisonperez@example.net"",""phone"":""+1-811-504-6451x668"",""location"":{""city"":""Lake Ethan"",""country"":""Cote d'Ivoire"",""remote_preference"":""hybrid""},""summary"":""Manager college adult lose. Size rich position bed carry. Deal former act."",""linkedin"":""linkedin.com\/in\/stephen57"",""github"":""github.com\/jessicabenson""}",name shelia jordan email allisonperez example.net phone +1 811 504 6451x668 location city lake ethan country cote d ivoire remote preference hybrid summary manager college adult lose. size rich position bed carry. deal former act. linkedin linkedin.com in stephen57 github github.com jessicabenson,"['git', 'github']",2
"{""name"":""April Cervantes"",""email"":""ashley22@example.com"",""phone"":""4466819289"",""location"":{""city"":""Port Nancyhaven"",""country"":""Bermuda"",""remote_preference"":""onsite""},""summary"":""Contain great citizen like perhaps. Young many answer court account cell build. Else will cut central."",""linkedin"":""linkedin.com\/in\/tdean"",""github"":""github.com\/aweiss""}",name april cervantes email ashley22 example.com phone 4466819289 location city port nancyhaven country bermuda remote preference onsite summary contain great citizen like perhaps. young many answer court account cell build. else will cut central. linkedin linkedin.com in tdean github github.com aweiss,"['git', 'github']",2
"{""name"":""Stephanie Rogers"",""email"":""leah63@example.net"",""phone"":""001-582-307-7981x01915"",""location"":{""city"":""Millerbury"",""country"":""Svalbard & Jan Mayen Islands"",""remote_preference"":""onsite""},""summary"":""Dark ball age late door. Investment table ever talk. Quickly without week."",""linkedin"":""linkedin.com\/in\/harry38"",""github"":""github.com\/ryan62""}",name stephanie rogers email leah63 example.net phone 001 582 307 7981x01915 location city millerbury country svalbard jan mayen islands remote preference onsite summary dark ball age late door. investment table ever talk. quickly without week. linkedin linkedin.com in harry38 github github.com ryan62,"['git', 'github']",2
"{""name"":""David Ferguson"",""email"":""jmcknight@example.com"",""phone"":""+1-856-855-0962x7871"",""location"":{""city"":""Harmonmouth"",""country"":""Lesotho"",""remote_preference"":""onsite""},""summary"":""Expect interview top figure drive. Almost lawyer customer everything possible. Drug lay image Mrs. Clearly cultural affect nature PM husband."",""linkedin"":""linkedin.com\/in\/jbrown"",""github"":""github.com\/michaelprice""}",name david ferguson email jmcknight example.com phone +1 856 855 0962x7871 location city harmonmouth country lesotho remote preference onsite summary expect interview top figure drive. almost lawyer customer everything possible. drug lay image mrs. clearly cultural affect nature pm husband. linkedin linkedin.com in jbrown github github.com michaelprice,"['git', 'github']",2
"{""name"":""Justin Patel"",""email"":""michaelsmith@example.org"",""phone"":""+1-496-964-8466x1239"",""location"":{""city"":""Jasonhaven"",""country"":""Angola"",""remote_preference"":""onsite""},""summary"":""Sort threat bad meet. Tell soon tough leader. Program report paper difficult sport attention natural."",""linkedin"":""linkedin.com\/in\/justinmcgee"",""github"":""github.com\/orrbrenda""}",name justin patel email michaelsmith example.org phone +1 496 964 8466x1239 location city jasonhaven country angola remote preference onsite summary sort threat bad meet. tell soon tough leader. program report paper difficult sport attention natural. linkedin linkedin.com in justinmcgee github github.com orrbrenda,"['git', 'github']",2
"{""name"":""Harold Winters"",""email"":""wbradford@example.org"",""phone"":""(987)846-3804x980"",""location"":{""city"":""Frazierton"",""country"":""Kenya"",""remote_preference"":""hybrid""},""summary"":""Structure then before degree. Method Democrat share another."",""linkedin"":""linkedin.com\/in\/ycortez"",""github"":""github.com\/cynthia41""}",name harold winters email wbradford example.org phone 987 846 3804x980 location city frazierton country kenya remote preference hybrid summary structure then before degree. method democrat share another. linkedin linkedin.com in ycortez github github.com cynthia41,"['git', 'github']",2
"{""name"":""Nicholas Kennedy"",""email"":""stevengraves@example.org"",""phone"":""668.257.3186"",""location"":{""city"":""Erikafort"",""country"":""Morocco"",""remote_preference"":""hybrid""},""summary"":""Church send discussion former. Thousand game room decide sport set soldier information. Yes red whatever place five."",""linkedin"":""linkedin.com\/in\/lindsaythomas"",""github"":""github.com\/marknewman""}",name nicholas kennedy email stevengraves example.org phone 668.257.3186 location city erikafort country morocco remote preference hybrid summary church send discussion former. thousand game room decide sport set soldier information. yes red whatever place five. linkedin linkedin.com in lindsaythomas github github.com marknewman,"['git', 'github']",2
"{""name"":""Joseph Miles"",""email"":""harrisjohn@example.org"",""phone"":""924-496-7920x18832"",""location"":{""city"":""South Zachary"",""country"":""South Africa"",""remote_preference"":""hybrid""},""summary"":""Toward power member thank. Line money clearly nearly. Rise rock feeling treatment guy."",""linkedin"":""linkedin.com\/in\/kellykennedy"",""github"":""github.com\/mark82""}",name joseph miles email harrisjohn example.org phone 924 496 7920x18832 location city south zachary country south africa remote preference hybrid summary toward power member thank. line money clearly nearly. rise rock feeling treatment guy. linkedin linkedin.com in kellykennedy github github.com mark82,"['git', 'github']",2
"{""name"":""Kyle Johnson"",""email"":""heatherosborne@example.com"",""phone"":""654-721-7742x33974"",""location"":{""city"":""Smithview"",""country"":""Russian Federation"",""remote_preference"":""hybrid""},""summary"":""Claim however student situation town modern without. Recently magazine per here list every prepare. Third good wind."",""linkedin"":""linkedin.com\/in\/kbarnes"",""github"":""github.com\/allendarlene""}",name kyle johnson email heatherosborne example.com phone 654 721 7742x33974 location city smithview country russian federation remote preference hybrid summary claim however student situation town modern without. recently magazine per here list every prepare. third good wind. linkedin linkedin.com in kbarnes github github.com allendarlene,"['git', 'github']",2
"{""name"":""Cynthia Stanton"",""email"":""sara47@example.com"",""phone"":""885.219.5585"",""location"":{""city"":""Michelleberg"",""country"":""Heard Island and McDonald Islands"",""remote_preference"":""remote""},""summary"":""Dog he continue world this spring style. Month beyond position. Ten town become at. Challenge could by now conference. Foreign environment great manage long old."",""linkedin"":""linkedin.com\/in\/denisetanner"",""github"":""github.com\/alexanderalejandra""}",name cynthia stanton email sara47 example.com phone 885.219.5585 location city michelleberg country heard island and mcdonald islands remote preference remote summary dog he continue world this spring style. month beyond position. ten town become at. challenge could by now conference. foreign environment great manage long old. linkedin linkedin.com in denisetanner github github.com alexanderalejandra,"['git', 'github']",2
"{""name"":""Jorge Norris"",""email"":""wilsonrichard@example.net"",""phone"":""+1-613-410-6724x6270"",""location"":{""city"":""Lake Ronaldburgh"",""country"":""Isle of Man"",""remote_preference"":""remote""},""summary"":""Authority build recently think. Whether do close foot. Fear value natural exist institution. Wife at window skill."",""linkedin"":""linkedin.com\/in\/james46"",""github"":""github.com\/mmcgrath""}",name jorge norris email wilsonrichard example.net phone +1 613 410 6724x6270 location city lake ronaldburgh country isle of man remote preference remote summary authority build recently think. whether do close foot. fear value natural exist institution. wife at window skill. linkedin linkedin.com in james46 github github.com mmcgrath,"['git', 'github']",2
"{""name"":""Scott Hudson"",""email"":""aenglish@example.com"",""phone"":""901.409.2345"",""location"":{""city"":""Stanleymouth"",""country"":""Chile"",""remote_preference"":""remote""},""summary"":""Performance leave information sea serious professor. Song small sport city political. On former office democratic wonder. Large media require size speak detail feeling."",""linkedin"":""linkedin.com\/in\/jenniferjohnson"",""github"":""github.com\/lowetim""}",name scott hudson email aenglish example.com phone 901.409.2345 location city stanleymouth country chile remote preference remote summary performance leave information sea serious professor. song small sport city political. on former office democratic wonder. large media require size speak detail feeling. linkedin linkedin.com in jenniferjohnson github github.com lowetim,"['git', 'github']",2
"{""name"":""Zachary Ramsey"",""email"":""hermanbrandon@example.net"",""phone"":""001-694-922-4216x5193"",""location"":{""city"":""East Davidberg"",""country"":""Mongolia"",""remote_preference"":""remote""},""summary"":""Almost official player force determine throughout. Every mouth walk bad ask. Fill particularly newspaper. General learn author support record. Job bar parent."",""linkedin"":""linkedin.com\/in\/vanessasanders"",""github"":""github.com\/vbell""}",name zachary ramsey email hermanbrandon example.net phone 001 694 922 4216x5193 location city east davidberg country mongolia remote preference remote summary almost official player force determine throughout. every mouth walk bad ask. fill particularly newspaper. general learn author support record. job bar parent. linkedin linkedin.com in vanessasanders github github.com vbell,"['git', 'github']",2
"{""name"":""Rita Clark"",""email"":""dylanking@example.net"",""phone"":""001-268-484-5030"",""location"":{""city"":""West Joshua"",""country"":""Saint Helena"",""remote_preference"":""onsite""},""summary"":""Just first try agent off several. New leader data everyone allow song. Environmental station character doctor. Far cup lay play hand."",""linkedin"":""linkedin.com\/in\/tpearson"",""github"":""github.com\/melindamurray""}",name rita clark email dylanking example.net phone 001 268 484 5030 location city west joshua country saint helena remote preference onsite summary just first try agent off several. new leader data everyone allow song. environmental station character doctor. far cup lay play hand. linkedin linkedin.com in tpearson github github.com melindamurray,"['git', 'github']",2
"{""name"":""Charles Morgan"",""email"":""karengriffin@example.net"",""phone"":""001-306-915-9348x68754"",""location"":{""city"":""Deborahbury"",""country"":""Burkina Faso"",""remote_preference"":""onsite""},""summary"":""Future financial officer now foreign main brother. Condition resource federal term remain. Way over attorney group spend street before. Cause tree heavy great."",""linkedin"":""linkedin.com\/in\/walshmark"",""github"":""github.com\/theodorehill""}",name charles morgan email karengriffin example.net phone 001 306 915 9348x68754 location city deborahbury country burkina faso remote preference onsite summary future financial officer now foreign main brother. condition resource federal term remain. way over attorney group spend street before. cause tree heavy great. linkedin linkedin.com in walshmark github github.com theodorehill,"['git', 'github']",2
"{""name"":""Stephanie Estes"",""email"":""bushadam@example.org"",""phone"":""604-840-6763x69559"",""location"":{""city"":""Justinland"",""country"":""Angola"",""remote_preference"":""remote""},""summary"":""Mind only around Mr. Decide care house three little ahead artist."",""linkedin"":""linkedin.com\/in\/tsampson"",""github"":""github.com\/ann13""}",name stephanie estes email bushadam example.org phone 604 840 6763x69559 location city justinland country angola remote preference remote summary mind only around mr. decide care house three little ahead artist. linkedin linkedin.com in tsampson github github.com ann13,"['git', 'github']",2
"{""name"":""Adam Ellis"",""email"":""bradybenson@example.com"",""phone"":""777-744-5570x6447"",""location"":{""city"":""Briannafort"",""country"":""Jordan"",""remote_preference"":""remote""},""summary"":""Every this until city something college decision. If history career of. Relate candidate growth risk someone."",""linkedin"":""linkedin.com\/in\/rgarcia"",""github"":""github.com\/udavis""}",name adam ellis email bradybenson example.com phone 777 744 5570x6447 location city briannafort country jordan remote preference remote summary every this until city something college decision. if history career of. relate candidate growth risk someone. linkedin linkedin.com in rgarcia github github.com udavis,"['git', 'github']",2
"{""name"":""Laurie Norman"",""email"":""jhancock@example.net"",""phone"":""(986)261-1581"",""location"":{""city"":""Johnton"",""country"":""Mayotte"",""remote_preference"":""onsite""},""summary"":""But standard scientist money among. Trouble bit money step. Quite pressure appear people official central agreement."",""linkedin"":""linkedin.com\/in\/richardkennedy"",""github"":""github.com\/herreradavid""}",name laurie norman email jhancock example.net phone 986 261 1581 location city johnton country mayotte remote preference onsite summary but standard scientist money among. trouble bit money step. quite pressure appear people official central agreement. linkedin linkedin.com in richardkennedy github github.com herreradavid,"['git', 'github']",2
"{""name"":""Terry Myers"",""email"":""beardbriana@example.org"",""phone"":""+1-917-998-3346x389"",""location"":{""city"":""Vargasville"",""country"":""Mayotte"",""remote_preference"":""hybrid""},""summary"":""Record activity very. List analysis mean defense. Security notice kitchen find. Cover lot relate field black court. Thought decision several fill wide attack."",""linkedin"":""linkedin.com\/in\/dperry"",""github"":""github.com\/caldwellshawn""}",name terry myers email beardbriana example.org phone +1 917 998 3346x389 location city vargasville country mayotte remote preference hybrid summary record activity very. list analysis mean defense. security notice kitchen find. cover lot relate field black court. thought decision several fill wide attack. linkedin linkedin.com in dperry github github.com caldwellshawn,"['git', 'github']",2
"{""name"":""Corey Adams"",""email"":""friedmanandrew@example.org"",""phone"":""001-695-283-2143x10261"",""location"":{""city"":""Powellton"",""country"":""Cambodia"",""remote_preference"":""remote""},""summary"":""Four attack stuff special. Job memory lead. Report body identify voice allow. Various seat security lose."",""linkedin"":""linkedin.com\/in\/joshuafletcher"",""github"":""github.com\/curtis17""}",name corey adams email friedmanandrew example.org phone 001 695 283 2143x10261 location city powellton country cambodia remote preference remote summary four attack stuff special. job memory lead. report body identify voice allow. various seat security lose. linkedin linkedin.com in joshuafletcher github github.com curtis17,"['git', 'github']",2
"{""name"":""Lisa Chung"",""email"":""madeline42@example.org"",""phone"":""(634)243-0180x94352"",""location"":{""city"":""Wigginsside"",""country"":""Kenya"",""remote_preference"":""remote""},""summary"":""Situation great recent term camera want. Base common simple science why. Tough hope hand action."",""linkedin"":""linkedin.com\/in\/barbarasmith"",""github"":""github.com\/johnsonkatie""}",name lisa chung email madeline42 example.org phone 634 243 0180x94352 location city wigginsside country kenya remote preference remote summary situation great recent term camera want. base common simple science why. tough hope hand action. linkedin linkedin.com in barbarasmith github github.com johnsonkatie,"['git', 'github']",2
"{""name"":""John Alvarez"",""email"":""gsheppard@example.net"",""phone"":""525-752-8556x06043"",""location"":{""city"":""Lake Allenmouth"",""country"":""Slovakia (Slovak Republic)"",""remote_preference"":""hybrid""},""summary"":""Great bag leave drug that. Officer plan air politics lay fine democratic. Act recognize order anyone every pass air interesting. Firm condition woman road."",""linkedin"":""linkedin.com\/in\/nicolebrown"",""github"":""github.com\/tonya10""}",name john alvarez email gsheppard example.net phone 525 752 8556x06043 location city lake allenmouth country slovakia slovak republic remote preference hybrid summary great bag leave drug that. officer plan air politics lay fine democratic. act recognize order anyone every pass air interesting. firm condition woman road. linkedin linkedin.com in nicolebrown github github.com tonya10,"['git', 'github']",2
"{""name"":""Kayla Smith"",""email"":""gonzalezcolin@example.org"",""phone"":""206-727-8942x28873"",""location"":{""city"":""North Rogerbury"",""country"":""Ukraine"",""remote_preference"":""remote""},""summary"":""Run care site year water. Improve their more make hand work focus. Green similar role still team structure whose from. Whether ability role experience actually everyone strategy. Measure outside relate car focus past economy industry."",""linkedin"":""linkedin.com\/in\/cassiestevens"",""github"":""github.com\/tbarrett""}",name kayla smith email gonzalezcolin example.org phone 206 727 8942x28873 location city north rogerbury country ukraine remote preference remote summary run care site year water. improve their more make hand work focus. green similar role still team structure whose from. whether ability role experience actually everyone strategy. measure outside relate car focus past economy industry. linkedin linkedin.com in cassiestevens github github.com tbarrett,"['git', 'github']",2
"{""name"":""Alan Harris"",""email"":""christinanielsen@example.com"",""phone"":""(375)378-8260x243"",""location"":{""city"":""Andreamouth"",""country"":""Burundi"",""remote_preference"":""remote""},""summary"":""Vote environment seek piece third behind anyone find. Republican indicate pass stand. Each quickly fish end."",""linkedin"":""linkedin.com\/in\/nsalas"",""github"":""github.com\/carolyn72""}",name alan harris email christinanielsen example.com phone 375 378 8260x243 location city andreamouth country burundi remote preference remote summary vote environment seek piece third behind anyone find. republican indicate pass stand. each quickly fish end. linkedin linkedin.com in nsalas github github.com carolyn72,"['git', 'github']",2
"{""name"":""Mr. Carl Chambers"",""email"":""howarddaniel@example.org"",""phone"":""716.285.9182x584"",""location"":{""city"":""Rhodesland"",""country"":""Saint Kitts and Nevis"",""remote_preference"":""hybrid""},""summary"":""Allow or woman town when. Marriage us life customer discussion on. Occur fact continue. Stuff just finish ago computer easy. Include pretty arrive sit reduce."",""linkedin"":""linkedin.com\/in\/qmills"",""github"":""github.com\/james28""}",name mr. carl chambers email howarddaniel example.org phone 716.285.9182x584 location city rhodesland country saint kitts and nevis remote preference hybrid summary allow or woman town when. marriage us life customer discussion on. occur fact continue. stuff just finish ago computer easy. include pretty arrive sit reduce. linkedin linkedin.com in qmills github github.com james28,"['git', 'github']",2
"{""name"":""Jennifer Martin"",""email"":""gonzalezdennis@example.com"",""phone"":""(914)902-9862x398"",""location"":{""city"":""Paulfort"",""country"":""United States of America"",""remote_preference"":""remote""},""summary"":""Image national tax its. Receive cold animal. Republican hot bad sure address suffer leg. Article front owner start everyone professional."",""linkedin"":""linkedin.com\/in\/warrenmichael"",""github"":""github.com\/bauerjames""}",name jennifer martin email gonzalezdennis example.com phone 914 902 9862x398 location city paulfort country united states of america remote preference remote summary image national tax its. receive cold animal. republican hot bad sure address suffer leg. article front owner start everyone professional. linkedin linkedin.com in warrenmichael github github.com bauerjames,"['git', 'github']",2
"{""name"":""Michelle Taylor"",""email"":""awhite@example.com"",""phone"":""714.944.6229x2625"",""location"":{""city"":""Michaelland"",""country"":""Kyrgyz Republic"",""remote_preference"":""onsite""},""summary"":""Others wear company receive nearly floor truth one. Since young conference century speak discuss professional. Protect travel far class thought east there."",""linkedin"":""linkedin.com\/in\/ramseyjames"",""github"":""github.com\/wmorales""}",name michelle taylor email awhite example.com phone 714.944.6229x2625 location city michaelland country kyrgyz republic remote preference onsite summary others wear company receive nearly floor truth one. since young conference century speak discuss professional. protect travel far class thought east there. linkedin linkedin.com in ramseyjames github github.com wmorales,"['git', 'github']",2
"{""name"":""Susan Salas"",""email"":""hendersonjill@example.net"",""phone"":""816-303-9769x3874"",""location"":{""city"":""Danielside"",""country"":""Malta"",""remote_preference"":""onsite""},""summary"":""Me this low yeah me. Say but wall current. Mouth a wind nice bag manage land himself."",""linkedin"":""linkedin.com\/in\/david18"",""github"":""github.com\/gregoryflores""}",name susan salas email hendersonjill example.net phone 816 303 9769x3874 location city danielside country malta remote preference onsite summary me this low yeah me. say but wall current. mouth a wind nice bag manage land himself. linkedin linkedin.com in david18 github github.com gregoryflores,"['git', 'github']",2
"{""name"":""Brandon Wilkins"",""email"":""susan81@example.com"",""phone"":""354-391-0217"",""location"":{""city"":""Tyronebury"",""country"":""Saudi Arabia"",""remote_preference"":""remote""},""summary"":""Page because war which. Stop since measure six."",""linkedin"":""linkedin.com\/in\/seansalazar"",""github"":""github.com\/jacqueline42""}",name brandon wilkins email susan81 example.com phone 354 391 0217 location city tyronebury country saudi arabia remote preference remote summary page because war which. stop since measure six. linkedin linkedin.com in seansalazar github github.com jacqueline42,"['git', 'github']",2
"{""name"":""Mrs. Jody Scott MD"",""email"":""joyceochoa@example.org"",""phone"":""(545)279-2280x8014"",""location"":{""city"":""New Austinborough"",""country"":""French Southern Territories"",""remote_preference"":""onsite""},""summary"":""Tonight serious value collection girl most parent institution. Society ball experience trade north card."",""linkedin"":""linkedin.com\/in\/andrew46"",""github"":""github.com\/kendra34""}",name mrs. jody scott md email joyceochoa example.org phone 545 279 2280x8014 location city new austinborough country french southern territories remote preference onsite summary tonight serious value collection girl most parent institution. society ball experience trade north card. linkedin linkedin.com in andrew46 github github.com kendra34,"['git', 'github']",2
"{""name"":""David Gonzales"",""email"":""nancy83@example.net"",""phone"":""583.989.9878x076"",""location"":{""city"":""West Jeremy"",""country"":""Albania"",""remote_preference"":""remote""},""summary"":""Read whole trip table within girl life of. Method mission data. Approach free term three would hotel politics."",""linkedin"":""linkedin.com\/in\/nelsonmarcus"",""github"":""github.com\/danielallen""}",name david gonzales email nancy83 example.net phone 583.989.9878x076 location city west jeremy country albania remote preference remote summary read whole trip table within girl life of. method mission data. approach free term three would hotel politics. linkedin linkedin.com in nelsonmarcus github github.com danielallen,"['git', 'github']",2
"{""name"":""Anthony Novak"",""email"":""matthewnavarro@example.org"",""phone"":""6268570757"",""location"":{""city"":""North Danielleview"",""country"":""Qatar"",""remote_preference"":""remote""},""summary"":""Say benefit since. Arm hundred work personal. Morning end relationship mean he. Expect outside there care."",""linkedin"":""linkedin.com\/in\/perezmarco"",""github"":""github.com\/kmann""}",name anthony novak email matthewnavarro example.org phone 6268570757 location city north danielleview country qatar remote preference remote summary say benefit since. arm hundred work personal. morning end relationship mean he. expect outside there care. linkedin linkedin.com in perezmarco github github.com kmann,"['git', 'github']",2
"{""name"":""Courtney Cox"",""email"":""jrivera@example.com"",""phone"":""(307)878-9244x000"",""location"":{""city"":""Richardborough"",""country"":""Comoros"",""remote_preference"":""hybrid""},""summary"":""Although eight police through. Power few site road. Dream leave history entire stay note."",""linkedin"":""linkedin.com\/in\/jonathan15"",""github"":""github.com\/galvanmichael""}",name courtney cox email jrivera example.com phone 307 878 9244x000 location city richardborough country comoros remote preference hybrid summary although eight police through. power few site road. dream leave history entire stay note. linkedin linkedin.com in jonathan15 github github.com galvanmichael,"['git', 'github']",2
"{""name"":""Patricia Yang"",""email"":""tracy36@example.com"",""phone"":""+1-655-696-1905x420"",""location"":{""city"":""Aprilville"",""country"":""Bolivia"",""remote_preference"":""remote""},""summary"":""Reality decision shake red though per. Record close social magazine ahead all four. Star scene arm short better."",""linkedin"":""linkedin.com\/in\/dayjames"",""github"":""github.com\/james25""}",name patricia yang email tracy36 example.com phone +1 655 696 1905x420 location city aprilville country bolivia remote preference remote summary reality decision shake red though per. record close social magazine ahead all four. star scene arm short better. linkedin linkedin.com in dayjames github github.com james25,"['git', 'github']",2
"{""name"":""Jonathan Garner"",""email"":""zpaul@example.org"",""phone"":""(418)931-7177"",""location"":{""city"":""Richardton"",""country"":""Chile"",""remote_preference"":""remote""},""summary"":""Company they most executive which. You tend that bar."",""linkedin"":""linkedin.com\/in\/martinezfrank"",""github"":""github.com\/emilydillon""}",name jonathan garner email zpaul example.org phone 418 931 7177 location city richardton country chile remote preference remote summary company they most executive which. you tend that bar. linkedin linkedin.com in martinezfrank github github.com emilydillon,"['git', 'github']",2
"{""name"":""Caroline Brown"",""email"":""woodsamanda@example.com"",""phone"":""3789026857"",""location"":{""city"":""Fergusontown"",""country"":""Saint Martin"",""remote_preference"":""remote""},""summary"":""Lead all decade Congress. Industry politics big oil. On source leader later fast. Range standard team explain important turn."",""linkedin"":""linkedin.com\/in\/swansongina"",""github"":""github.com\/nathanarnold""}",name caroline brown email woodsamanda example.com phone 3789026857 location city fergusontown country saint martin remote preference remote summary lead all decade congress. industry politics big oil. on source leader later fast. range standard team explain important turn. linkedin linkedin.com in swansongina github github.com nathanarnold,"['git', 'github']",2
"{""name"":""Kevin White"",""email"":""kelleydaniel@example.com"",""phone"":""893.628.5952"",""location"":{""city"":""Smithhaven"",""country"":""Ethiopia"",""remote_preference"":""onsite""},""summary"":""Force including hope walk happy. Woman law fine million spend collection my share. Step rest much national. Agent floor ready specific. Knowledge four fight reflect far window hospital us."",""linkedin"":""linkedin.com\/in\/dking"",""github"":""github.com\/dvasquez""}",name kevin white email kelleydaniel example.com phone 893.628.5952 location city smithhaven country ethiopia remote preference onsite summary force including hope walk happy. woman law fine million spend collection my share. step rest much national. agent floor ready specific. knowledge four fight reflect far window hospital us. linkedin linkedin.com in dking github github.com dvasquez,"['git', 'github']",2
"{""name"":""John Gibson"",""email"":""ecastro@example.com"",""phone"":""772.298.9320x234"",""location"":{""city"":""Nathanberg"",""country"":""Liberia"",""remote_preference"":""onsite""},""summary"":""Quality center political fund she produce. Ground baby for wait fall if. Question name protect maybe possible police themselves. Body specific five little contain also."",""linkedin"":""linkedin.com\/in\/tannerdominique"",""github"":""github.com\/susan99""}",name john gibson email ecastro example.com phone 772.298.9320x234 location city nathanberg country liberia remote preference onsite summary quality center political fund she produce. ground baby for wait fall if. question name protect maybe possible police themselves. body specific five little contain also. linkedin linkedin.com in tannerdominique github github.com susan99,"['git', 'github']",2
"{""name"":""Jenna Hill"",""email"":""averysusan@example.org"",""phone"":""(692)405-9972"",""location"":{""city"":""New Jason"",""country"":""Japan"",""remote_preference"":""hybrid""},""summary"":""Threat evidence as decision sit again. Guess most billion should play pull. Marriage enough effort right short ground call without. Activity firm adult say ok feeling him."",""linkedin"":""linkedin.com\/in\/seannicholson"",""github"":""github.com\/ryansilva""}",name jenna hill email averysusan example.org phone 692 405 9972 location city new jason country japan remote preference hybrid summary threat evidence as decision sit again. guess most billion should play pull. marriage enough effort right short ground call without. activity firm adult say ok feeling him. linkedin linkedin.com in seannicholson github github.com ryansilva,"['git', 'github']",2
"{""name"":""Frederick Meza"",""email"":""qross@example.com"",""phone"":""552.330.3160x26255"",""location"":{""city"":""Delgadoport"",""country"":""Gambia"",""remote_preference"":""onsite""},""summary"":""Movement challenge usually tonight member population. Husband try hospital too. Agreement child brother know unit. Week significant economy mouth. Face avoid hot day."",""linkedin"":""linkedin.com\/in\/smithkrista"",""github"":""github.com\/jeff79""}",name frederick meza email qross example.com phone 552.330.3160x26255 location city delgadoport country gambia remote preference onsite summary movement challenge usually tonight member population. husband try hospital too. agreement child brother know unit. week significant economy mouth. face avoid hot day. linkedin linkedin.com in smithkrista github github.com jeff79,"['git', 'github']",2
"{""name"":""Troy Hanson MD"",""email"":""wallacemichael@example.com"",""phone"":""(984)526-7180"",""location"":{""city"":""Melissashire"",""country"":""Djibouti"",""remote_preference"":""hybrid""},""summary"":""Contain land minute miss. Me add allow family data. One write point process nice. All road build draw study skill."",""linkedin"":""linkedin.com\/in\/cmartin"",""github"":""github.com\/dwaynerobertson""}",name troy hanson md email wallacemichael example.com phone 984 526 7180 location city melissashire country djibouti remote preference hybrid summary contain land minute miss. me add allow family data. one write point process nice. all road build draw study skill. linkedin linkedin.com in cmartin github github.com dwaynerobertson,"['git', 'github']",2
"{""name"":""Deborah Lopez"",""email"":""xperry@example.org"",""phone"":""254-992-4662"",""location"":{""city"":""Whiteborough"",""country"":""India"",""remote_preference"":""onsite""},""summary"":""Try leave that best camera. Old do mention enjoy buy government. Watch everyone service technology use. Professional however another home stop."",""linkedin"":""linkedin.com\/in\/wrightjames"",""github"":""github.com\/matthew59""}",name deborah lopez email xperry example.org phone 254 992 4662 location city whiteborough country india remote preference onsite summary try leave that best camera. old do mention enjoy buy government. watch everyone service technology use. professional however another home stop. linkedin linkedin.com in wrightjames github github.com matthew59,"['git', 'github']",2
"{""name"":""Susan Dixon"",""email"":""zbutler@example.org"",""phone"":""(468)543-8542x9686"",""location"":{""city"":""Port Jessicachester"",""country"":""United States of America"",""remote_preference"":""hybrid""},""summary"":""Family senior peace. Star long chair."",""linkedin"":""linkedin.com\/in\/bwilliams"",""github"":""github.com\/brendamiller""}",name susan dixon email zbutler example.org phone 468 543 8542x9686 location city port jessicachester country united states of america remote preference hybrid summary family senior peace. star long chair. linkedin linkedin.com in bwilliams github github.com brendamiller,"['git', 'github']",2
"{""name"":""Kayla Lambert"",""email"":""brownmitchell@example.net"",""phone"":""5546556686"",""location"":{""city"":""Fryeburgh"",""country"":""Ghana"",""remote_preference"":""onsite""},""summary"":""Nice represent physical room. Others character condition if house back. Produce right southern himself create."",""linkedin"":""linkedin.com\/in\/alejandroholmes"",""github"":""github.com\/amberrobinson""}",name kayla lambert email brownmitchell example.net phone 5546556686 location city fryeburgh country ghana remote preference onsite summary nice represent physical room. others character condition if house back. produce right southern himself create. linkedin linkedin.com in alejandroholmes github github.com amberrobinson,"['git', 'github']",2
"{""name"":""Ashley Wilson"",""email"":""christina97@example.com"",""phone"":""874-266-5719x9252"",""location"":{""city"":""Paulview"",""country"":""Georgia"",""remote_preference"":""hybrid""},""summary"":""Everything clear avoid thousand. Nothing class agent on same look. Too ready cultural hot hope season. Standard heavy morning pressure."",""linkedin"":""linkedin.com\/in\/tracy90"",""github"":""github.com\/mbullock""}",name ashley wilson email christina97 example.com phone 874 266 5719x9252 location city paulview country georgia remote preference hybrid summary everything clear avoid thousand. nothing class agent on same look. too ready cultural hot hope season. standard heavy morning pressure. linkedin linkedin.com in tracy90 github github.com mbullock,"['git', 'github']",2
"{""name"":""Christopher Johnson"",""email"":""ericreese@example.org"",""phone"":""(520)713-4584x8157"",""location"":{""city"":""Annatown"",""country"":""Rwanda"",""remote_preference"":""hybrid""},""summary"":""Skill during whose gas wonder modern. Section ever of why throughout clear end. Message single before from. Be red election Republican."",""linkedin"":""linkedin.com\/in\/josevelez"",""github"":""github.com\/lreynolds""}",name christopher johnson email ericreese example.org phone 520 713 4584x8157 location city annatown country rwanda remote preference hybrid summary skill during whose gas wonder modern. section ever of why throughout clear end. message single before from. be red election republican. linkedin linkedin.com in josevelez github github.com lreynolds,"['git', 'github']",2
"{""name"":""Megan Thomas"",""email"":""scottcarmen@example.com"",""phone"":""+1-580-216-5940x81732"",""location"":{""city"":""Jamesbury"",""country"":""Antarctica (the territory South of 60 deg S)"",""remote_preference"":""remote""},""summary"":""Chance interest seat charge bar top he. Stop president order once home girl hold. Also score somebody after personal. Training traditional baby nature hot machine foot move."",""linkedin"":""linkedin.com\/in\/april03"",""github"":""github.com\/michaelprice""}",name megan thomas email scottcarmen example.com phone +1 580 216 5940x81732 location city jamesbury country antarctica the territory south of 60 deg s remote preference remote summary chance interest seat charge bar top he. stop president order once home girl hold. also score somebody after personal. training traditional baby nature hot machine foot move. linkedin linkedin.com in april03 github github.com michaelprice,"['git', 'github']",2
"{""name"":""James Johnson"",""email"":""david39@example.net"",""phone"":""823-708-7096x5485"",""location"":{""city"":""Janettown"",""country"":""Papua New Guinea"",""remote_preference"":""hybrid""},""summary"":""Candidate her when difficult leg. Act dream tonight process."",""linkedin"":""linkedin.com\/in\/william47"",""github"":""github.com\/david38""}",name james johnson email david39 example.net phone 823 708 7096x5485 location city janettown country papua new guinea remote preference hybrid summary candidate her when difficult leg. act dream tonight process. linkedin linkedin.com in william47 github github.com david38,"['git', 'github']",2
"{""name"":""Heather Sheppard"",""email"":""khall@example.org"",""phone"":""+1-980-903-5739x97453"",""location"":{""city"":""North Nathan"",""country"":""Falkland Islands (Malvinas)"",""remote_preference"":""onsite""},""summary"":""He interest all plant system. Too hundred find view not. Entire trade front but foot defense."",""linkedin"":""linkedin.com\/in\/brianna07"",""github"":""github.com\/thomasdustin""}",name heather sheppard email khall example.org phone +1 980 903 5739x97453 location city north nathan country falkland islands malvinas remote preference onsite summary he interest all plant system. too hundred find view not. entire trade front but foot defense. linkedin linkedin.com in brianna07 github github.com thomasdustin,"['git', 'github']",2
"{""name"":""Christina Roberts"",""email"":""kmiller@example.net"",""phone"":""+1-594-910-0235x5659"",""location"":{""city"":""North Renee"",""country"":""Singapore"",""remote_preference"":""onsite""},""summary"":""Avoid year court able customer world rate. Office particularly shoulder into four. Late budget set news for three up."",""linkedin"":""linkedin.com\/in\/ellisonedward"",""github"":""github.com\/ywilliams""}",name christina roberts email kmiller example.net phone +1 594 910 0235x5659 location city north renee country singapore remote preference onsite summary avoid year court able customer world rate. office particularly shoulder into four. late budget set news for three up. linkedin linkedin.com in ellisonedward github github.com ywilliams,"['git', 'github']",2
"{""name"":""Joshua Spence"",""email"":""judy78@example.net"",""phone"":""420-516-1769x5000"",""location"":{""city"":""Troyshire"",""country"":""Swaziland"",""remote_preference"":""onsite""},""summary"":""Dinner from worker future. Development land so interesting. Recognize similar never color scene page. Understand together than medical."",""linkedin"":""linkedin.com\/in\/melanie39"",""github"":""github.com\/xsalazar""}",name joshua spence email judy78 example.net phone 420 516 1769x5000 location city troyshire country swaziland remote preference onsite summary dinner from worker future. development land so interesting. recognize similar never color scene page. understand together than medical. linkedin linkedin.com in melanie39 github github.com xsalazar,"['git', 'github']",2
"{""name"":""Pamela Hubbard"",""email"":""hallen@example.com"",""phone"":""6939470654"",""location"":{""city"":""Tapiachester"",""country"":""Togo"",""remote_preference"":""onsite""},""summary"":""Difference enjoy me life soldier. After us board pattern foreign. Under lot everyone soon manager."",""linkedin"":""linkedin.com\/in\/sherriskinner"",""github"":""github.com\/amy90""}",name pamela hubbard email hallen example.com phone 6939470654 location city tapiachester country togo remote preference onsite summary difference enjoy me life soldier. after us board pattern foreign. under lot everyone soon manager. linkedin linkedin.com in sherriskinner github github.com amy90,"['git', 'github']",2
"{""name"":""Stacy Ellison"",""email"":""colleenmiller@example.org"",""phone"":""001-994-232-1555x7177"",""location"":{""city"":""Lambertshire"",""country"":""Monaco"",""remote_preference"":""onsite""},""summary"":""Little cold travel son yet he. Nature student executive. Economy break trial fall eight. Particular while common often college."",""linkedin"":""linkedin.com\/in\/michellerichardson"",""github"":""github.com\/oscarmorrison""}",name stacy ellison email colleenmiller example.org phone 001 994 232 1555x7177 location city lambertshire country monaco remote preference onsite summary little cold travel son yet he. nature student executive. economy break trial fall eight. particular while common often college. linkedin linkedin.com in michellerichardson github github.com oscarmorrison,"['git', 'github']",2
"{""name"":""Suzanne Rodriguez"",""email"":""juanholt@example.org"",""phone"":""+1-686-757-5640x4205"",""location"":{""city"":""Nelsonchester"",""country"":""Hungary"",""remote_preference"":""remote""},""summary"":""Community bag television country forget find reduce foreign. Community recognize range research. Seat also oil outside."",""linkedin"":""linkedin.com\/in\/kinghenry"",""github"":""github.com\/jesseaguilar""}",name suzanne rodriguez email juanholt example.org phone +1 686 757 5640x4205 location city nelsonchester country hungary remote preference remote summary community bag television country forget find reduce foreign. community recognize range research. seat also oil outside. linkedin linkedin.com in kinghenry github github.com jesseaguilar,"['git', 'github']",2
"{""name"":""Colleen Hendricks"",""email"":""catherinesmith@example.com"",""phone"":""502.466.3948x3765"",""location"":{""city"":""Jenniferstad"",""country"":""Guernsey"",""remote_preference"":""remote""},""summary"":""Tonight house instead evidence event simple interesting. Environmental respond ability lay of by. American kind claim player."",""linkedin"":""linkedin.com\/in\/derek65"",""github"":""github.com\/kpowers""}",name colleen hendricks email catherinesmith example.com phone 502.466.3948x3765 location city jenniferstad country guernsey remote preference remote summary tonight house instead evidence event simple interesting. environmental respond ability lay of by. american kind claim player. linkedin linkedin.com in derek65 github github.com kpowers,"['git', 'github']",2
"{""name"":""Karla Brown"",""email"":""santanajames@example.net"",""phone"":""(597)780-5717x30942"",""location"":{""city"":""Gonzalezstad"",""country"":""Japan"",""remote_preference"":""remote""},""summary"":""Peace when cut effect former federal. Bag who nothing plant worry send."",""linkedin"":""linkedin.com\/in\/felicia48"",""github"":""github.com\/jeremy22""}",name karla brown email santanajames example.net phone 597 780 5717x30942 location city gonzalezstad country japan remote preference remote summary peace when cut effect former federal. bag who nothing plant worry send. linkedin linkedin.com in felicia48 github github.com jeremy22,"['git', 'github']",2
"{""name"":""Meghan Medina"",""email"":""alyssamedina@example.org"",""phone"":""001-242-923-4915x735"",""location"":{""city"":""Youngtown"",""country"":""Paraguay"",""remote_preference"":""onsite""},""summary"":""Board identify nice. Mother discuss eye against magazine card discuss. Order stand under enter buy view trade."",""linkedin"":""linkedin.com\/in\/karen51"",""github"":""github.com\/leah34""}",name meghan medina email alyssamedina example.org phone 001 242 923 4915x735 location city youngtown country paraguay remote preference onsite summary board identify nice. mother discuss eye against magazine card discuss. order stand under enter buy view trade. linkedin linkedin.com in karen51 github github.com leah34,"['git', 'github']",2
"{""name"":""Monica Williams"",""email"":""douglas97@example.net"",""phone"":""784.541.2486"",""location"":{""city"":""Pageborough"",""country"":""Guinea-Bissau"",""remote_preference"":""onsite""},""summary"":""Amount both provide he daughter during. Fast stage culture personal. Operation rise garden girl east past image. Surface offer evening two sing process help. Government result campaign great model compare sit response."",""linkedin"":""linkedin.com\/in\/alexander75"",""github"":""github.com\/bryanhall""}",name monica williams email douglas97 example.net phone 784.541.2486 location city pageborough country guinea bissau remote preference onsite summary amount both provide he daughter during. fast stage culture personal. operation rise garden girl east past image. surface offer evening two sing process help. government result campaign great model compare sit response. linkedin linkedin.com in alexander75 github github.com bryanhall,"['git', 'github']",2
"{""name"":""Fernando Vaughn"",""email"":""christopher57@example.com"",""phone"":""563.711.9380"",""location"":{""city"":""Lloydberg"",""country"":""Panama"",""remote_preference"":""hybrid""},""summary"":""Also music for southern force television glass vote. Word father action city history car."",""linkedin"":""linkedin.com\/in\/gregory32"",""github"":""github.com\/katherine40""}",name fernando vaughn email christopher57 example.com phone 563.711.9380 location city lloydberg country panama remote preference hybrid summary also music for southern force television glass vote. word father action city history car. linkedin linkedin.com in gregory32 github github.com katherine40,"['git', 'github']",2
"{""name"":""Robert Davis"",""email"":""coxjames@example.net"",""phone"":""447-437-4551x943"",""location"":{""city"":""New Josephland"",""country"":""Greenland"",""remote_preference"":""hybrid""},""summary"":""Parent around however management decision appear raise. Too bad thought. Firm she minute long best."",""linkedin"":""linkedin.com\/in\/reedlinda"",""github"":""github.com\/stantondarrell""}",name robert davis email coxjames example.net phone 447 437 4551x943 location city new josephland country greenland remote preference hybrid summary parent around however management decision appear raise. too bad thought. firm she minute long best. linkedin linkedin.com in reedlinda github github.com stantondarrell,"['git', 'github']",2
"{""name"":""Amanda Ayala"",""email"":""marcus92@example.com"",""phone"":""(860)319-5239x5604"",""location"":{""city"":""East Shawnland"",""country"":""Belarus"",""remote_preference"":""hybrid""},""summary"":""Spend medical success amount. Soldier expert image ball staff. Fear decision ago."",""linkedin"":""linkedin.com\/in\/dphillips"",""github"":""github.com\/richardcortez""}",name amanda ayala email marcus92 example.com phone 860 319 5239x5604 location city east shawnland country belarus remote preference hybrid summary spend medical success amount. soldier expert image ball staff. fear decision ago. linkedin linkedin.com in dphillips github github.com richardcortez,"['git', 'github']",2
"{""name"":""Andrew Barber"",""email"":""christophersmith@example.com"",""phone"":""777.414.4138"",""location"":{""city"":""New Anthonymouth"",""country"":""French Guiana"",""remote_preference"":""remote""},""summary"":""Whole inside clear expert vote TV consider history. After among box keep arm."",""linkedin"":""linkedin.com\/in\/wilsonnathan"",""github"":""github.com\/savannahlynch""}",name andrew barber email christophersmith example.com phone 777.414.4138 location city new anthonymouth country french guiana remote preference remote summary whole inside clear expert vote tv consider history. after among box keep arm. linkedin linkedin.com in wilsonnathan github github.com savannahlynch,"['git', 'github']",2
"{""name"":""Janet Wheeler"",""email"":""scottbrown@example.org"",""phone"":""467.685.2820"",""location"":{""city"":""North Diana"",""country"":""Cameroon"",""remote_preference"":""remote""},""summary"":""According building door feeling decide spring arm. Project off light low model information professor. Safe include offer. West it stay local security quite. From table pull part professional."",""linkedin"":""linkedin.com\/in\/cranebethany"",""github"":""github.com\/shelbyhoffman""}",name janet wheeler email scottbrown example.org phone 467.685.2820 location city north diana country cameroon remote preference remote summary according building door feeling decide spring arm. project off light low model information professor. safe include offer. west it stay local security quite. from table pull part professional. linkedin linkedin.com in cranebethany github github.com shelbyhoffman,"['git', 'github']",2
"{""name"":""Tara Lawson"",""email"":""robin27@example.com"",""phone"":""+1-687-204-9864x067"",""location"":{""city"":""Torresland"",""country"":""American Samoa"",""remote_preference"":""remote""},""summary"":""Threat bad act baby foreign interview. Three never million leg church. Look student road people. Young site scientist control trade film service. Source section spend claim try."",""linkedin"":""linkedin.com\/in\/michaelstephenson"",""github"":""github.com\/rgeorge""}",name tara lawson email robin27 example.com phone +1 687 204 9864x067 location city torresland country american samoa remote preference remote summary threat bad act baby foreign interview. three never million leg church. look student road people. young site scientist control trade film service. source section spend claim try. linkedin linkedin.com in michaelstephenson github github.com rgeorge,"['git', 'github']",2
"{""name"":""Erica Garcia"",""email"":""mali@example.org"",""phone"":""(278)640-2050"",""location"":{""city"":""Lake Krista"",""country"":""Denmark"",""remote_preference"":""onsite""},""summary"":""Always father all western. Finish rich major interview piece film they. Blue present almost paper."",""linkedin"":""linkedin.com\/in\/curtischarles"",""github"":""github.com\/robbinssteven""}",name erica garcia email mali example.org phone 278 640 2050 location city lake krista country denmark remote preference onsite summary always father all western. finish rich major interview piece film they. blue present almost paper. linkedin linkedin.com in curtischarles github github.com robbinssteven,"['git', 'github']",2
"{""name"":""Michelle Price"",""email"":""nwilliams@example.net"",""phone"":""001-391-290-9708x603"",""location"":{""city"":""East Matthew"",""country"":""Mozambique"",""remote_preference"":""hybrid""},""summary"":""Reality voice cell sea. Write list newspaper agent prove modern. Benefit various language air."",""linkedin"":""linkedin.com\/in\/opatel"",""github"":""github.com\/michelle82""}",name michelle price email nwilliams example.net phone 001 391 290 9708x603 location city east matthew country mozambique remote preference hybrid summary reality voice cell sea. write list newspaper agent prove modern. benefit various language air. linkedin linkedin.com in opatel github github.com michelle82,"['git', 'github']",2
"{""name"":""Michael Smith"",""email"":""hollowaydavid@example.net"",""phone"":""978-904-2014x6416"",""location"":{""city"":""Perkinsfort"",""country"":""Israel"",""remote_preference"":""onsite""},""summary"":""Politics quality lot again charge station record. Other face south notice. On just around moment."",""linkedin"":""linkedin.com\/in\/sampsonpatrick"",""github"":""github.com\/steve41""}",name michael smith email hollowaydavid example.net phone 978 904 2014x6416 location city perkinsfort country israel remote preference onsite summary politics quality lot again charge station record. other face south notice. on just around moment. linkedin linkedin.com in sampsonpatrick github github.com steve41,"['git', 'github']",2
"{""name"":""Tracy Love"",""email"":""ycunningham@example.com"",""phone"":""7447275940"",""location"":{""city"":""Glennberg"",""country"":""Antarctica (the territory South of 60 deg S)"",""remote_preference"":""remote""},""summary"":""Into view Mr. Spring beyond chance. Unit may tree appear leader. Government program goal time picture really report. Raise whether dark turn community."",""linkedin"":""linkedin.com\/in\/aoliver"",""github"":""github.com\/charles28""}",name tracy love email ycunningham example.com phone 7447275940 location city glennberg country antarctica the territory south of 60 deg s remote preference remote summary into view mr. spring beyond chance. unit may tree appear leader. government program goal time picture really report. raise whether dark turn community. linkedin linkedin.com in aoliver github github.com charles28,"['git', 'github']",2
"{""name"":""Jesus Harris"",""email"":""richardbailey@example.com"",""phone"":""+1-376-629-7588"",""location"":{""city"":""Sonyaton"",""country"":""French Guiana"",""remote_preference"":""remote""},""summary"":""Camera society expect. Budget agency pressure fire question big young. Surface stuff reality dark even meeting seat. Smile compare together."",""linkedin"":""linkedin.com\/in\/owalter"",""github"":""github.com\/hillrobert""}",name jesus harris email richardbailey example.com phone +1 376 629 7588 location city sonyaton country french guiana remote preference remote summary camera society expect. budget agency pressure fire question big young. surface stuff reality dark even meeting seat. smile compare together. linkedin linkedin.com in owalter github github.com hillrobert,"['git', 'github']",2
"{""name"":""Debbie Wong"",""email"":""vazquezedward@example.com"",""phone"":""679-913-6280"",""location"":{""city"":""Karenberg"",""country"":""Cuba"",""remote_preference"":""onsite""},""summary"":""Box camera line. Agency those note practice upon value. Director lawyer article learn small simple. Sort right word ago."",""linkedin"":""linkedin.com\/in\/scottvalencia"",""github"":""github.com\/roberto12""}",name debbie wong email vazquezedward example.com phone 679 913 6280 location city karenberg country cuba remote preference onsite summary box camera line. agency those note practice upon value. director lawyer article learn small simple. sort right word ago. linkedin linkedin.com in scottvalencia github github.com roberto12,"['git', 'github']",2
"{""name"":""Shannon Williams"",""email"":""brianbryant@example.org"",""phone"":""825.775.7165"",""location"":{""city"":""North Tara"",""country"":""Syrian Arab Republic"",""remote_preference"":""onsite""},""summary"":""Nothing side less piece. End fight central. Mind run center image apply. Daughter interview stage teacher agree later. War thank very keep."",""linkedin"":""linkedin.com\/in\/rickydavis"",""github"":""github.com\/melissa85""}",name shannon williams email brianbryant example.org phone 825.775.7165 location city north tara country syrian arab republic remote preference onsite summary nothing side less piece. end fight central. mind run center image apply. daughter interview stage teacher agree later. war thank very keep. linkedin linkedin.com in rickydavis github github.com melissa85,"['git', 'github']",2
"{""name"":""Robert Gonzalez"",""email"":""qpratt@example.net"",""phone"":""+1-441-647-5887x39864"",""location"":{""city"":""South Kimberly"",""country"":""Bermuda"",""remote_preference"":""onsite""},""summary"":""Set watch above standard above. Radio include staff check newspaper site glass. Near need miss morning Mr true similar."",""linkedin"":""linkedin.com\/in\/jeffrey12"",""github"":""github.com\/larsonnicholas""}",name robert gonzalez email qpratt example.net phone +1 441 647 5887x39864 location city south kimberly country bermuda remote preference onsite summary set watch above standard above. radio include staff check newspaper site glass. near need miss morning mr true similar. linkedin linkedin.com in jeffrey12 github github.com larsonnicholas,"['git', 'github']",2
"{""name"":""Jared Bell"",""email"":""qgonzalez@example.net"",""phone"":""657-445-3366x813"",""location"":{""city"":""Molinamouth"",""country"":""Ireland"",""remote_preference"":""hybrid""},""summary"":""Radio others far project product art anyone. Money expect Republican trade. Activity nice should matter people. Rest four write."",""linkedin"":""linkedin.com\/in\/maureen43"",""github"":""github.com\/zbrandt""}",name jared bell email qgonzalez example.net phone 657 445 3366x813 location city molinamouth country ireland remote preference hybrid summary radio others far project product art anyone. money expect republican trade. activity nice should matter people. rest four write. linkedin linkedin.com in maureen43 github github.com zbrandt,"['git', 'github']",2
"{""name"":""Sarah White"",""email"":""brittanybrooks@example.net"",""phone"":""(531)206-3721x328"",""location"":{""city"":""Ashleystad"",""country"":""Isle of Man"",""remote_preference"":""hybrid""},""summary"":""Stuff their region ask cell they stage. Door gas price table."",""linkedin"":""linkedin.com\/in\/brenda82"",""github"":""github.com\/kristinjohnson""}",name sarah white email brittanybrooks example.net phone 531 206 3721x328 location city ashleystad country isle of man remote preference hybrid summary stuff their region ask cell they stage. door gas price table. linkedin linkedin.com in brenda82 github github.com kristinjohnson,"['git', 'github']",2
"{""name"":""Julie Myers"",""email"":""robinsonlaura@example.net"",""phone"":""216-755-4251"",""location"":{""city"":""East Shaneborough"",""country"":""Solomon Islands"",""remote_preference"":""remote""},""summary"":""Face product economy computer use quality send. Ready top father seven record. Product sit politics majority former agree option. Audience source put. Including able herself industry."",""linkedin"":""linkedin.com\/in\/mjackson"",""github"":""github.com\/codyhill""}",name julie myers email robinsonlaura example.net phone 216 755 4251 location city east shaneborough country solomon islands remote preference remote summary face product economy computer use quality send. ready top father seven record. product sit politics majority former agree option. audience source put. including able herself industry. linkedin linkedin.com in mjackson github github.com codyhill,"['git', 'github']",2
"{""name"":""James Hess"",""email"":""rosssteven@example.com"",""phone"":""845.451.6004"",""location"":{""city"":""Perezborough"",""country"":""Germany"",""remote_preference"":""remote""},""summary"":""Few eat itself others true maintain civil. Fact with surface customer another magazine politics break. Law still computer night short us. Feel particularly investment."",""linkedin"":""linkedin.com\/in\/william53"",""github"":""github.com\/frandall""}",name james hess email rosssteven example.com phone 845.451.6004 location city perezborough country germany remote preference remote summary few eat itself others true maintain civil. fact with surface customer another magazine politics break. law still computer night short us. feel particularly investment. linkedin linkedin.com in william53 github github.com frandall,"['git', 'github']",2
"{""name"":""Heather Medina"",""email"":""lori12@example.net"",""phone"":""4676323721"",""location"":{""city"":""Port Andrewstad"",""country"":""Netherlands"",""remote_preference"":""remote""},""summary"":""Young picture cell now start. Street girl film technology send. Hold available floor choice policy for. Imagine nature however now should accept college."",""linkedin"":""linkedin.com\/in\/jacob61"",""github"":""github.com\/hartemma""}",name heather medina email lori12 example.net phone 4676323721 location city port andrewstad country netherlands remote preference remote summary young picture cell now start. street girl film technology send. hold available floor choice policy for. imagine nature however now should accept college. linkedin linkedin.com in jacob61 github github.com hartemma,"['git', 'github']",2
"{""name"":""Jeffery Vasquez"",""email"":""garciamichelle@example.com"",""phone"":""488.228.7681x322"",""location"":{""city"":""New Susan"",""country"":""Malta"",""remote_preference"":""onsite""},""summary"":""Certain her particularly however. Process effect whole serve."",""linkedin"":""linkedin.com\/in\/cynthia25"",""github"":""github.com\/juanlewis""}",name jeffery vasquez email garciamichelle example.com phone 488.228.7681x322 location city new susan country malta remote preference onsite summary certain her particularly however. process effect whole serve. linkedin linkedin.com in cynthia25 github github.com juanlewis,"['git', 'github']",2
"{""name"":""Mr. Nicholas Smith II"",""email"":""sherrydeleon@example.org"",""phone"":""(320)580-4945x09023"",""location"":{""city"":""Victoriaborough"",""country"":""Mauritius"",""remote_preference"":""remote""},""summary"":""Wife bank student college site front report often. Drive window score ever another side themselves. Building perform possible challenge huge guess let. Big city compare next Democrat fast."",""linkedin"":""linkedin.com\/in\/theresa31"",""github"":""github.com\/edwinrhodes""}",name mr. nicholas smith ii email sherrydeleon example.org phone 320 580 4945x09023 location city victoriaborough country mauritius remote preference remote summary wife bank student college site front report often. drive window score ever another side themselves. building perform possible challenge huge guess let. big city compare next democrat fast. linkedin linkedin.com in theresa31 github github.com edwinrhodes,"['git', 'github']",2
"{""name"":""Mark King"",""email"":""xriddle@example.net"",""phone"":""596-437-4254"",""location"":{""city"":""New Nicholas"",""country"":""Cuba"",""remote_preference"":""onsite""},""summary"":""Forget minute current American test go our. Raise idea federal own consider. Protect recently any page represent more always. Bag candidate again foreign than."",""linkedin"":""linkedin.com\/in\/bpotter"",""github"":""github.com\/abigaildavenport""}",name mark king email xriddle example.net phone 596 437 4254 location city new nicholas country cuba remote preference onsite summary forget minute current american test go our. raise idea federal own consider. protect recently any page represent more always. bag candidate again foreign than. linkedin linkedin.com in bpotter github github.com abigaildavenport,"['git', 'github']",2
"{""name"":""Suzanne Ponce"",""email"":""wavery@example.net"",""phone"":""525.605.8915"",""location"":{""city"":""Kristenmouth"",""country"":""Sweden"",""remote_preference"":""remote""},""summary"":""Anything answer accept return him hit. Good face people own others seek. Treat change ever push public activity word."",""linkedin"":""linkedin.com\/in\/howardamber"",""github"":""github.com\/gparker""}",name suzanne ponce email wavery example.net phone 525.605.8915 location city kristenmouth country sweden remote preference remote summary anything answer accept return him hit. good face people own others seek. treat change ever push public activity word. linkedin linkedin.com in howardamber github github.com gparker,"['git', 'github']",2
"{""name"":""Misty Spence"",""email"":""johnsonjohnny@example.com"",""phone"":""001-573-240-2422x486"",""location"":{""city"":""Fisherland"",""country"":""Estonia"",""remote_preference"":""onsite""},""summary"":""Young tonight accept different need phone enter. Company something hard oil people. Several garden dark every law."",""linkedin"":""linkedin.com\/in\/toddkyle"",""github"":""github.com\/lydiachristian""}",name misty spence email johnsonjohnny example.com phone 001 573 240 2422x486 location city fisherland country estonia remote preference onsite summary young tonight accept different need phone enter. company something hard oil people. several garden dark every law. linkedin linkedin.com in toddkyle github github.com lydiachristian,"['git', 'github']",2
"{""name"":""Andrew Ray"",""email"":""melissadiaz@example.net"",""phone"":""+1-853-569-3957"",""location"":{""city"":""Lake Cynthiatown"",""country"":""Malawi"",""remote_preference"":""onsite""},""summary"":""Care herself especially style report. Reflect player single you season difference. View claim activity add behavior per would."",""linkedin"":""linkedin.com\/in\/christine78"",""github"":""github.com\/uwhite""}",name andrew ray email melissadiaz example.net phone +1 853 569 3957 location city lake cynthiatown country malawi remote preference onsite summary care herself especially style report. reflect player single you season difference. view claim activity add behavior per would. linkedin linkedin.com in christine78 github github.com uwhite,"['git', 'github']",2
"{""name"":""Daniel Olson"",""email"":""brittanydowns@example.net"",""phone"":""275.651.9575"",""location"":{""city"":""Port Marissatown"",""country"":""Ukraine"",""remote_preference"":""remote""},""summary"":""Easy where traditional board threat power. Country design stage laugh car newspaper challenge. Walk particular son important. Section television name call."",""linkedin"":""linkedin.com\/in\/wesleylester"",""github"":""github.com\/ashleylane""}",name daniel olson email brittanydowns example.net phone 275.651.9575 location city port marissatown country ukraine remote preference remote summary easy where traditional board threat power. country design stage laugh car newspaper challenge. walk particular son important. section television name call. linkedin linkedin.com in wesleylester github github.com ashleylane,"['git', 'github']",2
"{""name"":""Kelly Crawford"",""email"":""meaganjohnson@example.com"",""phone"":""788.721.5579x4396"",""location"":{""city"":""New Cathy"",""country"":""Belarus"",""remote_preference"":""hybrid""},""summary"":""Public Democrat defense throughout exactly director coach. Popular leader sign its song relationship tell they. Professional onto carry them. Street television avoid month popular blue hospital."",""linkedin"":""linkedin.com\/in\/tchaney"",""github"":""github.com\/jeffrey94""}",name kelly crawford email meaganjohnson example.com phone 788.721.5579x4396 location city new cathy country belarus remote preference hybrid summary public democrat defense throughout exactly director coach. popular leader sign its song relationship tell they. professional onto carry them. street television avoid month popular blue hospital. linkedin linkedin.com in tchaney github github.com jeffrey94,"['git', 'github']",2
"{""name"":""Joann Ward"",""email"":""chadroberts@example.com"",""phone"":""+1-458-453-6232x8010"",""location"":{""city"":""West Rachelburgh"",""country"":""San Marino"",""remote_preference"":""hybrid""},""summary"":""About draw by trouble. Western subject popular strong fund from free. Magazine read alone chance ago executive. Also matter friend."",""linkedin"":""linkedin.com\/in\/russellsamuel"",""github"":""github.com\/michael74""}",name joann ward email chadroberts example.com phone +1 458 453 6232x8010 location city west rachelburgh country san marino remote preference hybrid summary about draw by trouble. western subject popular strong fund from free. magazine read alone chance ago executive. also matter friend. linkedin linkedin.com in russellsamuel github github.com michael74,"['git', 'github']",2
"{""name"":""Tracy Martin"",""email"":""ruthcampbell@example.com"",""phone"":""+1-205-982-5490x21533"",""location"":{""city"":""Mollymouth"",""country"":""Mauritania"",""remote_preference"":""onsite""},""summary"":""Accept million let be. Cell beat gas friend. Lead again early scientist. Sure issue though list. Plan operation no all person car task."",""linkedin"":""linkedin.com\/in\/thomaspowell"",""github"":""github.com\/karla61""}",name tracy martin email ruthcampbell example.com phone +1 205 982 5490x21533 location city mollymouth country mauritania remote preference onsite summary accept million let be. cell beat gas friend. lead again early scientist. sure issue though list. plan operation no all person car task. linkedin linkedin.com in thomaspowell github github.com karla61,"['git', 'github']",2
"{""name"":""Jessica Grant"",""email"":""rrodriguez@example.org"",""phone"":""001-224-215-5974x9465"",""location"":{""city"":""South William"",""country"":""Canada"",""remote_preference"":""hybrid""},""summary"":""Simple can floor identify different race. Degree go series mouth. Item east analysis national. Under social west huge total environment. Guess system dark contain campaign actually."",""linkedin"":""linkedin.com\/in\/sarahellis"",""github"":""github.com\/ufisher""}",name jessica grant email rrodriguez example.org phone 001 224 215 5974x9465 location city south william country canada remote preference hybrid summary simple can floor identify different race. degree go series mouth. item east analysis national. under social west huge total environment. guess system dark contain campaign actually. linkedin linkedin.com in sarahellis github github.com ufisher,"['git', 'github']",2
"{""name"":""Tina Chavez"",""email"":""ttaylor@example.com"",""phone"":""684-337-0092x369"",""location"":{""city"":""Lake Dorothystad"",""country"":""Senegal"",""remote_preference"":""onsite""},""summary"":""Can few herself discuss yard evening president. Their research rule guess through. One possible toward that time. Center hear leader attack. Require very so."",""linkedin"":""linkedin.com\/in\/warrenwagner"",""github"":""github.com\/dmitchell""}",name tina chavez email ttaylor example.com phone 684 337 0092x369 location city lake dorothystad country senegal remote preference onsite summary can few herself discuss yard evening president. their research rule guess through. one possible toward that time. center hear leader attack. require very so. linkedin linkedin.com in warrenwagner github github.com dmitchell,"['git', 'github']",2
"{""name"":""Teresa Ford"",""email"":""kjackson@example.org"",""phone"":""+1-538-231-2907"",""location"":{""city"":""Banksberg"",""country"":""Tanzania"",""remote_preference"":""remote""},""summary"":""Its keep least south rich music should. Character attorney seven activity voice finish air enter. Score final study itself interest reveal."",""linkedin"":""linkedin.com\/in\/ashleyharris"",""github"":""github.com\/ugalvan""}",name teresa ford email kjackson example.org phone +1 538 231 2907 location city banksberg country tanzania remote preference remote summary its keep least south rich music should. character attorney seven activity voice finish air enter. score final study itself interest reveal. linkedin linkedin.com in ashleyharris github github.com ugalvan,"['git', 'github']",2
"{""name"":""Nicole Smith"",""email"":""stacey21@example.net"",""phone"":""+1-597-973-3227"",""location"":{""city"":""West Bretttown"",""country"":""Rwanda"",""remote_preference"":""remote""},""summary"":""Great interest me item carry soldier. Lot could would relationship kitchen party relationship continue."",""linkedin"":""linkedin.com\/in\/jhamilton"",""github"":""github.com\/georgemiller""}",name nicole smith email stacey21 example.net phone +1 597 973 3227 location city west bretttown country rwanda remote preference remote summary great interest me item carry soldier. lot could would relationship kitchen party relationship continue. linkedin linkedin.com in jhamilton github github.com georgemiller,"['git', 'github']",2
"{""name"":""Mark Velazquez"",""email"":""chad08@example.org"",""phone"":""+1-998-446-9270x272"",""location"":{""city"":""Lake Staceyfurt"",""country"":""Uganda"",""remote_preference"":""onsite""},""summary"":""Animal admit treatment him. Student team field. Majority ability charge than international these many. Production the TV international."",""linkedin"":""linkedin.com\/in\/lphillips"",""github"":""github.com\/bernardcody""}",name mark velazquez email chad08 example.org phone +1 998 446 9270x272 location city lake staceyfurt country uganda remote preference onsite summary animal admit treatment him. student team field. majority ability charge than international these many. production the tv international. linkedin linkedin.com in lphillips github github.com bernardcody,"['git', 'github']",2
"{""name"":""Steven Patel"",""email"":""woodsrichard@example.com"",""phone"":""(671)476-1019x4589"",""location"":{""city"":""Emilyside"",""country"":""French Polynesia"",""remote_preference"":""hybrid""},""summary"":""Course tonight home since. Pass should perhaps ask all above different daughter. Plant somebody west different surface note again. Owner back method guy amount economy keep."",""linkedin"":""linkedin.com\/in\/ojackson"",""github"":""github.com\/mrivera""}",name steven patel email woodsrichard example.com phone 671 476 1019x4589 location city emilyside country french polynesia remote preference hybrid summary course tonight home since. pass should perhaps ask all above different daughter. plant somebody west different surface note again. owner back method guy amount economy keep. linkedin linkedin.com in ojackson github github.com mrivera,"['git', 'github']",2
"{""name"":""Tyler Richardson"",""email"":""craighall@example.com"",""phone"":""243-350-6173"",""location"":{""city"":""New Haley"",""country"":""Mauritius"",""remote_preference"":""hybrid""},""summary"":""About then make good eat. True customer business program learn information. Father page training economy. Outside smile Republican political great assume call. Experience help accept figure attention."",""linkedin"":""linkedin.com\/in\/kmontgomery"",""github"":""github.com\/brandon54""}",name tyler richardson email craighall example.com phone 243 350 6173 location city new haley country mauritius remote preference hybrid summary about then make good eat. true customer business program learn information. father page training economy. outside smile republican political great assume call. experience help accept figure attention. linkedin linkedin.com in kmontgomery github github.com brandon54,"['git', 'github']",2
"{""name"":""Edward Malone"",""email"":""derrickmcdonald@example.org"",""phone"":""6465617863"",""location"":{""city"":""East Carlaberg"",""country"":""Switzerland"",""remote_preference"":""onsite""},""summary"":""About enter pull smile wait feeling adult. Civil should traditional policy source standard method. Town air specific test ball police boy. Employee information near manage floor so. Clear fly only skin."",""linkedin"":""linkedin.com\/in\/mwallace"",""github"":""github.com\/leejason""}",name edward malone email derrickmcdonald example.org phone 6465617863 location city east carlaberg country switzerland remote preference onsite summary about enter pull smile wait feeling adult. civil should traditional policy source standard method. town air specific test ball police boy. employee information near manage floor so. clear fly only skin. linkedin linkedin.com in mwallace github github.com leejason,"['git', 'github']",2
"{""name"":""Michael Nash"",""email"":""amandaspencer@example.net"",""phone"":""7226159072"",""location"":{""city"":""Lake Brittneyland"",""country"":""Cambodia"",""remote_preference"":""hybrid""},""summary"":""Early system culture window brother almost maintain. Republican beyond usually stand home. Point health shoulder goal resource. Material morning war scientist."",""linkedin"":""linkedin.com\/in\/martin66"",""github"":""github.com\/clarkjohn""}",name michael nash email amandaspencer example.net phone 7226159072 location city lake brittneyland country cambodia remote preference hybrid summary early system culture window brother almost maintain. republican beyond usually stand home. point health shoulder goal resource. material morning war scientist. linkedin linkedin.com in martin66 github github.com clarkjohn,"['git', 'github']",2
"{""name"":""Erin Wheeler"",""email"":""khudson@example.net"",""phone"":""601.221.2169x854"",""location"":{""city"":""Farleyberg"",""country"":""American Samoa"",""remote_preference"":""remote""},""summary"":""Yourself second unit anyone personal affect. Red evening else require. End prove also responsibility."",""linkedin"":""linkedin.com\/in\/cherrera"",""github"":""github.com\/davidgonzalez""}",name erin wheeler email khudson example.net phone 601.221.2169x854 location city farleyberg country american samoa remote preference remote summary yourself second unit anyone personal affect. red evening else require. end prove also responsibility. linkedin linkedin.com in cherrera github github.com davidgonzalez,"['git', 'github']",2
"{""name"":""James Spence"",""email"":""jonesnathaniel@example.com"",""phone"":""578.983.8288"",""location"":{""city"":""Emilybury"",""country"":""Peru"",""remote_preference"":""onsite""},""summary"":""Paper hundred civil condition decision eat event military. Apply if human and heavy prepare exist voice. Outside pull box usually pick role. House week TV serious growth go focus. Suddenly shake win policy away."",""linkedin"":""linkedin.com\/in\/kevintaylor"",""github"":""github.com\/markorozco""}",name james spence email jonesnathaniel example.com phone 578.983.8288 location city emilybury country peru remote preference onsite summary paper hundred civil condition decision eat event military. apply if human and heavy prepare exist voice. outside pull box usually pick role. house week tv serious growth go focus. suddenly shake win policy away. linkedin linkedin.com in kevintaylor github github.com markorozco,"['git', 'github']",2
"{""name"":""John Ferguson"",""email"":""morrowanne@example.org"",""phone"":""426.673.5151x799"",""location"":{""city"":""Port Shane"",""country"":""Pitcairn Islands"",""remote_preference"":""hybrid""},""summary"":""Build local who road. Fund perform scientist during security."",""linkedin"":""linkedin.com\/in\/fflowers"",""github"":""github.com\/wwelch""}",name john ferguson email morrowanne example.org phone 426.673.5151x799 location city port shane country pitcairn islands remote preference hybrid summary build local who road. fund perform scientist during security. linkedin linkedin.com in fflowers github github.com wwelch,"['git', 'github']",2
"{""name"":""Karen Sparks"",""email"":""bartonandrew@example.com"",""phone"":""812.520.9746x130"",""location"":{""city"":""West Melissa"",""country"":""United States Virgin Islands"",""remote_preference"":""hybrid""},""summary"":""Quality stay street you experience discuss evening. Because know avoid manage fact discuss down onto."",""linkedin"":""linkedin.com\/in\/michael70"",""github"":""github.com\/troyhorn""}",name karen sparks email bartonandrew example.com phone 812.520.9746x130 location city west melissa country united states virgin islands remote preference hybrid summary quality stay street you experience discuss evening. because know avoid manage fact discuss down onto. linkedin linkedin.com in michael70 github github.com troyhorn,"['git', 'github']",2
"{""name"":""Sabrina Foster"",""email"":""scottsilva@example.com"",""phone"":""+1-201-448-3053x056"",""location"":{""city"":""East Matthewside"",""country"":""Saint Vincent and the Grenadines"",""remote_preference"":""hybrid""},""summary"":""Method cell friend should idea not. Product its live number sign conference. Wrong off international owner institution."",""linkedin"":""linkedin.com\/in\/lhiggins"",""github"":""github.com\/robertlee""}",name sabrina foster email scottsilva example.com phone +1 201 448 3053x056 location city east matthewside country saint vincent and the grenadines remote preference hybrid summary method cell friend should idea not. product its live number sign conference. wrong off international owner institution. linkedin linkedin.com in lhiggins github github.com robertlee,"['git', 'github']",2
"{""name"":""Wendy Turner"",""email"":""joshuawilliams@example.org"",""phone"":""347-992-7110x80605"",""location"":{""city"":""North Ginastad"",""country"":""Albania"",""remote_preference"":""hybrid""},""summary"":""Defense author return source realize. Minute test candidate drug at."",""linkedin"":""linkedin.com\/in\/leemichael"",""github"":""github.com\/victoriaquinn""}",name wendy turner email joshuawilliams example.org phone 347 992 7110x80605 location city north ginastad country albania remote preference hybrid summary defense author return source realize. minute test candidate drug at. linkedin linkedin.com in leemichael github github.com victoriaquinn,"['git', 'github']",2
"{""name"":""Christina Davis"",""email"":""matthewmiller@example.org"",""phone"":""772-530-6948x4958"",""location"":{""city"":""Sarahmouth"",""country"":""Argentina"",""remote_preference"":""hybrid""},""summary"":""Pull traditional forward write relate reduce begin. I theory total majority would speech. Heart style economic particularly ok boy television. Attention ready build around."",""linkedin"":""linkedin.com\/in\/ylogan"",""github"":""github.com\/barnescharles""}",name christina davis email matthewmiller example.org phone 772 530 6948x4958 location city sarahmouth country argentina remote preference hybrid summary pull traditional forward write relate reduce begin. i theory total majority would speech. heart style economic particularly ok boy television. attention ready build around. linkedin linkedin.com in ylogan github github.com barnescharles,"['git', 'github']",2
"{""name"":""Trevor Lewis"",""email"":""erin33@example.net"",""phone"":""6538397041"",""location"":{""city"":""North Dianafort"",""country"":""Spain"",""remote_preference"":""remote""},""summary"":""Entire choice room force piece. School final measure race. Unit recognize who end economy drop market. Themselves language require eight new rate real we."",""linkedin"":""linkedin.com\/in\/james12"",""github"":""github.com\/rachelhill""}",name trevor lewis email erin33 example.net phone 6538397041 location city north dianafort country spain remote preference remote summary entire choice room force piece. school final measure race. unit recognize who end economy drop market. themselves language require eight new rate real we. linkedin linkedin.com in james12 github github.com rachelhill,"['git', 'github']",2
"{""name"":""Lisa Williams"",""email"":""jpatel@example.org"",""phone"":""+1-683-497-9688x859"",""location"":{""city"":""Port Anthony"",""country"":""Lithuania"",""remote_preference"":""hybrid""},""summary"":""Leave rich body. Store term today need five."",""linkedin"":""linkedin.com\/in\/robertgreen"",""github"":""github.com\/fpeck""}",name lisa williams email jpatel example.org phone +1 683 497 9688x859 location city port anthony country lithuania remote preference hybrid summary leave rich body. store term today need five. linkedin linkedin.com in robertgreen github github.com fpeck,"['git', 'github']",2
"{""name"":""Ryan Lang"",""email"":""davieszachary@example.com"",""phone"":""434.522.6098"",""location"":{""city"":""Williamsmouth"",""country"":""Hungary"",""remote_preference"":""onsite""},""summary"":""Need purpose television specific red. Possible eight hit item much keep reach. View central staff purpose."",""linkedin"":""linkedin.com\/in\/aprilbarron"",""github"":""github.com\/mwalker""}",name ryan lang email davieszachary example.com phone 434.522.6098 location city williamsmouth country hungary remote preference onsite summary need purpose television specific red. possible eight hit item much keep reach. view central staff purpose. linkedin linkedin.com in aprilbarron github github.com mwalker,"['git', 'github']",2
"{""name"":""Robert Hall"",""email"":""jasonrosario@example.org"",""phone"":""001-547-594-8118"",""location"":{""city"":""Watsonside"",""country"":""Micronesia"",""remote_preference"":""onsite""},""summary"":""Red little cultural a. Week cell tonight trip director rather. Morning light pay value recent half. Movie create head impact care professional budget."",""linkedin"":""linkedin.com\/in\/lewiseric"",""github"":""github.com\/stephaniehayes""}",name robert hall email jasonrosario example.org phone 001 547 594 8118 location city watsonside country micronesia remote preference onsite summary red little cultural a. week cell tonight trip director rather. morning light pay value recent half. movie create head impact care professional budget. linkedin linkedin.com in lewiseric github github.com stephaniehayes,"['git', 'github']",2
"{""name"":""Spencer Duke"",""email"":""vturner@example.net"",""phone"":""609.685.3899"",""location"":{""city"":""Robertshire"",""country"":""Martinique"",""remote_preference"":""remote""},""summary"":""Offer head choice. Next sound of movement. Hot employee arm worry adult sit. Prove certain guy agency some popular."",""linkedin"":""linkedin.com\/in\/bgarcia"",""github"":""github.com\/hwolfe""}",name spencer duke email vturner example.net phone 609.685.3899 location city robertshire country martinique remote preference remote summary offer head choice. next sound of movement. hot employee arm worry adult sit. prove certain guy agency some popular. linkedin linkedin.com in bgarcia github github.com hwolfe,"['git', 'github']",2
"{""name"":""Jared Martin"",""email"":""xheath@example.net"",""phone"":""(768)837-7820"",""location"":{""city"":""North Lindsay"",""country"":""Taiwan"",""remote_preference"":""onsite""},""summary"":""The newspaper help career citizen. Cause environmental student or particular box. Event stuff television senior building arm."",""linkedin"":""linkedin.com\/in\/maria64"",""github"":""github.com\/nicolelopez""}",name jared martin email xheath example.net phone 768 837 7820 location city north lindsay country taiwan remote preference onsite summary the newspaper help career citizen. cause environmental student or particular box. event stuff television senior building arm. linkedin linkedin.com in maria64 github github.com nicolelopez,"['git', 'github']",2
"{""name"":""Christine Gordon"",""email"":""kennethmcgrath@example.net"",""phone"":""(399)240-0882"",""location"":{""city"":""Haleymouth"",""country"":""Madagascar"",""remote_preference"":""hybrid""},""summary"":""Also top like owner PM feeling star. Audience partner own report help."",""linkedin"":""linkedin.com\/in\/maureenwilliams"",""github"":""github.com\/maciasrussell""}",name christine gordon email kennethmcgrath example.net phone 399 240 0882 location city haleymouth country madagascar remote preference hybrid summary also top like owner pm feeling star. audience partner own report help. linkedin linkedin.com in maureenwilliams github github.com maciasrussell,"['git', 'github']",2
"{""name"":""Nicholas Mccoy"",""email"":""wilsondesiree@example.org"",""phone"":""630.589.8416"",""location"":{""city"":""Reynoldsmouth"",""country"":""Antarctica (the territory South of 60 deg S)"",""remote_preference"":""onsite""},""summary"":""Generation energy two such. Camera still dinner."",""linkedin"":""linkedin.com\/in\/bennettderek"",""github"":""github.com\/taylor20""}",name nicholas mccoy email wilsondesiree example.org phone 630.589.8416 location city reynoldsmouth country antarctica the territory south of 60 deg s remote preference onsite summary generation energy two such. camera still dinner. linkedin linkedin.com in bennettderek github github.com taylor20,"['git', 'github']",2
"{""name"":""Daniel Sullivan"",""email"":""tiffany72@example.org"",""phone"":""7924121614"",""location"":{""city"":""Mooretown"",""country"":""Saudi Arabia"",""remote_preference"":""hybrid""},""summary"":""Attack morning any Mrs poor laugh. Expect system magazine tree water whose term."",""linkedin"":""linkedin.com\/in\/helenmoore"",""github"":""github.com\/brownamber""}",name daniel sullivan email tiffany72 example.org phone 7924121614 location city mooretown country saudi arabia remote preference hybrid summary attack morning any mrs poor laugh. expect system magazine tree water whose term. linkedin linkedin.com in helenmoore github github.com brownamber,"['git', 'github']",2
"{""name"":""Charlene Kramer"",""email"":""charleshall@example.net"",""phone"":""001-619-405-7834x690"",""location"":{""city"":""South Laurie"",""country"":""Pitcairn Islands"",""remote_preference"":""remote""},""summary"":""Chair board night country sound. Over deal forget these tough set."",""linkedin"":""linkedin.com\/in\/richard73"",""github"":""github.com\/yvonnelane""}",name charlene kramer email charleshall example.net phone 001 619 405 7834x690 location city south laurie country pitcairn islands remote preference remote summary chair board night country sound. over deal forget these tough set. linkedin linkedin.com in richard73 github github.com yvonnelane,"['git', 'github']",2
"{""name"":""Jerry Coleman"",""email"":""ksandoval@example.net"",""phone"":""+1-502-909-4123x9888"",""location"":{""city"":""South John"",""country"":""Saint Kitts and Nevis"",""remote_preference"":""onsite""},""summary"":""Something seem low get. Case audience public college service. Create write who particular side when."",""linkedin"":""linkedin.com\/in\/nsims"",""github"":""github.com\/smithjason""}",name jerry coleman email ksandoval example.net phone +1 502 909 4123x9888 location city south john country saint kitts and nevis remote preference onsite summary something seem low get. case audience public college service. create write who particular side when. linkedin linkedin.com in nsims github github.com smithjason,"['git', 'github']",2
"{""name"":""Tiffany Rosario"",""email"":""tgray@example.net"",""phone"":""(648)769-9477"",""location"":{""city"":""South Ronaldchester"",""country"":""Cook Islands"",""remote_preference"":""onsite""},""summary"":""Threat war win prepare information order. Up message its."",""linkedin"":""linkedin.com\/in\/bmccarthy"",""github"":""github.com\/james16""}",name tiffany rosario email tgray example.net phone 648 769 9477 location city south ronaldchester country cook islands remote preference onsite summary threat war win prepare information order. up message its. linkedin linkedin.com in bmccarthy github github.com james16,"['git', 'github']",2
"{""name"":""Susan Olsen"",""email"":""vmcgee@example.net"",""phone"":""(624)667-6631x62628"",""location"":{""city"":""East Andre"",""country"":""Gambia"",""remote_preference"":""onsite""},""summary"":""Indeed six catch continue. Key local guy ahead go morning. Wall fall ever local. Tv but still heart according pretty again."",""linkedin"":""linkedin.com\/in\/cooperhannah"",""github"":""github.com\/sotojustin""}",name susan olsen email vmcgee example.net phone 624 667 6631x62628 location city east andre country gambia remote preference onsite summary indeed six catch continue. key local guy ahead go morning. wall fall ever local. tv but still heart according pretty again. linkedin linkedin.com in cooperhannah github github.com sotojustin,"['git', 'github']",2
"{""name"":""Mrs. Tamara Steele DVM"",""email"":""kaitlyn35@example.net"",""phone"":""+1-282-531-3564x652"",""location"":{""city"":""Jordanmouth"",""country"":""Switzerland"",""remote_preference"":""remote""},""summary"":""Defense strong door build gas everyone his allow. Bag form fall turn. Young year sense race hospital happen. Teach certain blood stand. Yet in among area appear."",""linkedin"":""linkedin.com\/in\/brucegonzalez"",""github"":""github.com\/orrholly""}",name mrs. tamara steele dvm email kaitlyn35 example.net phone +1 282 531 3564x652 location city jordanmouth country switzerland remote preference remote summary defense strong door build gas everyone his allow. bag form fall turn. young year sense race hospital happen. teach certain blood stand. yet in among area appear. linkedin linkedin.com in brucegonzalez github github.com orrholly,"['git', 'github']",2
"{""name"":""David Davis"",""email"":""victorhernandez@example.com"",""phone"":""001-801-206-8223x311"",""location"":{""city"":""East Brandyville"",""country"":""Bosnia and Herzegovina"",""remote_preference"":""onsite""},""summary"":""Traditional bag drive perform. Read protect without election think young spend."",""linkedin"":""linkedin.com\/in\/jonathan46"",""github"":""github.com\/normanvincent""}",name david davis email victorhernandez example.com phone 001 801 206 8223x311 location city east brandyville country bosnia and herzegovina remote preference onsite summary traditional bag drive perform. read protect without election think young spend. linkedin linkedin.com in jonathan46 github github.com normanvincent,"['git', 'github']",2
"{""name"":""Patricia Johnson"",""email"":""scottcharles@example.net"",""phone"":""964.383.8864x0020"",""location"":{""city"":""Lake Joelburgh"",""country"":""Mexico"",""remote_preference"":""onsite""},""summary"":""Physical high over become point art if time. Also common he condition. Believe long energy start. Impact under none manager door. Actually hour ever recently."",""linkedin"":""linkedin.com\/in\/zbennett"",""github"":""github.com\/perkinslorraine""}",name patricia johnson email scottcharles example.net phone 964.383.8864x0020 location city lake joelburgh country mexico remote preference onsite summary physical high over become point art if time. also common he condition. believe long energy start. impact under none manager door. actually hour ever recently. linkedin linkedin.com in zbennett github github.com perkinslorraine,"['git', 'github']",2
"{""name"":""Carla Rodriguez"",""email"":""tramirez@example.com"",""phone"":""453-539-6343"",""location"":{""city"":""Hernandezchester"",""country"":""Antarctica (the territory South of 60 deg S)"",""remote_preference"":""onsite""},""summary"":""Determine begin speak care teach save. American its should standard check along development recent. Base book student PM. Far soon few suddenly many street."",""linkedin"":""linkedin.com\/in\/marie07"",""github"":""github.com\/emilysnow""}",name carla rodriguez email tramirez example.com phone 453 539 6343 location city hernandezchester country antarctica the territory south of 60 deg s remote preference onsite summary determine begin speak care teach save. american its should standard check along development recent. base book student pm. far soon few suddenly many street. linkedin linkedin.com in marie07 github github.com emilysnow,"['git', 'github']",2
"{""name"":""Christina Esparza"",""email"":""pbaxter@example.org"",""phone"":""422-699-5092"",""location"":{""city"":""Shelbyborough"",""country"":""Iceland"",""remote_preference"":""onsite""},""summary"":""Provide great hair same science card. West but along spend."",""linkedin"":""linkedin.com\/in\/martinjulian"",""github"":""github.com\/sharon18""}",name christina esparza email pbaxter example.org phone 422 699 5092 location city shelbyborough country iceland remote preference onsite summary provide great hair same science card. west but along spend. linkedin linkedin.com in martinjulian github github.com sharon18,"['git', 'github']",2
"{""name"":""Christopher Baldwin"",""email"":""andrewbrown@example.com"",""phone"":""001-792-248-5754x103"",""location"":{""city"":""New Grantfurt"",""country"":""Ireland"",""remote_preference"":""remote""},""summary"":""Staff writer ball whether less generation trade. Relate power you rule. Country check ask where."",""linkedin"":""linkedin.com\/in\/brian51"",""github"":""github.com\/aprilguzman""}",name christopher baldwin email andrewbrown example.com phone 001 792 248 5754x103 location city new grantfurt country ireland remote preference remote summary staff writer ball whether less generation trade. relate power you rule. country check ask where. linkedin linkedin.com in brian51 github github.com aprilguzman,"['git', 'github']",2
"{""name"":""Stephanie Tran"",""email"":""williamsjasmine@example.com"",""phone"":""(745)980-7925x7337"",""location"":{""city"":""Rodriguezchester"",""country"":""Zimbabwe"",""remote_preference"":""hybrid""},""summary"":""Republican crime break tend society whatever leader. But expect state agent reflect view. Culture up daughter. Section wonder argue sit tree. What war hotel key."",""linkedin"":""linkedin.com\/in\/garciakeith"",""github"":""github.com\/charles00""}",name stephanie tran email williamsjasmine example.com phone 745 980 7925x7337 location city rodriguezchester country zimbabwe remote preference hybrid summary republican crime break tend society whatever leader. but expect state agent reflect view. culture up daughter. section wonder argue sit tree. what war hotel key. linkedin linkedin.com in garciakeith github github.com charles00,"['git', 'github']",2
"{""name"":""Donna Powers"",""email"":""david48@example.org"",""phone"":""246.358.6576x773"",""location"":{""city"":""Melissaton"",""country"":""Malaysia"",""remote_preference"":""remote""},""summary"":""Visit simply chair camera lot politics my. Feel computer four realize blood. Commercial think better. Mouth feeling even check however. Bank determine common build direction."",""linkedin"":""linkedin.com\/in\/zpatel"",""github"":""github.com\/amccarthy""}",name donna powers email david48 example.org phone 246.358.6576x773 location city melissaton country malaysia remote preference remote summary visit simply chair camera lot politics my. feel computer four realize blood. commercial think better. mouth feeling even check however. bank determine common build direction. linkedin linkedin.com in zpatel github github.com amccarthy,"['git', 'github']",2
"{""name"":""Stephanie Hughes"",""email"":""mendozaabigail@example.net"",""phone"":""+1-752-252-8209x75287"",""location"":{""city"":""New Kristopher"",""country"":""Palestinian Territory"",""remote_preference"":""onsite""},""summary"":""Prove nothing sign professor Mrs region. Audience on will perhaps old. Stock edge suddenly television summer reason friend."",""linkedin"":""linkedin.com\/in\/johnking"",""github"":""github.com\/paul02""}",name stephanie hughes email mendozaabigail example.net phone +1 752 252 8209x75287 location city new kristopher country palestinian territory remote preference onsite summary prove nothing sign professor mrs region. audience on will perhaps old. stock edge suddenly television summer reason friend. linkedin linkedin.com in johnking github github.com paul02,"['git', 'github']",2
"{""name"":""Clayton Rodriguez"",""email"":""csullivan@example.net"",""phone"":""305.808.3440x114"",""location"":{""city"":""Davidland"",""country"":""Norfolk Island"",""remote_preference"":""onsite""},""summary"":""Realize indeed brother. Can house military PM. Dream town to feeling score. Enough eye sort wear expect. Arrive he half discuss officer half."",""linkedin"":""linkedin.com\/in\/richardcollins"",""github"":""github.com\/sjones""}",name clayton rodriguez email csullivan example.net phone 305.808.3440x114 location city davidland country norfolk island remote preference onsite summary realize indeed brother. can house military pm. dream town to feeling score. enough eye sort wear expect. arrive he half discuss officer half. linkedin linkedin.com in richardcollins github github.com sjones,"['git', 'github']",2
"{""name"":""Anthony White"",""email"":""estradasheryl@example.net"",""phone"":""(500)610-1963"",""location"":{""city"":""New Russellburgh"",""country"":""Ethiopia"",""remote_preference"":""onsite""},""summary"":""More send wind successful like. Prevent state important bank physical cultural. Tend ahead benefit section play Congress site. Individual race southern environmental walk."",""linkedin"":""linkedin.com\/in\/martha60"",""github"":""github.com\/njohnson""}",name anthony white email estradasheryl example.net phone 500 610 1963 location city new russellburgh country ethiopia remote preference onsite summary more send wind successful like. prevent state important bank physical cultural. tend ahead benefit section play congress site. individual race southern environmental walk. linkedin linkedin.com in martha60 github github.com njohnson,"['git', 'github']",2
"{""name"":""Curtis Burke"",""email"":""christian29@example.net"",""phone"":""290-481-3649x222"",""location"":{""city"":""Josephchester"",""country"":""Timor-Leste"",""remote_preference"":""hybrid""},""summary"":""Stop service environmental forward anything but that walk. Recent increase shake party."",""linkedin"":""linkedin.com\/in\/hreid"",""github"":""github.com\/amandaquinn""}",name curtis burke email christian29 example.net phone 290 481 3649x222 location city josephchester country timor leste remote preference hybrid summary stop service environmental forward anything but that walk. recent increase shake party. linkedin linkedin.com in hreid github github.com amandaquinn,"['git', 'github']",2
"{""name"":""Mark Abbott"",""email"":""kayla57@example.com"",""phone"":""+1-975-763-6987x761"",""location"":{""city"":""Hallbury"",""country"":""Pakistan"",""remote_preference"":""onsite""},""summary"":""Mean head want common expect. Discover watch necessary pretty situation. Because again point see."",""linkedin"":""linkedin.com\/in\/hernandezjohn"",""github"":""github.com\/nicole40""}",name mark abbott email kayla57 example.com phone +1 975 763 6987x761 location city hallbury country pakistan remote preference onsite summary mean head want common expect. discover watch necessary pretty situation. because again point see. linkedin linkedin.com in hernandezjohn github github.com nicole40,"['git', 'github']",2
"{""name"":""Monica Parker"",""email"":""tjones@example.net"",""phone"":""001-445-780-6671x8924"",""location"":{""city"":""Greenfurt"",""country"":""Congo"",""remote_preference"":""onsite""},""summary"":""Measure world might six store information project. Recent opportunity recent city line."",""linkedin"":""linkedin.com\/in\/ericabrennan"",""github"":""github.com\/kgriffin""}",name monica parker email tjones example.net phone 001 445 780 6671x8924 location city greenfurt country congo remote preference onsite summary measure world might six store information project. recent opportunity recent city line. linkedin linkedin.com in ericabrennan github github.com kgriffin,"['git', 'github']",2
"{""name"":""Susan Campbell"",""email"":""howellstephanie@example.org"",""phone"":""+1-549-769-7002x3322"",""location"":{""city"":""Davidburgh"",""country"":""Comoros"",""remote_preference"":""remote""},""summary"":""High street ask new get able girl. Leader member try mention. Standard perform new election challenge."",""linkedin"":""linkedin.com\/in\/jenniferwilson"",""github"":""github.com\/coleraymond""}",name susan campbell email howellstephanie example.org phone +1 549 769 7002x3322 location city davidburgh country comoros remote preference remote summary high street ask new get able girl. leader member try mention. standard perform new election challenge. linkedin linkedin.com in jenniferwilson github github.com coleraymond,"['git', 'github']",2
"{""name"":""Ebony Holloway"",""email"":""charles54@example.com"",""phone"":""+1-789-945-5553x56465"",""location"":{""city"":""Douglasberg"",""country"":""Jersey"",""remote_preference"":""remote""},""summary"":""Somebody whom plan rather behind. Mother create along million though everybody where. Which far there available for nearly cup. Can music house month strategy."",""linkedin"":""linkedin.com\/in\/barbara33"",""github"":""github.com\/charlessmith""}",name ebony holloway email charles54 example.com phone +1 789 945 5553x56465 location city douglasberg country jersey remote preference remote summary somebody whom plan rather behind. mother create along million though everybody where. which far there available for nearly cup. can music house month strategy. linkedin linkedin.com in barbara33 github github.com charlessmith,"['git', 'github']",2
"{""name"":""Brian Durham"",""email"":""matthew75@example.net"",""phone"":""737-422-8990"",""location"":{""city"":""Ritterville"",""country"":""Timor-Leste"",""remote_preference"":""onsite""},""summary"":""Return now result fire specific. Structure financial set. Board say every true loss pressure part certainly. Leader anyone call may country machine because. Time available people nor when against west."",""linkedin"":""linkedin.com\/in\/qguzman"",""github"":""github.com\/millermichael""}",name brian durham email matthew75 example.net phone 737 422 8990 location city ritterville country timor leste remote preference onsite summary return now result fire specific. structure financial set. board say every true loss pressure part certainly. leader anyone call may country machine because. time available people nor when against west. linkedin linkedin.com in qguzman github github.com millermichael,"['git', 'github']",2
"{""name"":""Kathleen Harris"",""email"":""hlopez@example.net"",""phone"":""(434)339-4620x298"",""location"":{""city"":""Donnaberg"",""country"":""Malawi"",""remote_preference"":""hybrid""},""summary"":""Body while word century likely. Religious likely wait back policy. Character well believe white unit cold food."",""linkedin"":""linkedin.com\/in\/lozanokaren"",""github"":""github.com\/george99""}",name kathleen harris email hlopez example.net phone 434 339 4620x298 location city donnaberg country malawi remote preference hybrid summary body while word century likely. religious likely wait back policy. character well believe white unit cold food. linkedin linkedin.com in lozanokaren github github.com george99,"['git', 'github']",2
"{""name"":""Dawn Barr"",""email"":""zramirez@example.com"",""phone"":""(858)989-9851x7006"",""location"":{""city"":""Davieshaven"",""country"":""Trinidad and Tobago"",""remote_preference"":""remote""},""summary"":""Remain gas responsibility find which with heavy. Include report probably the. Next soon everybody me."",""linkedin"":""linkedin.com\/in\/williamsdawn"",""github"":""github.com\/jacob68""}",name dawn barr email zramirez example.com phone 858 989 9851x7006 location city davieshaven country trinidad and tobago remote preference remote summary remain gas responsibility find which with heavy. include report probably the. next soon everybody me. linkedin linkedin.com in williamsdawn github github.com jacob68,"['git', 'github']",2
"{""name"":""Angela Russell"",""email"":""jamesjames@example.org"",""phone"":""321-664-3606x76646"",""location"":{""city"":""Williamschester"",""country"":""Myanmar"",""remote_preference"":""hybrid""},""summary"":""Parent pick image support. Evidence late wrong thank note live. Here structure early couple."",""linkedin"":""linkedin.com\/in\/patricia30"",""github"":""github.com\/gilbertsimpson""}",name angela russell email jamesjames example.org phone 321 664 3606x76646 location city williamschester country myanmar remote preference hybrid summary parent pick image support. evidence late wrong thank note live. here structure early couple. linkedin linkedin.com in patricia30 github github.com gilbertsimpson,"['git', 'github']",2
"{""name"":""Justin Austin"",""email"":""scisneros@example.com"",""phone"":""+1-369-998-0147"",""location"":{""city"":""Martinezland"",""country"":""Indonesia"",""remote_preference"":""hybrid""},""summary"":""Near item popular nice. Service through make. Glass area list stock character later natural. Available collection appear service ground collection. Military beautiful draw senior."",""linkedin"":""linkedin.com\/in\/rachelgarcia"",""github"":""github.com\/brandon54""}",name justin austin email scisneros example.com phone +1 369 998 0147 location city martinezland country indonesia remote preference hybrid summary near item popular nice. service through make. glass area list stock character later natural. available collection appear service ground collection. military beautiful draw senior. linkedin linkedin.com in rachelgarcia github github.com brandon54,"['git', 'github']",2
"{""name"":""Mark Schroeder"",""email"":""ashlee00@example.org"",""phone"":""001-510-505-8936x08626"",""location"":{""city"":""Nathanielshire"",""country"":""Christmas Island"",""remote_preference"":""onsite""},""summary"":""Ability bar while give staff. Call really spend soldier thing."",""linkedin"":""linkedin.com\/in\/rwatkins"",""github"":""github.com\/martinrebecca""}",name mark schroeder email ashlee00 example.org phone 001 510 505 8936x08626 location city nathanielshire country christmas island remote preference onsite summary ability bar while give staff. call really spend soldier thing. linkedin linkedin.com in rwatkins github github.com martinrebecca,"['git', 'github']",2
"{""name"":""Amanda Jackson"",""email"":""tina23@example.com"",""phone"":""001-600-672-6650x79680"",""location"":{""city"":""East Kelly"",""country"":""Western Sahara"",""remote_preference"":""remote""},""summary"":""There local think boy not image season. Group voice reflect clear record nice. People material or add within."",""linkedin"":""linkedin.com\/in\/ibrown"",""github"":""github.com\/jarvistyler""}",name amanda jackson email tina23 example.com phone 001 600 672 6650x79680 location city east kelly country western sahara remote preference remote summary there local think boy not image season. group voice reflect clear record nice. people material or add within. linkedin linkedin.com in ibrown github github.com jarvistyler,"['git', 'github']",2
"{""name"":""Natalie Kirk"",""email"":""felicia10@example.com"",""phone"":""(823)365-3071x4068"",""location"":{""city"":""South Megan"",""country"":""Iceland"",""remote_preference"":""onsite""},""summary"":""Baby seat now the. Political position cover participant garden past. What back result Congress community. Grow attention sometimes summer."",""linkedin"":""linkedin.com\/in\/shawnanderson"",""github"":""github.com\/johncarter""}",name natalie kirk email felicia10 example.com phone 823 365 3071x4068 location city south megan country iceland remote preference onsite summary baby seat now the. political position cover participant garden past. what back result congress community. grow attention sometimes summer. linkedin linkedin.com in shawnanderson github github.com johncarter,"['git', 'github']",2
"{""name"":""Edward Bond"",""email"":""lewisjennifer@example.org"",""phone"":""+1-514-208-5459x1095"",""location"":{""city"":""Port Sarah"",""country"":""Oman"",""remote_preference"":""onsite""},""summary"":""South finish Congress message. Owner me east nature. Available after fear ok perhaps mean."",""linkedin"":""linkedin.com\/in\/ramosshannon"",""github"":""github.com\/paulrodriguez""}",name edward bond email lewisjennifer example.org phone +1 514 208 5459x1095 location city port sarah country oman remote preference onsite summary south finish congress message. owner me east nature. available after fear ok perhaps mean. linkedin linkedin.com in ramosshannon github github.com paulrodriguez,"['git', 'github']",2
"{""name"":""Mr. Aaron Carrillo"",""email"":""michaelmorgan@example.net"",""phone"":""330-548-5941x6453"",""location"":{""city"":""New Julie"",""country"":""Nigeria"",""remote_preference"":""remote""},""summary"":""He increase administration defense evidence. Ready offer oil. Meeting herself become audience look. Church effort argue cut."",""linkedin"":""linkedin.com\/in\/jamesgarner"",""github"":""github.com\/barneselizabeth""}",name mr. aaron carrillo email michaelmorgan example.net phone 330 548 5941x6453 location city new julie country nigeria remote preference remote summary he increase administration defense evidence. ready offer oil. meeting herself become audience look. church effort argue cut. linkedin linkedin.com in jamesgarner github github.com barneselizabeth,"['git', 'github']",2
"{""name"":""Oscar Martin"",""email"":""williamnewman@example.com"",""phone"":""782.476.4246x5263"",""location"":{""city"":""Andersonhaven"",""country"":""Eritrea"",""remote_preference"":""hybrid""},""summary"":""Drive often even agree film industry scene. Kid artist international turn about. Can base hard. Young popular play."",""linkedin"":""linkedin.com\/in\/james99"",""github"":""github.com\/erica15""}",name oscar martin email williamnewman example.com phone 782.476.4246x5263 location city andersonhaven country eritrea remote preference hybrid summary drive often even agree film industry scene. kid artist international turn about. can base hard. young popular play. linkedin linkedin.com in james99 github github.com erica15,"['git', 'github']",2
"{""name"":""Juan Burns"",""email"":""jillian66@example.net"",""phone"":""673.545.5857x74533"",""location"":{""city"":""Brianmouth"",""country"":""Serbia"",""remote_preference"":""hybrid""},""summary"":""News around politics operation wrong. Off pay his former although. Debate but view travel use only. Note clear job. Responsibility administration medical perhaps wear this PM."",""linkedin"":""linkedin.com\/in\/alexander80"",""github"":""github.com\/kimberly27""}",name juan burns email jillian66 example.net phone 673.545.5857x74533 location city brianmouth country serbia remote preference hybrid summary news around politics operation wrong. off pay his former although. debate but view travel use only. note clear job. responsibility administration medical perhaps wear this pm. linkedin linkedin.com in alexander80 github github.com kimberly27,"['git', 'github']",2
"{""name"":""Tracy Haas"",""email"":""ricardo88@example.com"",""phone"":""(746)220-2646"",""location"":{""city"":""New Josephshire"",""country"":""Morocco"",""remote_preference"":""onsite""},""summary"":""Investment little your town fire. Ever easy let pressure. Our concern bank this prove. Look whether work. Organization write hit key sing reason every."",""linkedin"":""linkedin.com\/in\/danielle19"",""github"":""github.com\/landerson""}",name tracy haas email ricardo88 example.com phone 746 220 2646 location city new josephshire country morocco remote preference onsite summary investment little your town fire. ever easy let pressure. our concern bank this prove. look whether work. organization write hit key sing reason every. linkedin linkedin.com in danielle19 github github.com landerson,"['git', 'github']",2
"{""name"":""Brent Hopkins"",""email"":""omarwilliams@example.com"",""phone"":""001-935-294-7620x8843"",""location"":{""city"":""East Rachael"",""country"":""Heard Island and McDonald Islands"",""remote_preference"":""hybrid""},""summary"":""Nor lawyer find no affect land anyone. Know vote magazine everything sign. Sure I well billion kid. Feeling safe clearly nearly doctor develop."",""linkedin"":""linkedin.com\/in\/watsonronald"",""github"":""github.com\/jenniferrosario""}",name brent hopkins email omarwilliams example.com phone 001 935 294 7620x8843 location city east rachael country heard island and mcdonald islands remote preference hybrid summary nor lawyer find no affect land anyone. know vote magazine everything sign. sure i well billion kid. feeling safe clearly nearly doctor develop. linkedin linkedin.com in watsonronald github github.com jenniferrosario,"['git', 'github']",2
"{""name"":""April Mata"",""email"":""angela84@example.com"",""phone"":""(648)867-1545"",""location"":{""city"":""Braunland"",""country"":""Lebanon"",""remote_preference"":""onsite""},""summary"":""Civil occur understand forward reason professor reality knowledge. There young rock discussion personal simply. Increase trial bad stay."",""linkedin"":""linkedin.com\/in\/mathew55"",""github"":""github.com\/timothyrichardson""}",name april mata email angela84 example.com phone 648 867 1545 location city braunland country lebanon remote preference onsite summary civil occur understand forward reason professor reality knowledge. there young rock discussion personal simply. increase trial bad stay. linkedin linkedin.com in mathew55 github github.com timothyrichardson,"['git', 'github']",2
"{""name"":""Zachary Harris"",""email"":""scottgoodwin@example.com"",""phone"":""001-994-888-9525x5729"",""location"":{""city"":""Port Anthonyport"",""country"":""Holy See (Vatican City State)"",""remote_preference"":""remote""},""summary"":""Suggest fight usually. Its technology would. Claim prevent benefit edge form may. Particular image daughter with provide ago member."",""linkedin"":""linkedin.com\/in\/david70"",""github"":""github.com\/georgetravis""}",name zachary harris email scottgoodwin example.com phone 001 994 888 9525x5729 location city port anthonyport country holy see vatican city state remote preference remote summary suggest fight usually. its technology would. claim prevent benefit edge form may. particular image daughter with provide ago member. linkedin linkedin.com in david70 github github.com georgetravis,"['git', 'github']",2
"{""name"":""Michael Rogers"",""email"":""rebeccaharris@example.com"",""phone"":""(694)362-1182"",""location"":{""city"":""Nancyfurt"",""country"":""Taiwan"",""remote_preference"":""onsite""},""summary"":""Realize raise follow people. Executive simply to it college impact. Husband hear church together together wide late year. Team carry establish industry."",""linkedin"":""linkedin.com\/in\/kristenmoore"",""github"":""github.com\/umadden""}",name michael rogers email rebeccaharris example.com phone 694 362 1182 location city nancyfurt country taiwan remote preference onsite summary realize raise follow people. executive simply to it college impact. husband hear church together together wide late year. team carry establish industry. linkedin linkedin.com in kristenmoore github github.com umadden,"['git', 'github']",2
"{""name"":""Melissa Blackburn"",""email"":""andreaarnold@example.net"",""phone"":""(872)971-1515x7335"",""location"":{""city"":""Richmondport"",""country"":""Gabon"",""remote_preference"":""onsite""},""summary"":""Service radio majority role. Poor movement late military. Skin type who garden assume training. People suddenly exist coach."",""linkedin"":""linkedin.com\/in\/huertabrenda"",""github"":""github.com\/wday""}",name melissa blackburn email andreaarnold example.net phone 872 971 1515x7335 location city richmondport country gabon remote preference onsite summary service radio majority role. poor movement late military. skin type who garden assume training. people suddenly exist coach. linkedin linkedin.com in huertabrenda github github.com wday,"['git', 'github']",2
"{""name"":""Alexandra Martinez"",""email"":""edurham@example.net"",""phone"":""270-715-4874x69901"",""location"":{""city"":""North Kylemouth"",""country"":""Poland"",""remote_preference"":""onsite""},""summary"":""Culture Congress economic check name. Rather reduce sound decision. Yes scientist middle during. Me class citizen contain."",""linkedin"":""linkedin.com\/in\/ramirezpamela"",""github"":""github.com\/brianna64""}",name alexandra martinez email edurham example.net phone 270 715 4874x69901 location city north kylemouth country poland remote preference onsite summary culture congress economic check name. rather reduce sound decision. yes scientist middle during. me class citizen contain. linkedin linkedin.com in ramirezpamela github github.com brianna64,"['git', 'github']",2
"{""name"":""Elizabeth Diaz"",""email"":""victoria26@example.org"",""phone"":""511.620.2536x5587"",""location"":{""city"":""Lake Lori"",""country"":""Mali"",""remote_preference"":""onsite""},""summary"":""Later part her south authority scene. Man draw before already say federal whose executive. Weight system forward team wait."",""linkedin"":""linkedin.com\/in\/brownjamie"",""github"":""github.com\/phillipsdenise""}",name elizabeth diaz email victoria26 example.org phone 511.620.2536x5587 location city lake lori country mali remote preference onsite summary later part her south authority scene. man draw before already say federal whose executive. weight system forward team wait. linkedin linkedin.com in brownjamie github github.com phillipsdenise,"['git', 'github']",2
"{""name"":""Phillip Anderson"",""email"":""justingarcia@example.net"",""phone"":""001-891-501-9951"",""location"":{""city"":""North Ruthfort"",""country"":""Iran"",""remote_preference"":""hybrid""},""summary"":""Into resource look language. Collection network cold always method meet."",""linkedin"":""linkedin.com\/in\/twhitaker"",""github"":""github.com\/alvincummings""}",name phillip anderson email justingarcia example.net phone 001 891 501 9951 location city north ruthfort country iran remote preference hybrid summary into resource look language. collection network cold always method meet. linkedin linkedin.com in twhitaker github github.com alvincummings,"['git', 'github']",2
"{""name"":""Jason Hicks"",""email"":""robert77@example.org"",""phone"":""591-957-8089x7796"",""location"":{""city"":""Taylortown"",""country"":""Sao Tome and Principe"",""remote_preference"":""remote""},""summary"":""Present kid charge. Left know under. Television face me international top."",""linkedin"":""linkedin.com\/in\/floresheather"",""github"":""github.com\/bfarley""}",name jason hicks email robert77 example.org phone 591 957 8089x7796 location city taylortown country sao tome and principe remote preference remote summary present kid charge. left know under. television face me international top. linkedin linkedin.com in floresheather github github.com bfarley,"['git', 'github']",2
"{""name"":""John Rodriguez"",""email"":""ellen56@example.com"",""phone"":""+1-368-430-7511x11088"",""location"":{""city"":""East Randy"",""country"":""Japan"",""remote_preference"":""remote""},""summary"":""Yard about policy Mrs beautiful test. Spring want reduce wife. Course off tell. Land Mr another forget. Join picture business answer among."",""linkedin"":""linkedin.com\/in\/seanward"",""github"":""github.com\/bmartin""}",name john rodriguez email ellen56 example.com phone +1 368 430 7511x11088 location city east randy country japan remote preference remote summary yard about policy mrs beautiful test. spring want reduce wife. course off tell. land mr another forget. join picture business answer among. linkedin linkedin.com in seanward github github.com bmartin,"['git', 'github']",2
"{""name"":""Diane Bentley"",""email"":""wolfedavid@example.net"",""phone"":""711.489.5598x725"",""location"":{""city"":""Jacobsfort"",""country"":""Micronesia"",""remote_preference"":""onsite""},""summary"":""Ahead level know yet scientist. Mean development assume up health if second sister. Top season baby role drive thus."",""linkedin"":""linkedin.com\/in\/alexander72"",""github"":""github.com\/johnsongregory""}",name diane bentley email wolfedavid example.net phone 711.489.5598x725 location city jacobsfort country micronesia remote preference onsite summary ahead level know yet scientist. mean development assume up health if second sister. top season baby role drive thus. linkedin linkedin.com in alexander72 github github.com johnsongregory,"['git', 'github']",2
"{""name"":""Katherine Fisher"",""email"":""jose20@example.com"",""phone"":""+1-343-482-1791x9508"",""location"":{""city"":""Byrdton"",""country"":""Trinidad and Tobago"",""remote_preference"":""remote""},""summary"":""Cause past glass. Either base glass movie throughout story author guy. Somebody movement easy rest. Report determine business specific home soon. Than develop indicate however."",""linkedin"":""linkedin.com\/in\/hgonzalez"",""github"":""github.com\/wmorales""}",name katherine fisher email jose20 example.com phone +1 343 482 1791x9508 location city byrdton country trinidad and tobago remote preference remote summary cause past glass. either base glass movie throughout story author guy. somebody movement easy rest. report determine business specific home soon. than develop indicate however. linkedin linkedin.com in hgonzalez github github.com wmorales,"['git', 'github']",2
"{""name"":""Johnathan Wright"",""email"":""david25@example.org"",""phone"":""(678)379-0462x30159"",""location"":{""city"":""Tranmouth"",""country"":""Congo"",""remote_preference"":""hybrid""},""summary"":""Season visit month various. Impact simple base tough game. Always risk training task. Choose little growth seat yard. Wait what performance safe."",""linkedin"":""linkedin.com\/in\/amy94"",""github"":""github.com\/thompsondenise""}",name johnathan wright email david25 example.org phone 678 379 0462x30159 location city tranmouth country congo remote preference hybrid summary season visit month various. impact simple base tough game. always risk training task. choose little growth seat yard. wait what performance safe. linkedin linkedin.com in amy94 github github.com thompsondenise,"['git', 'github']",2
"{""name"":""Crystal Briggs"",""email"":""darryl49@example.net"",""phone"":""7055831416"",""location"":{""city"":""Mercertown"",""country"":""Cayman Islands"",""remote_preference"":""hybrid""},""summary"":""Fire grow may conference rich task become. Hotel discover movie process others wife price. Note effort realize must."",""linkedin"":""linkedin.com\/in\/lisacompton"",""github"":""github.com\/derek04""}",name crystal briggs email darryl49 example.net phone 7055831416 location city mercertown country cayman islands remote preference hybrid summary fire grow may conference rich task become. hotel discover movie process others wife price. note effort realize must. linkedin linkedin.com in lisacompton github github.com derek04,"['git', 'github']",2
"{""name"":""Kelsey Farley"",""email"":""james71@example.org"",""phone"":""(680)995-5087"",""location"":{""city"":""Richardmouth"",""country"":""Swaziland"",""remote_preference"":""remote""},""summary"":""Enough color blood. Bag either win when seek real happen. Bar feel part ask."",""linkedin"":""linkedin.com\/in\/fferguson"",""github"":""github.com\/stephaniethompson""}",name kelsey farley email james71 example.org phone 680 995 5087 location city richardmouth country swaziland remote preference remote summary enough color blood. bag either win when seek real happen. bar feel part ask. linkedin linkedin.com in fferguson github github.com stephaniethompson,"['git', 'github']",2
"{""name"":""Rebecca Barnes"",""email"":""dbird@example.net"",""phone"":""001-818-229-3814x4058"",""location"":{""city"":""Stephanieport"",""country"":""Saint Kitts and Nevis"",""remote_preference"":""hybrid""},""summary"":""Share friend now drop woman eye administration. Because teach treat lose upon. Modern most network especially because yes. Memory decade race travel that."",""linkedin"":""linkedin.com\/in\/markkennedy"",""github"":""github.com\/patricianichols""}",name rebecca barnes email dbird example.net phone 001 818 229 3814x4058 location city stephanieport country saint kitts and nevis remote preference hybrid summary share friend now drop woman eye administration. because teach treat lose upon. modern most network especially because yes. memory decade race travel that. linkedin linkedin.com in markkennedy github github.com patricianichols,"['git', 'github']",2
"{""name"":""Allen Newton"",""email"":""rachel61@example.net"",""phone"":""001-592-646-2654x242"",""location"":{""city"":""New Tiffanyshire"",""country"":""Mexico"",""remote_preference"":""remote""},""summary"":""Until travel west group or we able. Use detail this product summer popular clear. Left make structure month movie significant. Tonight billion seek white other."",""linkedin"":""linkedin.com\/in\/livingstonsherri"",""github"":""github.com\/woodardangela""}",name allen newton email rachel61 example.net phone 001 592 646 2654x242 location city new tiffanyshire country mexico remote preference remote summary until travel west group or we able. use detail this product summer popular clear. left make structure month movie significant. tonight billion seek white other. linkedin linkedin.com in livingstonsherri github github.com woodardangela,"['git', 'github']",2
"{""name"":""Jennifer Hall"",""email"":""jgraham@example.net"",""phone"":""(615)931-8234x173"",""location"":{""city"":""North Ryan"",""country"":""Congo"",""remote_preference"":""hybrid""},""summary"":""Sometimes discover fund moment trial. Deal leg gun leg face three. Song lead out form. Affect you these. Ability sing may."",""linkedin"":""linkedin.com\/in\/olloyd"",""github"":""github.com\/collierandrea""}",name jennifer hall email jgraham example.net phone 615 931 8234x173 location city north ryan country congo remote preference hybrid summary sometimes discover fund moment trial. deal leg gun leg face three. song lead out form. affect you these. ability sing may. linkedin linkedin.com in olloyd github github.com collierandrea,"['git', 'github']",2
"{""name"":""Benjamin Mitchell"",""email"":""carla15@example.net"",""phone"":""890-473-8393"",""location"":{""city"":""South Melissaland"",""country"":""British Indian Ocean Territory (Chagos Archipelago)"",""remote_preference"":""remote""},""summary"":""Example real child level economy discussion. Old laugh market oil range. Southern fire next name language upon follow."",""linkedin"":""linkedin.com\/in\/biancacarrillo"",""github"":""github.com\/cherylskinner""}",name benjamin mitchell email carla15 example.net phone 890 473 8393 location city south melissaland country british indian ocean territory chagos archipelago remote preference remote summary example real child level economy discussion. old laugh market oil range. southern fire next name language upon follow. linkedin linkedin.com in biancacarrillo github github.com cherylskinner,"['git', 'github']",2
"{""name"":""Samantha Guerrero"",""email"":""richardbarnes@example.net"",""phone"":""507.447.6512x57571"",""location"":{""city"":""East Megan"",""country"":""Burkina Faso"",""remote_preference"":""remote""},""summary"":""Dark officer cold film practice yeah. Although character of large improve score economy. Indicate human wonder entire beat official. Employee phone growth use indicate real."",""linkedin"":""linkedin.com\/in\/mary54"",""github"":""github.com\/lluna""}",name samantha guerrero email richardbarnes example.net phone 507.447.6512x57571 location city east megan country burkina faso remote preference remote summary dark officer cold film practice yeah. although character of large improve score economy. indicate human wonder entire beat official. employee phone growth use indicate real. linkedin linkedin.com in mary54 github github.com lluna,"['git', 'github']",2
"{""name"":""Sandra Reyes"",""email"":""paul51@example.org"",""phone"":""286.894.5393x007"",""location"":{""city"":""South Robertburgh"",""country"":""Saudi Arabia"",""remote_preference"":""hybrid""},""summary"":""Company generation pick them size then. Perhaps until cold attention. Clearly learn popular."",""linkedin"":""linkedin.com\/in\/billy59"",""github"":""github.com\/lanejoseph""}",name sandra reyes email paul51 example.org phone 286.894.5393x007 location city south robertburgh country saudi arabia remote preference hybrid summary company generation pick them size then. perhaps until cold attention. clearly learn popular. linkedin linkedin.com in billy59 github github.com lanejoseph,"['git', 'github']",2
"{""name"":""Samuel Simmons"",""email"":""paula35@example.com"",""phone"":""+1-843-279-4443x861"",""location"":{""city"":""Harpermouth"",""country"":""Bulgaria"",""remote_preference"":""remote""},""summary"":""Film physical however southern drop within check. News sing mission bank ask. Sea never if indicate."",""linkedin"":""linkedin.com\/in\/kayla47"",""github"":""github.com\/mindywebb""}",name samuel simmons email paula35 example.com phone +1 843 279 4443x861 location city harpermouth country bulgaria remote preference remote summary film physical however southern drop within check. news sing mission bank ask. sea never if indicate. linkedin linkedin.com in kayla47 github github.com mindywebb,"['git', 'github']",2
"{""name"":""Virginia Hammond"",""email"":""paul80@example.net"",""phone"":""954.738.6973"",""location"":{""city"":""West Williammouth"",""country"":""Liberia"",""remote_preference"":""onsite""},""summary"":""Though station marriage of certain both. Themselves system quite research. Cover indeed indeed draw music put represent. Gun different peace wait central former. Light than per clearly."",""linkedin"":""linkedin.com\/in\/sschultz"",""github"":""github.com\/joshua42""}",name virginia hammond email paul80 example.net phone 954.738.6973 location city west williammouth country liberia remote preference onsite summary though station marriage of certain both. themselves system quite research. cover indeed indeed draw music put represent. gun different peace wait central former. light than per clearly. linkedin linkedin.com in sschultz github github.com joshua42,"['git', 'github']",2
"{""name"":""Daniel Livingston"",""email"":""kluna@example.com"",""phone"":""321.373.9012x1604"",""location"":{""city"":""Rodriguezmouth"",""country"":""Somalia"",""remote_preference"":""hybrid""},""summary"":""Table pretty both painting quite economic song. South because community industry."",""linkedin"":""linkedin.com\/in\/emily24"",""github"":""github.com\/mtran""}",name daniel livingston email kluna example.com phone 321.373.9012x1604 location city rodriguezmouth country somalia remote preference hybrid summary table pretty both painting quite economic song. south because community industry. linkedin linkedin.com in emily24 github github.com mtran,"['git', 'github']",2
"{""name"":""Tiffany Thomas"",""email"":""priscilla35@example.net"",""phone"":""873.890.4856"",""location"":{""city"":""Collinsfurt"",""country"":""San Marino"",""remote_preference"":""onsite""},""summary"":""Smile ten report matter. The hit behavior school consumer couple note. Appear me power operation point. Firm nearly any son address develop evening."",""linkedin"":""linkedin.com\/in\/stephanie61"",""github"":""github.com\/bartondonna""}",name tiffany thomas email priscilla35 example.net phone 873.890.4856 location city collinsfurt country san marino remote preference onsite summary smile ten report matter. the hit behavior school consumer couple note. appear me power operation point. firm nearly any son address develop evening. linkedin linkedin.com in stephanie61 github github.com bartondonna,"['git', 'github']",2
"{""name"":""Jessica Wilson"",""email"":""rothcynthia@example.com"",""phone"":""+1-405-497-7429x79689"",""location"":{""city"":""Antonioland"",""country"":""Myanmar"",""remote_preference"":""onsite""},""summary"":""Black people manage some entire. Need improve southern. Help defense different Mrs."",""linkedin"":""linkedin.com\/in\/fhowell"",""github"":""github.com\/arivas""}",name jessica wilson email rothcynthia example.com phone +1 405 497 7429x79689 location city antonioland country myanmar remote preference onsite summary black people manage some entire. need improve southern. help defense different mrs. linkedin linkedin.com in fhowell github github.com arivas,"['git', 'github']",2
"{""name"":""Aaron Erickson"",""email"":""danielmyers@example.net"",""phone"":""(901)431-2962x6880"",""location"":{""city"":""North Matthew"",""country"":""North Macedonia"",""remote_preference"":""hybrid""},""summary"":""Ever now picture couple. Democrat bill factor news. Music reason financial."",""linkedin"":""linkedin.com\/in\/smalljoseph"",""github"":""github.com\/annawilliams""}",name aaron erickson email danielmyers example.net phone 901 431 2962x6880 location city north matthew country north macedonia remote preference hybrid summary ever now picture couple. democrat bill factor news. music reason financial. linkedin linkedin.com in smalljoseph github github.com annawilliams,"['git', 'github']",2
"{""name"":""James Peters"",""email"":""aaron72@example.net"",""phone"":""001-795-326-0083x954"",""location"":{""city"":""Stephaniefurt"",""country"":""Vanuatu"",""remote_preference"":""remote""},""summary"":""Side appear support grow fire difficult. Baby successful manage easy Congress instead agency region."",""linkedin"":""linkedin.com\/in\/evanssteven"",""github"":""github.com\/helensimmons""}",name james peters email aaron72 example.net phone 001 795 326 0083x954 location city stephaniefurt country vanuatu remote preference remote summary side appear support grow fire difficult. baby successful manage easy congress instead agency region. linkedin linkedin.com in evanssteven github github.com helensimmons,"['git', 'github']",2
"{""name"":""Hannah Cole"",""email"":""dunnsteven@example.net"",""phone"":""(358)492-9464x193"",""location"":{""city"":""East Amyborough"",""country"":""Belize"",""remote_preference"":""onsite""},""summary"":""Law me family up nation value throughout. Such room know quite. Few exist anyone pick. Whose until such road hope never girl."",""linkedin"":""linkedin.com\/in\/karenbailey"",""github"":""github.com\/nsantiago""}",name hannah cole email dunnsteven example.net phone 358 492 9464x193 location city east amyborough country belize remote preference onsite summary law me family up nation value throughout. such room know quite. few exist anyone pick. whose until such road hope never girl. linkedin linkedin.com in karenbailey github github.com nsantiago,"['git', 'github']",2
"{""name"":""Susan Montgomery"",""email"":""sarah31@example.net"",""phone"":""884.982.0512x60562"",""location"":{""city"":""Lake Pamelaberg"",""country"":""Christmas Island"",""remote_preference"":""onsite""},""summary"":""Somebody amount whose yourself physical. Especially number base nation. Difference road doctor particular public huge."",""linkedin"":""linkedin.com\/in\/cynthiaschmidt"",""github"":""github.com\/mcclainrebecca""}",name susan montgomery email sarah31 example.net phone 884.982.0512x60562 location city lake pamelaberg country christmas island remote preference onsite summary somebody amount whose yourself physical. especially number base nation. difference road doctor particular public huge. linkedin linkedin.com in cynthiaschmidt github github.com mcclainrebecca,"['git', 'github']",2
"{""name"":""Laura Reeves"",""email"":""ashleytorres@example.com"",""phone"":""001-298-491-3254"",""location"":{""city"":""South Sonia"",""country"":""New Caledonia"",""remote_preference"":""hybrid""},""summary"":""Raise ok statement respond artist. Beautiful type write eight long common tough. Street many the movie page keep. Toward task protect throw television. Organization eat now stage face."",""linkedin"":""linkedin.com\/in\/rrojas"",""github"":""github.com\/tiffany01""}",name laura reeves email ashleytorres example.com phone 001 298 491 3254 location city south sonia country new caledonia remote preference hybrid summary raise ok statement respond artist. beautiful type write eight long common tough. street many the movie page keep. toward task protect throw television. organization eat now stage face. linkedin linkedin.com in rrojas github github.com tiffany01,"['git', 'github']",2
"{""name"":""George Bowman"",""email"":""heathermiller@example.org"",""phone"":""001-687-277-8571"",""location"":{""city"":""West Nicholasburgh"",""country"":""Cameroon"",""remote_preference"":""onsite""},""summary"":""Interview boy themselves sense enter box. Local may type religious. Miss pass forward assume. Any on part voice idea cell best whole."",""linkedin"":""linkedin.com\/in\/pdickerson"",""github"":""github.com\/kingjoseph""}",name george bowman email heathermiller example.org phone 001 687 277 8571 location city west nicholasburgh country cameroon remote preference onsite summary interview boy themselves sense enter box. local may type religious. miss pass forward assume. any on part voice idea cell best whole. linkedin linkedin.com in pdickerson github github.com kingjoseph,"['git', 'github']",2
"{""name"":""Laura Hall"",""email"":""amy86@example.com"",""phone"":""(303)219-2826x7116"",""location"":{""city"":""North Samuel"",""country"":""Rwanda"",""remote_preference"":""onsite""},""summary"":""Ready group long lead some really. Green begin brother same others fact agreement."",""linkedin"":""linkedin.com\/in\/kpeterson"",""github"":""github.com\/mjones""}",name laura hall email amy86 example.com phone 303 219 2826x7116 location city north samuel country rwanda remote preference onsite summary ready group long lead some really. green begin brother same others fact agreement. linkedin linkedin.com in kpeterson github github.com mjones,"['git', 'github']",2
"{""name"":""Roy Hayden MD"",""email"":""gthomas@example.org"",""phone"":""877-252-5551x3830"",""location"":{""city"":""West Cindy"",""country"":""Bahrain"",""remote_preference"":""onsite""},""summary"":""Sport recent general appear much. Whose high past citizen. Between time executive bank include whole."",""linkedin"":""linkedin.com\/in\/hessjoyce"",""github"":""github.com\/wellscharlotte""}",name roy hayden md email gthomas example.org phone 877 252 5551x3830 location city west cindy country bahrain remote preference onsite summary sport recent general appear much. whose high past citizen. between time executive bank include whole. linkedin linkedin.com in hessjoyce github github.com wellscharlotte,"['git', 'github']",2
"{""name"":""Deborah Tyler"",""email"":""ywiley@example.net"",""phone"":""8229456536"",""location"":{""city"":""New Rebekah"",""country"":""Christmas Island"",""remote_preference"":""onsite""},""summary"":""Ground look establish approach up something eye. General huge recent forward garden watch. Own describe staff coach level during author. Less order floor summer say."",""linkedin"":""linkedin.com\/in\/piercebrittney"",""github"":""github.com\/taylorjames""}",name deborah tyler email ywiley example.net phone 8229456536 location city new rebekah country christmas island remote preference onsite summary ground look establish approach up something eye. general huge recent forward garden watch. own describe staff coach level during author. less order floor summer say. linkedin linkedin.com in piercebrittney github github.com taylorjames,"['git', 'github']",2
"{""name"":""Elizabeth Garcia"",""email"":""nielsenroy@example.org"",""phone"":""(240)201-9343x4829"",""location"":{""city"":""Lopezhaven"",""country"":""Palestinian Territory"",""remote_preference"":""onsite""},""summary"":""Attorney energy development dark sense not coach. Medical question marriage rate. Possible if ask have list test itself wear. Suggest room sound TV cut gas so least."",""linkedin"":""linkedin.com\/in\/pwhite"",""github"":""github.com\/schultzcassandra""}",name elizabeth garcia email nielsenroy example.org phone 240 201 9343x4829 location city lopezhaven country palestinian territory remote preference onsite summary attorney energy development dark sense not coach. medical question marriage rate. possible if ask have list test itself wear. suggest room sound tv cut gas so least. linkedin linkedin.com in pwhite github github.com schultzcassandra,"['git', 'github']",2
"{""name"":""Tommy Garcia Jr."",""email"":""brianodonnell@example.com"",""phone"":""319.222.3876x02120"",""location"":{""city"":""South James"",""country"":""United States of America"",""remote_preference"":""onsite""},""summary"":""Special state strong couple. Agree low once father financial theory development."",""linkedin"":""linkedin.com\/in\/mjohnson"",""github"":""github.com\/michaeldunn""}",name tommy garcia jr. email brianodonnell example.com phone 319.222.3876x02120 location city south james country united states of america remote preference onsite summary special state strong couple. agree low once father financial theory development. linkedin linkedin.com in mjohnson github github.com michaeldunn,"['git', 'github']",2
"{""name"":""Jenny Fisher"",""email"":""xgutierrez@example.org"",""phone"":""(217)258-9516x1908"",""location"":{""city"":""Maryton"",""country"":""Antarctica (the territory South of 60 deg S)"",""remote_preference"":""hybrid""},""summary"":""Body development scene strong series threat. Another total car nice. Talk left let picture describe evening risk painting."",""linkedin"":""linkedin.com\/in\/laurie46"",""github"":""github.com\/garciatodd""}",name jenny fisher email xgutierrez example.org phone 217 258 9516x1908 location city maryton country antarctica the territory south of 60 deg s remote preference hybrid summary body development scene strong series threat. another total car nice. talk left let picture describe evening risk painting. linkedin linkedin.com in laurie46 github github.com garciatodd,"['git', 'github']",2
"{""name"":""Dr. Adrienne Brown"",""email"":""lcook@example.net"",""phone"":""+1-518-617-7011x9268"",""location"":{""city"":""Garrettmouth"",""country"":""Guinea-Bissau"",""remote_preference"":""onsite""},""summary"":""Pick there recent. Change government recently he really resource. Radio theory laugh change tonight live tree. Together blue crime drop. Maintain treatment camera she always security building dark."",""linkedin"":""linkedin.com\/in\/cody99"",""github"":""github.com\/stephen07""}",name dr. adrienne brown email lcook example.net phone +1 518 617 7011x9268 location city garrettmouth country guinea bissau remote preference onsite summary pick there recent. change government recently he really resource. radio theory laugh change tonight live tree. together blue crime drop. maintain treatment camera she always security building dark. linkedin linkedin.com in cody99 github github.com stephen07,"['git', 'github']",2
"{""name"":""Elizabeth Roberts"",""email"":""forr@example.org"",""phone"":""(261)790-9420"",""location"":{""city"":""New Kyle"",""country"":""Czech Republic"",""remote_preference"":""remote""},""summary"":""Herself quality figure throw. Control floor thousand move over past. Field effort bag care mission. Arrive speak community onto."",""linkedin"":""linkedin.com\/in\/brianhood"",""github"":""github.com\/theresa31""}",name elizabeth roberts email forr example.org phone 261 790 9420 location city new kyle country czech republic remote preference remote summary herself quality figure throw. control floor thousand move over past. field effort bag care mission. arrive speak community onto. linkedin linkedin.com in brianhood github github.com theresa31,"['git', 'github']",2
"{""name"":""Cody Taylor"",""email"":""klawrence@example.com"",""phone"":""624.434.3502x7240"",""location"":{""city"":""Taylorview"",""country"":""Mozambique"",""remote_preference"":""onsite""},""summary"":""Situation customer country must. Defense these hit buy day involve. Despite give miss reach."",""linkedin"":""linkedin.com\/in\/carrillokyle"",""github"":""github.com\/chavezmichelle""}",name cody taylor email klawrence example.com phone 624.434.3502x7240 location city taylorview country mozambique remote preference onsite summary situation customer country must. defense these hit buy day involve. despite give miss reach. linkedin linkedin.com in carrillokyle github github.com chavezmichelle,"['git', 'github']",2
"{""name"":""Brittany Patrick"",""email"":""msmith@example.com"",""phone"":""737.946.2540"",""location"":{""city"":""South Matthew"",""country"":""Honduras"",""remote_preference"":""remote""},""summary"":""Person according arm particular information set town. Create bill kid market. May majority reason. Enough soon brother data sister positive certainly."",""linkedin"":""linkedin.com\/in\/david98"",""github"":""github.com\/perkinsjoseph""}",name brittany patrick email msmith example.com phone 737.946.2540 location city south matthew country honduras remote preference remote summary person according arm particular information set town. create bill kid market. may majority reason. enough soon brother data sister positive certainly. linkedin linkedin.com in david98 github github.com perkinsjoseph,"['git', 'github']",2
"{""name"":""Jaclyn Wilson"",""email"":""kevincosta@example.org"",""phone"":""831.329.2132x02794"",""location"":{""city"":""West Stephenport"",""country"":""South Africa"",""remote_preference"":""onsite""},""summary"":""Draw nice attack avoid program. Real participant either feel page. Sea visit deep thousand anything bank born song. Because affect learn forget."",""linkedin"":""linkedin.com\/in\/rhonda77"",""github"":""github.com\/ogould""}",name jaclyn wilson email kevincosta example.org phone 831.329.2132x02794 location city west stephenport country south africa remote preference onsite summary draw nice attack avoid program. real participant either feel page. sea visit deep thousand anything bank born song. because affect learn forget. linkedin linkedin.com in rhonda77 github github.com ogould,"['git', 'github']",2
"{""name"":""Jermaine Hernandez"",""email"":""nhenderson@example.net"",""phone"":""+1-562-644-1510x5392"",""location"":{""city"":""Heathertown"",""country"":""Sierra Leone"",""remote_preference"":""remote""},""summary"":""Hear without particular standard. Morning want author out. Site house or behind."",""linkedin"":""linkedin.com\/in\/wallacematthew"",""github"":""github.com\/whall""}",name jermaine hernandez email nhenderson example.net phone +1 562 644 1510x5392 location city heathertown country sierra leone remote preference remote summary hear without particular standard. morning want author out. site house or behind. linkedin linkedin.com in wallacematthew github github.com whall,"['git', 'github']",2
"{""name"":""Brian Campbell"",""email"":""greenelinda@example.net"",""phone"":""001-967-754-8514x6261"",""location"":{""city"":""Lake Christopherland"",""country"":""United States Virgin Islands"",""remote_preference"":""onsite""},""summary"":""Good attack skin. Professional argue certain from on accept director. Score up continue."",""linkedin"":""linkedin.com\/in\/dianafox"",""github"":""github.com\/lisa51""}",name brian campbell email greenelinda example.net phone 001 967 754 8514x6261 location city lake christopherland country united states virgin islands remote preference onsite summary good attack skin. professional argue certain from on accept director. score up continue. linkedin linkedin.com in dianafox github github.com lisa51,"['git', 'github']",2
"{""name"":""Amy Lee"",""email"":""wdavis@example.com"",""phone"":""403-498-8571x481"",""location"":{""city"":""Kennethmouth"",""country"":""Dominica"",""remote_preference"":""hybrid""},""summary"":""Conference realize prepare too police reach. Measure piece wide behavior exist list along. Ask appear individual assume sit upon build."",""linkedin"":""linkedin.com\/in\/wrightmelissa"",""github"":""github.com\/kevinperry""}",name amy lee email wdavis example.com phone 403 498 8571x481 location city kennethmouth country dominica remote preference hybrid summary conference realize prepare too police reach. measure piece wide behavior exist list along. ask appear individual assume sit upon build. linkedin linkedin.com in wrightmelissa github github.com kevinperry,"['git', 'github']",2
"{""name"":""April Stewart"",""email"":""fewing@example.net"",""phone"":""699-457-0372"",""location"":{""city"":""Morrisfurt"",""country"":""Western Sahara"",""remote_preference"":""remote""},""summary"":""Results-driven DevOps Engineer with proven expertise in cloud infrastructure, automation, and continuous integration. Skilled in AWS, Docker, and Kubernetes."",""linkedin"":""linkedin.com\/in\/michellegreene"",""github"":""github.com\/hallcourtney""}",name april stewart email fewing example.net phone 699 457 0372 location city morrisfurt country western sahara remote preference remote summary results driven devops engineer with proven expertise in cloud infrastructure automation and continuous integration. skilled in aws docker and kubernetes. linkedin linkedin.com in michellegreene github github.com hallcourtney,"['git', 'github', 'docker']",3
"{""name"":""Ashley Chung"",""email"":""shannon56@example.com"",""phone"":""001-982-654-2636x2075"",""location"":{""city"":""North Kristenhaven"",""country"":""Saint Pierre and Miquelon"",""remote_preference"":""onsite""},""summary"":""Results-driven DevOps Engineer with proven expertise in cloud infrastructure, automation, and continuous integration. Skilled in AWS, Docker, and Kubernetes."",""linkedin"":""linkedin.com\/in\/devin31"",""github"":""github.com\/jasonrobertson""}",name ashley chung email shannon56 example.com phone 001 982 654 2636x2075 location city north kristenhaven country saint pierre and miquelon remote preference onsite summary results driven devops engineer with proven expertise in cloud infrastructure automation and continuous integration. skilled in aws docker and kubernetes. linkedin linkedin.com in devin31 github github.com jasonrobertson,"['git', 'github', 'docker']",3
"{""name"":""Alison Christensen"",""email"":""qspears@example.com"",""phone"":""276-611-7489x4866"",""location"":{""city"":""Port Susan"",""country"":""Maldives"",""remote_preference"":""hybrid""},""summary"":""Results-driven DevOps Engineer with proven expertise in cloud infrastructure, automation, and continuous integration. Skilled in AWS, Docker, and Kubernetes."",""linkedin"":""linkedin.com\/in\/brandonpowell"",""github"":""github.com\/sierra06""}",name alison christensen email qspears example.com phone 276 611 7489x4866 location city port susan country maldives remote preference hybrid summary results driven devops engineer with proven expertise in cloud infrastructure automation and continuous integration. skilled in aws docker and kubernetes. linkedin linkedin.com in brandonpowell github github.com sierra06,"['git', 'github', 'docker']",3
"{""name"":""William Moore"",""email"":""uruiz@example.net"",""phone"":""644.727.2647"",""location"":{""city"":""East Robert"",""country"":""Sierra Leone"",""remote_preference"":""hybrid""},""summary"":""Results-driven DevOps Engineer with proven expertise in cloud infrastructure, automation, and continuous integration. Skilled in AWS, Docker, and Kubernetes."",""linkedin"":""linkedin.com\/in\/debbie01"",""github"":""github.com\/robert95""}",name william moore email uruiz example.net phone 644.727.2647 location city east robert country sierra leone remote preference hybrid summary results driven devops engineer with proven expertise in cloud infrastructure automation and continuous integration. skilled in aws docker and kubernetes. linkedin linkedin.com in debbie01 github github.com robert95,"['git', 'github', 'docker']",3
"{""name"":""Joshua Alvarado"",""email"":""lawrencephillips@example.com"",""phone"":""7418071318"",""location"":{""city"":""Port Rileyfurt"",""country"":""Cote d'Ivoire"",""remote_preference"":""hybrid""},""summary"":""Results-driven DevOps Engineer with proven expertise in cloud infrastructure, automation, and continuous integration. Skilled in AWS, Docker, and Kubernetes."",""linkedin"":""linkedin.com\/in\/joseph91"",""github"":""github.com\/joshuastephens""}",name joshua alvarado email lawrencephillips example.com phone 7418071318 location city port rileyfurt country cote d ivoire remote preference hybrid summary results driven devops engineer with proven expertise in cloud infrastructure automation and continuous integration. skilled in aws docker and kubernetes. linkedin linkedin.com in joseph91 github github.com joshuastephens,"['git', 'github', 'docker']",3
"{""name"":""Chad Martinez"",""email"":""johnsondonna@example.com"",""phone"":""001-279-602-0987"",""location"":{""city"":""Lake Andrew"",""country"":""Mali"",""remote_preference"":""hybrid""},""summary"":""Results-driven DevOps Engineer with proven expertise in cloud infrastructure, automation, and continuous integration. Skilled in AWS, Docker, and Kubernetes."",""linkedin"":""linkedin.com\/in\/richardschwartz"",""github"":""github.com\/ffigueroa""}",name chad martinez email johnsondonna example.com phone 001 279 602 0987 location city lake andrew country mali remote preference hybrid summary results driven devops engineer with proven expertise in cloud infrastructure automation and continuous integration. skilled in aws docker and kubernetes. linkedin linkedin.com in richardschwartz github github.com ffigueroa,"['git', 'github', 'docker']",3
"{""name"":""Anthony Reed"",""email"":""brittneybender@example.net"",""phone"":""+1-883-485-8997"",""location"":{""city"":""Bakerborough"",""country"":""Antarctica (the territory South of 60 deg S)"",""remote_preference"":""hybrid""},""summary"":""Results-driven DevOps Engineer with proven expertise in cloud infrastructure, automation, and continuous integration. Skilled in AWS, Docker, and Kubernetes."",""linkedin"":""linkedin.com\/in\/kaitlyn77"",""github"":""github.com\/robert19""}",name anthony reed email brittneybender example.net phone +1 883 485 8997 location city bakerborough country antarctica the territory south of 60 deg s remote preference hybrid summary results driven devops engineer with proven expertise in cloud infrastructure automation and continuous integration. skilled in aws docker and kubernetes. linkedin linkedin.com in kaitlyn77 github github.com robert19,"['git', 'github', 'docker']",3
"{""name"":""Erin Walker"",""email"":""christina71@example.com"",""phone"":""001-873-406-1346x086"",""location"":{""city"":""East Ashleyland"",""country"":""Botswana"",""remote_preference"":""remote""},""summary"":""Results-driven DevOps Engineer with proven expertise in cloud infrastructure, automation, and continuous integration. Skilled in AWS, Docker, and Kubernetes."",""linkedin"":""linkedin.com\/in\/gonzalezadam"",""github"":""github.com\/thomas55""}",name erin walker email christina71 example.com phone 001 873 406 1346x086 location city east ashleyland country botswana remote preference remote summary results driven devops engineer with proven expertise in cloud infrastructure automation and continuous integration. skilled in aws docker and kubernetes. linkedin linkedin.com in gonzalezadam github github.com thomas55,"['git', 'github', 'docker']",3
"{""name"":""Tina Mitchell"",""email"":""wrightlinda@example.org"",""phone"":""(303)749-1524x47797"",""location"":{""city"":""Barbaraview"",""country"":""Poland"",""remote_preference"":""hybrid""},""summary"":""Results-driven DevOps Engineer with proven expertise in cloud infrastructure, automation, and continuous integration. Skilled in AWS, Docker, and Kubernetes."",""linkedin"":""linkedin.com\/in\/jdyer"",""github"":""github.com\/patricia87""}",name tina mitchell email wrightlinda example.org phone 303 749 1524x47797 location city barbaraview country poland remote preference hybrid summary results driven devops engineer with proven expertise in cloud infrastructure automation and continuous integration. skilled in aws docker and kubernetes. linkedin linkedin.com in jdyer github github.com patricia87,"['git', 'github', 'docker']",3
"{""name"":""Dr. Heather Anderson"",""email"":""austin28@example.com"",""phone"":""001-614-203-3648x0685"",""location"":{""city"":""South Katherine"",""country"":""Bermuda"",""remote_preference"":""hybrid""},""summary"":""Results-driven DevOps Engineer with proven expertise in cloud infrastructure, automation, and continuous integration. Skilled in AWS, Docker, and Kubernetes."",""linkedin"":""linkedin.com\/in\/rlambert"",""github"":""github.com\/danielfischer""}",name dr. heather anderson email austin28 example.com phone 001 614 203 3648x0685 location city south katherine country bermuda remote preference hybrid summary results driven devops engineer with proven expertise in cloud infrastructure automation and continuous integration. skilled in aws docker and kubernetes. linkedin linkedin.com in rlambert github github.com danielfischer,"['git', 'github', 'docker']",3
"{""name"":""Alicia Gonzalez"",""email"":""singhelizabeth@example.org"",""phone"":""(811)685-1873x7092"",""location"":{""city"":""South Alisonmouth"",""country"":""Marshall Islands"",""remote_preference"":""hybrid""},""summary"":""Results-driven DevOps Engineer with proven expertise in cloud infrastructure, automation, and continuous integration. Skilled in AWS, Docker, and Kubernetes."",""linkedin"":""linkedin.com\/in\/shannon09"",""github"":""github.com\/knightscott""}",name alicia gonzalez email singhelizabeth example.org phone 811 685 1873x7092 location city south alisonmouth country marshall islands remote preference hybrid summary results driven devops engineer with proven expertise in cloud infrastructure automation and continuous integration. skilled in aws docker and kubernetes. linkedin linkedin.com in shannon09 github github.com knightscott,"['git', 'github', 'docker']",3
"{""name"":""Mr. Michael Sanchez MD"",""email"":""duncankatelyn@example.org"",""phone"":""001-407-902-3263x07379"",""location"":{""city"":""Brownberg"",""country"":""Tonga"",""remote_preference"":""onsite""},""summary"":""Results-driven DevOps Engineer with proven expertise in cloud infrastructure, automation, and continuous integration. Skilled in AWS, Docker, and Kubernetes."",""linkedin"":""linkedin.com\/in\/hubbardlisa"",""github"":""github.com\/hpowell""}",name mr. michael sanchez md email duncankatelyn example.org phone 001 407 902 3263x07379 location city brownberg country tonga remote preference onsite summary results driven devops engineer with proven expertise in cloud infrastructure automation and continuous integration. skilled in aws docker and kubernetes. linkedin linkedin.com in hubbardlisa github github.com hpowell,"['git', 'github', 'docker']",3
"{""name"":""William White"",""email"":""othompson@example.com"",""phone"":""+1-499-968-7216x3228"",""location"":{""city"":""Sandrahaven"",""country"":""American Samoa"",""remote_preference"":""remote""},""summary"":""Results-driven DevOps Engineer with proven expertise in cloud infrastructure, automation, and continuous integration. Skilled in AWS, Docker, and Kubernetes."",""linkedin"":""linkedin.com\/in\/nwalker"",""github"":""github.com\/browndawn""}",name william white email othompson example.com phone +1 499 968 7216x3228 location city sandrahaven country american samoa remote preference remote summary results driven devops engineer with proven expertise in cloud infrastructure automation and continuous integration. skilled in aws docker and kubernetes. linkedin linkedin.com in nwalker github github.com browndawn,"['git', 'github', 'docker']",3
"{""name"":""Shannon Wilson"",""email"":""umullen@example.net"",""phone"":""001-255-228-6482"",""location"":{""city"":""South Roger"",""country"":""Bulgaria"",""remote_preference"":""hybrid""},""summary"":""Results-driven DevOps Engineer with proven expertise in cloud infrastructure, automation, and continuous integration. Skilled in AWS, Docker, and Kubernetes."",""linkedin"":""linkedin.com\/in\/williammartinez"",""github"":""github.com\/henrypamela""}",name shannon wilson email umullen example.net phone 001 255 228 6482 location city south roger country bulgaria remote preference hybrid summary results driven devops engineer with proven expertise in cloud infrastructure automation and continuous integration. skilled in aws docker and kubernetes. linkedin linkedin.com in williammartinez github github.com henrypamela,"['git', 'github', 'docker']",3
"{""name"":""Pamela Hall"",""email"":""murillokristen@example.org"",""phone"":""(513)485-5358"",""location"":{""city"":""South Heather"",""country"":""Turkmenistan"",""remote_preference"":""onsite""},""summary"":""Results-driven DevOps Engineer with proven expertise in cloud infrastructure, automation, and continuous integration. Skilled in AWS, Docker, and Kubernetes."",""linkedin"":""linkedin.com\/in\/maria60"",""github"":""github.com\/conradjohn""}",name pamela hall email murillokristen example.org phone 513 485 5358 location city south heather country turkmenistan remote preference onsite summary results driven devops engineer with proven expertise in cloud infrastructure automation and continuous integration. skilled in aws docker and kubernetes. linkedin linkedin.com in maria60 github github.com conradjohn,"['git', 'github', 'docker']",3
"{""name"":""Krystal Lee"",""email"":""skramer@example.org"",""phone"":""6762389226"",""location"":{""city"":""Port Brian"",""country"":""Libyan Arab Jamahiriya"",""remote_preference"":""hybrid""},""summary"":""Results-driven DevOps Engineer with proven expertise in cloud infrastructure, automation, and continuous integration. Skilled in AWS, Docker, and Kubernetes."",""linkedin"":""linkedin.com\/in\/lisa56"",""github"":""github.com\/mjones""}",name krystal lee email skramer example.org phone 6762389226 location city port brian country libyan arab jamahiriya remote preference hybrid summary results driven devops engineer with proven expertise in cloud infrastructure automation and continuous integration. skilled in aws docker and kubernetes. linkedin linkedin.com in lisa56 github github.com mjones,"['git', 'github', 'docker']",3
"{""name"":""Thomas Stanley"",""email"":""lisacarrillo@example.net"",""phone"":""939-380-9111"",""location"":{""city"":""Crawfordville"",""country"":""Tanzania"",""remote_preference"":""onsite""},""summary"":""Results-driven DevOps Engineer with proven expertise in cloud infrastructure, automation, and continuous integration. Skilled in AWS, Docker, and Kubernetes."",""linkedin"":""linkedin.com\/in\/jason12"",""github"":""github.com\/parkrobert""}",name thomas stanley email lisacarrillo example.net phone 939 380 9111 location city crawfordville country tanzania remote preference onsite summary results driven devops engineer with proven expertise in cloud infrastructure automation and continuous integration. skilled in aws docker and kubernetes. linkedin linkedin.com in jason12 github github.com parkrobert,"['git', 'github', 'docker']",3
"{""name"":""Austin Turner"",""email"":""christinahampton@example.com"",""phone"":""(589)586-0286x296"",""location"":{""city"":""New Robert"",""country"":""Spain"",""remote_preference"":""hybrid""},""summary"":""Results-driven DevOps Engineer with proven expertise in cloud infrastructure, automation, and continuous integration. Skilled in AWS, Docker, and Kubernetes."",""linkedin"":""linkedin.com\/in\/wheelerlaurie"",""github"":""github.com\/murraydanielle""}",name austin turner email christinahampton example.com phone 589 586 0286x296 location city new robert country spain remote preference hybrid summary results driven devops engineer with proven expertise in cloud infrastructure automation and continuous integration. skilled in aws docker and kubernetes. linkedin linkedin.com in wheelerlaurie github github.com murraydanielle,"['git', 'github', 'docker']",3
"{""name"":""Steven Clements"",""email"":""nbryan@example.com"",""phone"":""326-514-9849"",""location"":{""city"":""East Jasonside"",""country"":""Canada"",""remote_preference"":""onsite""},""summary"":""Results-driven DevOps Engineer with proven expertise in cloud infrastructure, automation, and continuous integration. Skilled in AWS, Docker, and Kubernetes."",""linkedin"":""linkedin.com\/in\/mholland"",""github"":""github.com\/erincook""}",name steven clements email nbryan example.com phone 326 514 9849 location city east jasonside country canada remote preference onsite summary results driven devops engineer with proven expertise in cloud infrastructure automation and continuous integration. skilled in aws docker and kubernetes. linkedin linkedin.com in mholland github github.com erincook,"['git', 'github', 'docker']",3
"{""name"":""Heather Petersen DDS"",""email"":""diazadrienne@example.com"",""phone"":""339-328-8426"",""location"":{""city"":""Davidmouth"",""country"":""Zimbabwe"",""remote_preference"":""remote""},""summary"":""Results-driven DevOps Engineer with proven expertise in cloud infrastructure, automation, and continuous integration. Skilled in AWS, Docker, and Kubernetes."",""linkedin"":""linkedin.com\/in\/thomas24"",""github"":""github.com\/kyle80""}",name heather petersen dds email diazadrienne example.com phone 339 328 8426 location city davidmouth country zimbabwe remote preference remote summary results driven devops engineer with proven expertise in cloud infrastructure automation and continuous integration. skilled in aws docker and kubernetes. linkedin linkedin.com in thomas24 github github.com kyle80,"['git', 'github', 'docker']",3
"{""name"":""Cynthia Hughes"",""email"":""kevinfrazier@example.com"",""phone"":""389.923.3433x219"",""location"":{""city"":""Hawkinsborough"",""country"":""Saint Vincent and the Grenadines"",""remote_preference"":""hybrid""},""summary"":""Results-driven DevOps Engineer with proven expertise in cloud infrastructure, automation, and continuous integration. Skilled in AWS, Docker, and Kubernetes."",""linkedin"":""linkedin.com\/in\/jenniferpayne"",""github"":""github.com\/stephen88""}",name cynthia hughes email kevinfrazier example.com phone 389.923.3433x219 location city hawkinsborough country saint vincent and the grenadines remote preference hybrid summary results driven devops engineer with proven expertise in cloud infrastructure automation and continuous integration. skilled in aws docker and kubernetes. linkedin linkedin.com in jenniferpayne github github.com stephen88,"['git', 'github', 'docker']",3
"{""name"":""Kelly Miller"",""email"":""patriciaking@example.com"",""phone"":""445-948-2739x089"",""location"":{""city"":""South Kenneth"",""country"":""Anguilla"",""remote_preference"":""onsite""},""summary"":""Results-driven DevOps Engineer with proven expertise in cloud infrastructure, automation, and continuous integration. Skilled in AWS, Docker, and Kubernetes."",""linkedin"":""linkedin.com\/in\/jonathan64"",""github"":""github.com\/hectorford""}",name kelly miller email patriciaking example.com phone 445 948 2739x089 location city south kenneth country anguilla remote preference onsite summary results driven devops engineer with proven expertise in cloud infrastructure automation and continuous integration. skilled in aws docker and kubernetes. linkedin linkedin.com in jonathan64 github github.com hectorford,"['git', 'github', 'docker']",3
"{""name"":""Ashley Singleton"",""email"":""wsims@example.net"",""phone"":""+1-621-378-2953x6893"",""location"":{""city"":""Sharonchester"",""country"":""Armenia"",""remote_preference"":""hybrid""},""summary"":""Results-driven DevOps Engineer with proven expertise in cloud infrastructure, automation, and continuous integration. Skilled in AWS, Docker, and Kubernetes."",""linkedin"":""linkedin.com\/in\/smithcalvin"",""github"":""github.com\/stephengarza""}",name ashley singleton email wsims example.net phone +1 621 378 2953x6893 location city sharonchester country armenia remote preference hybrid summary results driven devops engineer with proven expertise in cloud infrastructure automation and continuous integration. skilled in aws docker and kubernetes. linkedin linkedin.com in smithcalvin github github.com stephengarza,"['git', 'github', 'docker']",3
"{""name"":""Joy Cortez PhD"",""email"":""rmorris@example.org"",""phone"":""(825)791-5321"",""location"":{""city"":""Port Jeffery"",""country"":""Estonia"",""remote_preference"":""hybrid""},""summary"":""Results-driven DevOps Engineer with proven expertise in cloud infrastructure, automation, and continuous integration. Skilled in AWS, Docker, and Kubernetes."",""linkedin"":""linkedin.com\/in\/ericbarrett"",""github"":""github.com\/csantos""}",name joy cortez phd email rmorris example.org phone 825 791 5321 location city port jeffery country estonia remote preference hybrid summary results driven devops engineer with proven expertise in cloud infrastructure automation and continuous integration. skilled in aws docker and kubernetes. linkedin linkedin.com in ericbarrett github github.com csantos,"['git', 'github', 'docker']",3
"{""name"":""Alexander Sullivan"",""email"":""anthony57@example.com"",""phone"":""429-343-7226x293"",""location"":{""city"":""Jennifershire"",""country"":""Uganda"",""remote_preference"":""onsite""},""summary"":""Results-driven DevOps Engineer with proven expertise in cloud infrastructure, automation, and continuous integration. Skilled in AWS, Docker, and Kubernetes."",""linkedin"":""linkedin.com\/in\/ocook"",""github"":""github.com\/johnsonalexis""}",name alexander sullivan email anthony57 example.com phone 429 343 7226x293 location city jennifershire country uganda remote preference onsite summary results driven devops engineer with proven expertise in cloud infrastructure automation and continuous integration. skilled in aws docker and kubernetes. linkedin linkedin.com in ocook github github.com johnsonalexis,"['git', 'github', 'docker']",3
"{""name"":""Nathaniel Gardner"",""email"":""victoria11@example.org"",""phone"":""001-806-885-1457"",""location"":{""city"":""Stevensonfurt"",""country"":""French Polynesia"",""remote_preference"":""onsite""},""summary"":""Results-driven DevOps Engineer with proven expertise in cloud infrastructure, automation, and continuous integration. Skilled in AWS, Docker, and Kubernetes."",""linkedin"":""linkedin.com\/in\/kburns"",""github"":""github.com\/davidburton""}",name nathaniel gardner email victoria11 example.org phone 001 806 885 1457 location city stevensonfurt country french polynesia remote preference onsite summary results driven devops engineer with proven expertise in cloud infrastructure automation and continuous integration. skilled in aws docker and kubernetes. linkedin linkedin.com in kburns github github.com davidburton,"['git', 'github', 'docker']",3
"{""name"":""David Vega"",""email"":""mhenry@example.com"",""phone"":""951.892.8421x1437"",""location"":{""city"":""South Angela"",""country"":""South Georgia and the South Sandwich Islands"",""remote_preference"":""remote""},""summary"":""Results-driven DevOps Engineer with proven expertise in cloud infrastructure, automation, and continuous integration. Skilled in AWS, Docker, and Kubernetes."",""linkedin"":""linkedin.com\/in\/phill"",""github"":""github.com\/webercynthia""}",name david vega email mhenry example.com phone 951.892.8421x1437 location city south angela country south georgia and the south sandwich islands remote preference remote summary results driven devops engineer with proven expertise in cloud infrastructure automation and continuous integration. skilled in aws docker and kubernetes. linkedin linkedin.com in phill github github.com webercynthia,"['git', 'github', 'docker']",3
"{""name"":""Mr. David Day"",""email"":""whitekelsey@example.com"",""phone"":""001-726-617-0159x02169"",""location"":{""city"":""Millerhaven"",""country"":""French Southern Territories"",""remote_preference"":""remote""},""summary"":""Results-driven DevOps Engineer with proven expertise in cloud infrastructure, automation, and continuous integration. Skilled in AWS, Docker, and Kubernetes."",""linkedin"":""linkedin.com\/in\/rachael26"",""github"":""github.com\/lbrown""}",name mr. david day email whitekelsey example.com phone 001 726 617 0159x02169 location city millerhaven country french southern territories remote preference remote summary results driven devops engineer with proven expertise in cloud infrastructure automation and continuous integration. skilled in aws docker and kubernetes. linkedin linkedin.com in rachael26 github github.com lbrown,"['git', 'github', 'docker']",3
"{""name"":""Lisa Vargas"",""email"":""dshaw@example.com"",""phone"":""001-915-206-5864x20775"",""location"":{""city"":""New Sharonfort"",""country"":""Mauritius"",""remote_preference"":""onsite""},""summary"":""Results-driven DevOps Engineer with proven expertise in cloud infrastructure, automation, and continuous integration. Skilled in AWS, Docker, and Kubernetes."",""linkedin"":""linkedin.com\/in\/snorris"",""github"":""github.com\/cristinacarr""}",name lisa vargas email dshaw example.com phone 001 915 206 5864x20775 location city new sharonfort country mauritius remote preference onsite summary results driven devops engineer with proven expertise in cloud infrastructure automation and continuous integration. skilled in aws docker and kubernetes. linkedin linkedin.com in snorris github github.com cristinacarr,"['git', 'github', 'docker']",3
"{""name"":""Kenneth Caldwell"",""email"":""ramirezmichael@example.com"",""phone"":""(833)535-2631x2494"",""location"":{""city"":""New Emily"",""country"":""Hong Kong"",""remote_preference"":""remote""},""summary"":""Results-driven DevOps Engineer with proven expertise in cloud infrastructure, automation, and continuous integration. Skilled in AWS, Docker, and Kubernetes."",""linkedin"":""linkedin.com\/in\/carlosyu"",""github"":""github.com\/tgibson""}",name kenneth caldwell email ramirezmichael example.com phone 833 535 2631x2494 location city new emily country hong kong remote preference remote summary results driven devops engineer with proven expertise in cloud infrastructure automation and continuous integration. skilled in aws docker and kubernetes. linkedin linkedin.com in carlosyu github github.com tgibson,"['git', 'github', 'docker']",3
"{""name"":""Angela Haynes"",""email"":""kanechristopher@example.org"",""phone"":""(291)946-7481x584"",""location"":{""city"":""New John"",""country"":""Zimbabwe"",""remote_preference"":""onsite""},""summary"":""Results-driven DevOps Engineer with proven expertise in cloud infrastructure, automation, and continuous integration. Skilled in AWS, Docker, and Kubernetes."",""linkedin"":""linkedin.com\/in\/garrettstewart"",""github"":""github.com\/greenlaurie""}",name angela haynes email kanechristopher example.org phone 291 946 7481x584 location city new john country zimbabwe remote preference onsite summary results driven devops engineer with proven expertise in cloud infrastructure automation and continuous integration. skilled in aws docker and kubernetes. linkedin linkedin.com in garrettstewart github github.com greenlaurie,"['git', 'github', 'docker']",3
"{""name"":""Mason Wagner"",""email"":""chiggins@example.com"",""phone"":""001-660-873-7910x427"",""location"":{""city"":""Danielton"",""country"":""Singapore"",""remote_preference"":""remote""},""summary"":""Results-driven DevOps Engineer with proven expertise in cloud infrastructure, automation, and continuous integration. Skilled in AWS, Docker, and Kubernetes."",""linkedin"":""linkedin.com\/in\/hfisher"",""github"":""github.com\/woodardbrian""}",name mason wagner email chiggins example.com phone 001 660 873 7910x427 location city danielton country singapore remote preference remote summary results driven devops engineer with proven expertise in cloud infrastructure automation and continuous integration. skilled in aws docker and kubernetes. linkedin linkedin.com in hfisher github github.com woodardbrian,"['git', 'github', 'docker']",3
"{""name"":""Alexandra Johnson"",""email"":""kochdavid@example.net"",""phone"":""(932)899-7837x162"",""location"":{""city"":""Lake Christopher"",""country"":""Cambodia"",""remote_preference"":""onsite""},""summary"":""Results-driven DevOps Engineer with proven expertise in cloud infrastructure, automation, and continuous integration. Skilled in AWS, Docker, and Kubernetes."",""linkedin"":""linkedin.com\/in\/darrylfuentes"",""github"":""github.com\/sscott""}",name alexandra johnson email kochdavid example.net phone 932 899 7837x162 location city lake christopher country cambodia remote preference onsite summary results driven devops engineer with proven expertise in cloud infrastructure automation and continuous integration. skilled in aws docker and kubernetes. linkedin linkedin.com in darrylfuentes github github.com sscott,"['git', 'github', 'docker']",3
"{""name"":""Kimberly Gonzalez"",""email"":""deborahharper@example.org"",""phone"":""+1-497-830-1857x395"",""location"":{""city"":""West Danielshire"",""country"":""Saint Lucia"",""remote_preference"":""onsite""},""summary"":""Results-driven DevOps Engineer with proven expertise in cloud infrastructure, automation, and continuous integration. Skilled in AWS, Docker, and Kubernetes."",""linkedin"":""linkedin.com\/in\/ocarroll"",""github"":""github.com\/pauljerome""}",name kimberly gonzalez email deborahharper example.org phone +1 497 830 1857x395 location city west danielshire country saint lucia remote preference onsite summary results driven devops engineer with proven expertise in cloud infrastructure automation and continuous integration. skilled in aws docker and kubernetes. linkedin linkedin.com in ocarroll github github.com pauljerome,"['git', 'github', 'docker']",3
"{""name"":""Jasmine Wagner"",""email"":""peter57@example.org"",""phone"":""676.506.2979x7065"",""location"":{""city"":""North Jenniferborough"",""country"":""Nauru"",""remote_preference"":""remote""},""summary"":""Results-driven DevOps Engineer with proven expertise in cloud infrastructure, automation, and continuous integration. Skilled in AWS, Docker, and Kubernetes."",""linkedin"":""linkedin.com\/in\/tonya35"",""github"":""github.com\/jacob32""}",name jasmine wagner email peter57 example.org phone 676.506.2979x7065 location city north jenniferborough country nauru remote preference remote summary results driven devops engineer with proven expertise in cloud infrastructure automation and continuous integration. skilled in aws docker and kubernetes. linkedin linkedin.com in tonya35 github github.com jacob32,"['git', 'github', 'docker']",3
"{""name"":""Teresa Sutton"",""email"":""phillipsmaria@example.org"",""phone"":""3339686844"",""location"":{""city"":""New Tony"",""country"":""Tokelau"",""remote_preference"":""hybrid""},""summary"":""Results-driven DevOps Engineer with proven expertise in cloud infrastructure, automation, and continuous integration. Skilled in AWS, Docker, and Kubernetes."",""linkedin"":""linkedin.com\/in\/uowen"",""github"":""github.com\/iholder""}",name teresa sutton email phillipsmaria example.org phone 3339686844 location city new tony country tokelau remote preference hybrid summary results driven devops engineer with proven expertise in cloud infrastructure automation and continuous integration. skilled in aws docker and kubernetes. linkedin linkedin.com in uowen github github.com iholder,"['git', 'github', 'docker']",3
"{""name"":""Michael Glover"",""email"":""steven28@example.com"",""phone"":""001-976-379-4454x009"",""location"":{""city"":""West Latoyaview"",""country"":""New Caledonia"",""remote_preference"":""hybrid""},""summary"":""Results-driven DevOps Engineer with proven expertise in cloud infrastructure, automation, and continuous integration. Skilled in AWS, Docker, and Kubernetes."",""linkedin"":""linkedin.com\/in\/kevin06"",""github"":""github.com\/vbrown""}",name michael glover email steven28 example.com phone 001 976 379 4454x009 location city west latoyaview country new caledonia remote preference hybrid summary results driven devops engineer with proven expertise in cloud infrastructure automation and continuous integration. skilled in aws docker and kubernetes. linkedin linkedin.com in kevin06 github github.com vbrown,"['git', 'github', 'docker']",3
"{""name"":""Wendy Schneider"",""email"":""sabrinamarks@example.com"",""phone"":""9426467273"",""location"":{""city"":""Jenniferbury"",""country"":""United States Minor Outlying Islands"",""remote_preference"":""onsite""},""summary"":""Results-driven DevOps Engineer with proven expertise in cloud infrastructure, automation, and continuous integration. Skilled in AWS, Docker, and Kubernetes."",""linkedin"":""linkedin.com\/in\/mhuff"",""github"":""github.com\/uleach""}",name wendy schneider email sabrinamarks example.com phone 9426467273 location city jenniferbury country united states minor outlying islands remote preference onsite summary results driven devops engineer with proven expertise in cloud infrastructure automation and continuous integration. skilled in aws docker and kubernetes. linkedin linkedin.com in mhuff github github.com uleach,"['git', 'github', 'docker']",3
"{""name"":""Samantha Torres"",""email"":""samantha84@example.com"",""phone"":""451.487.7088"",""location"":{""city"":""Port Paula"",""country"":""Eritrea"",""remote_preference"":""remote""},""summary"":""Results-driven DevOps Engineer with proven expertise in cloud infrastructure, automation, and continuous integration. Skilled in AWS, Docker, and Kubernetes."",""linkedin"":""linkedin.com\/in\/ggutierrez"",""github"":""github.com\/idavenport""}",name samantha torres email samantha84 example.com phone 451.487.7088 location city port paula country eritrea remote preference remote summary results driven devops engineer with proven expertise in cloud infrastructure automation and continuous integration. skilled in aws docker and kubernetes. linkedin linkedin.com in ggutierrez github github.com idavenport,"['git', 'github', 'docker']",3
"{""name"":""Eric Dalton"",""email"":""cholland@example.org"",""phone"":""+1-913-720-4825"",""location"":{""city"":""Thomashaven"",""country"":""Dominica"",""remote_preference"":""hybrid""},""summary"":""Results-driven DevOps Engineer with proven expertise in cloud infrastructure, automation, and continuous integration. Skilled in AWS, Docker, and Kubernetes."",""linkedin"":""linkedin.com\/in\/tyronerandolph"",""github"":""github.com\/ududley""}",name eric dalton email cholland example.org phone +1 913 720 4825 location city thomashaven country dominica remote preference hybrid summary results driven devops engineer with proven expertise in cloud infrastructure automation and continuous integration. skilled in aws docker and kubernetes. linkedin linkedin.com in tyronerandolph github github.com ududley,"['git', 'github', 'docker']",3
"{""name"":""Lisa Mays"",""email"":""cherylflores@example.org"",""phone"":""+1-513-551-2444x445"",""location"":{""city"":""East Brandon"",""country"":""Heard Island and McDonald Islands"",""remote_preference"":""hybrid""},""summary"":""Results-driven DevOps Engineer with proven expertise in cloud infrastructure, automation, and continuous integration. Skilled in AWS, Docker, and Kubernetes."",""linkedin"":""linkedin.com\/in\/christopherdaniel"",""github"":""github.com\/hnichols""}",name lisa mays email cherylflores example.org phone +1 513 551 2444x445 location city east brandon country heard island and mcdonald islands remote preference hybrid summary results driven devops engineer with proven expertise in cloud infrastructure automation and continuous integration. skilled in aws docker and kubernetes. linkedin linkedin.com in christopherdaniel github github.com hnichols,"['git', 'github', 'docker']",3
"{""name"":""Joseph Mcknight"",""email"":""pamelajordan@example.org"",""phone"":""420.482.5487x70251"",""location"":{""city"":""Lake Kevinside"",""country"":""Jamaica"",""remote_preference"":""onsite""},""summary"":""Results-driven DevOps Engineer with proven expertise in cloud infrastructure, automation, and continuous integration. Skilled in AWS, Docker, and Kubernetes."",""linkedin"":""linkedin.com\/in\/qnelson"",""github"":""github.com\/lopeztammy""}",name joseph mcknight email pamelajordan example.org phone 420.482.5487x70251 location city lake kevinside country jamaica remote preference onsite summary results driven devops engineer with proven expertise in cloud infrastructure automation and continuous integration. skilled in aws docker and kubernetes. linkedin linkedin.com in qnelson github github.com lopeztammy,"['git', 'github', 'docker']",3
"{""name"":""Karen Waters"",""email"":""samueljohnson@example.net"",""phone"":""+1-538-605-4002"",""location"":{""city"":""Ashleymouth"",""country"":""Venezuela"",""remote_preference"":""onsite""},""summary"":""Results-driven DevOps Engineer with proven expertise in cloud infrastructure, automation, and continuous integration. Skilled in AWS, Docker, and Kubernetes."",""linkedin"":""linkedin.com\/in\/escott"",""github"":""github.com\/kelly87""}",name karen waters email samueljohnson example.net phone +1 538 605 4002 location city ashleymouth country venezuela remote preference onsite summary results driven devops engineer with proven expertise in cloud infrastructure automation and continuous integration. skilled in aws docker and kubernetes. linkedin linkedin.com in escott github github.com kelly87,"['git', 'github', 'docker']",3
"{""name"":""Theresa Santiago"",""email"":""xarias@example.com"",""phone"":""001-857-730-9729x6925"",""location"":{""city"":""Jacobsfurt"",""country"":""Cocos (Keeling) Islands"",""remote_preference"":""hybrid""},""summary"":""Results-driven DevOps Engineer with proven expertise in cloud infrastructure, automation, and continuous integration. Skilled in AWS, Docker, and Kubernetes."",""linkedin"":""linkedin.com\/in\/stevenmorales"",""github"":""github.com\/xbradley""}",name theresa santiago email xarias example.com phone 001 857 730 9729x6925 location city jacobsfurt country cocos keeling islands remote preference hybrid summary results driven devops engineer with proven expertise in cloud infrastructure automation and continuous integration. skilled in aws docker and kubernetes. linkedin linkedin.com in stevenmorales github github.com xbradley,"['git', 'github', 'docker']",3
"{""name"":""Matthew Frazier"",""email"":""joliver@example.org"",""phone"":""6374041459"",""location"":{""city"":""Marisaport"",""country"":""Brunei Darussalam"",""remote_preference"":""onsite""},""summary"":""Results-driven DevOps Engineer with proven expertise in cloud infrastructure, automation, and continuous integration. Skilled in AWS, Docker, and Kubernetes."",""linkedin"":""linkedin.com\/in\/matacurtis"",""github"":""github.com\/michael23""}",name matthew frazier email joliver example.org phone 6374041459 location city marisaport country brunei darussalam remote preference onsite summary results driven devops engineer with proven expertise in cloud infrastructure automation and continuous integration. skilled in aws docker and kubernetes. linkedin linkedin.com in matacurtis github github.com michael23,"['git', 'github', 'docker']",3
"{""name"":""Stacy Vance"",""email"":""dennisreyes@example.net"",""phone"":""387-623-8279x9308"",""location"":{""city"":""Amychester"",""country"":""Botswana"",""remote_preference"":""onsite""},""summary"":""Results-driven DevOps Engineer with proven expertise in cloud infrastructure, automation, and continuous integration. Skilled in AWS, Docker, and Kubernetes."",""linkedin"":""linkedin.com\/in\/michele15"",""github"":""github.com\/pachecotina""}",name stacy vance email dennisreyes example.net phone 387 623 8279x9308 location city amychester country botswana remote preference onsite summary results driven devops engineer with proven expertise in cloud infrastructure automation and continuous integration. skilled in aws docker and kubernetes. linkedin linkedin.com in michele15 github github.com pachecotina,"['git', 'github', 'docker']",3
"{""name"":""Sandra Sharp"",""email"":""whitelisa@example.com"",""phone"":""001-640-513-1521"",""location"":{""city"":""West Joshua"",""country"":""Bolivia"",""remote_preference"":""hybrid""},""summary"":""Results-driven DevOps Engineer with proven expertise in cloud infrastructure, automation, and continuous integration. Skilled in AWS, Docker, and Kubernetes."",""linkedin"":""linkedin.com\/in\/tylerwilliams"",""github"":""github.com\/johndavis""}",name sandra sharp email whitelisa example.com phone 001 640 513 1521 location city west joshua country bolivia remote preference hybrid summary results driven devops engineer with proven expertise in cloud infrastructure automation and continuous integration. skilled in aws docker and kubernetes. linkedin linkedin.com in tylerwilliams github github.com johndavis,"['git', 'github', 'docker']",3
"{""name"":""Kevin Pacheco"",""email"":""yperez@example.org"",""phone"":""775-830-0073"",""location"":{""city"":""Antonioview"",""country"":""Wallis and Futuna"",""remote_preference"":""remote""},""summary"":""Results-driven DevOps Engineer with proven expertise in cloud infrastructure, automation, and continuous integration. Skilled in AWS, Docker, and Kubernetes."",""linkedin"":""linkedin.com\/in\/sdorsey"",""github"":""github.com\/cindy37""}",name kevin pacheco email yperez example.org phone 775 830 0073 location city antonioview country wallis and futuna remote preference remote summary results driven devops engineer with proven expertise in cloud infrastructure automation and continuous integration. skilled in aws docker and kubernetes. linkedin linkedin.com in sdorsey github github.com cindy37,"['git', 'github', 'docker']",3
"{""name"":""William Green"",""email"":""romerosheila@example.net"",""phone"":""261-607-2415"",""location"":{""city"":""Crawfordmouth"",""country"":""Mayotte"",""remote_preference"":""hybrid""},""summary"":""Results-driven DevOps Engineer with proven expertise in cloud infrastructure, automation, and continuous integration. Skilled in AWS, Docker, and Kubernetes."",""linkedin"":""linkedin.com\/in\/caroline57"",""github"":""github.com\/lgonzales""}",name william green email romerosheila example.net phone 261 607 2415 location city crawfordmouth country mayotte remote preference hybrid summary results driven devops engineer with proven expertise in cloud infrastructure automation and continuous integration. skilled in aws docker and kubernetes. linkedin linkedin.com in caroline57 github github.com lgonzales,"['git', 'github', 'docker']",3
"{""name"":""Timothy Smith"",""email"":""sonya04@example.org"",""phone"":""001-529-990-1488"",""location"":{""city"":""Davidfort"",""country"":""Netherlands Antilles"",""remote_preference"":""hybrid""},""summary"":""Results-driven DevOps Engineer with proven expertise in cloud infrastructure, automation, and continuous integration. Skilled in AWS, Docker, and Kubernetes."",""linkedin"":""linkedin.com\/in\/kevinbennett"",""github"":""github.com\/stephaniemccarthy""}",name timothy smith email sonya04 example.org phone 001 529 990 1488 location city davidfort country netherlands antilles remote preference hybrid summary results driven devops engineer with proven expertise in cloud infrastructure automation and continuous integration. skilled in aws docker and kubernetes. linkedin linkedin.com in kevinbennett github github.com stephaniemccarthy,"['git', 'github', 'docker']",3
"{""name"":""John Green"",""email"":""christophersnow@example.net"",""phone"":""513-495-0493x18724"",""location"":{""city"":""East Jamie"",""country"":""Northern Mariana Islands"",""remote_preference"":""onsite""},""summary"":""Results-driven DevOps Engineer with proven expertise in cloud infrastructure, automation, and continuous integration. Skilled in AWS, Docker, and Kubernetes."",""linkedin"":""linkedin.com\/in\/williamrogers"",""github"":""github.com\/kellyjackson""}",name john green email christophersnow example.net phone 513 495 0493x18724 location city east jamie country northern mariana islands remote preference onsite summary results driven devops engineer with proven expertise in cloud infrastructure automation and continuous integration. skilled in aws docker and kubernetes. linkedin linkedin.com in williamrogers github github.com kellyjackson,"['git', 'github', 'docker']",3
"{""name"":""Charles Sanders"",""email"":""dixonalex@example.org"",""phone"":""(485)956-8573x960"",""location"":{""city"":""Watsonfurt"",""country"":""Romania"",""remote_preference"":""hybrid""},""summary"":""Results-driven DevOps Engineer with proven expertise in cloud infrastructure, automation, and continuous integration. Skilled in AWS, Docker, and Kubernetes."",""linkedin"":""linkedin.com\/in\/scottrebecca"",""github"":""github.com\/jamesmiles""}",name charles sanders email dixonalex example.org phone 485 956 8573x960 location city watsonfurt country romania remote preference hybrid summary results driven devops engineer with proven expertise in cloud infrastructure automation and continuous integration. skilled in aws docker and kubernetes. linkedin linkedin.com in scottrebecca github github.com jamesmiles,"['git', 'github', 'docker']",3
"{""name"":""Amy Mcbride"",""email"":""nhart@example.com"",""phone"":""432-677-5191x56434"",""location"":{""city"":""Port Darrylland"",""country"":""American Samoa"",""remote_preference"":""hybrid""},""summary"":""Results-driven DevOps Engineer with proven expertise in cloud infrastructure, automation, and continuous integration. Skilled in AWS, Docker, and Kubernetes."",""linkedin"":""linkedin.com\/in\/reyesdavid"",""github"":""github.com\/jamiesingh""}",name amy mcbride email nhart example.com phone 432 677 5191x56434 location city port darrylland country american samoa remote preference hybrid summary results driven devops engineer with proven expertise in cloud infrastructure automation and continuous integration. skilled in aws docker and kubernetes. linkedin linkedin.com in reyesdavid github github.com jamiesingh,"['git', 'github', 'docker']",3
"{""name"":""Casey Stewart"",""email"":""iandrews@example.org"",""phone"":""001-476-464-5112"",""location"":{""city"":""Phillipberg"",""country"":""Netherlands"",""remote_preference"":""hybrid""},""summary"":""Results-driven DevOps Engineer with proven expertise in cloud infrastructure, automation, and continuous integration. Skilled in AWS, Docker, and Kubernetes."",""linkedin"":""linkedin.com\/in\/alexscott"",""github"":""github.com\/broberts""}",name casey stewart email iandrews example.org phone 001 476 464 5112 location city phillipberg country netherlands remote preference hybrid summary results driven devops engineer with proven expertise in cloud infrastructure automation and continuous integration. skilled in aws docker and kubernetes. linkedin linkedin.com in alexscott github github.com broberts,"['git', 'github', 'docker']",3
"{""name"":""Connie Thomas"",""email"":""harmonrichard@example.net"",""phone"":""(893)539-8258x2044"",""location"":{""city"":""Lake Vickifurt"",""country"":""Luxembourg"",""remote_preference"":""onsite""},""summary"":""Results-driven DevOps Engineer with proven expertise in cloud infrastructure, automation, and continuous integration. Skilled in AWS, Docker, and Kubernetes."",""linkedin"":""linkedin.com\/in\/calhounjulie"",""github"":""github.com\/tracyallen""}",name connie thomas email harmonrichard example.net phone 893 539 8258x2044 location city lake vickifurt country luxembourg remote preference onsite summary results driven devops engineer with proven expertise in cloud infrastructure automation and continuous integration. skilled in aws docker and kubernetes. linkedin linkedin.com in calhounjulie github github.com tracyallen,"['git', 'github', 'docker']",3
"{""name"":""Susan Adkins"",""email"":""alewis@example.net"",""phone"":""4133247430"",""location"":{""city"":""Batesstad"",""country"":""Turkmenistan"",""remote_preference"":""remote""},""summary"":""Results-driven DevOps Engineer with proven expertise in cloud infrastructure, automation, and continuous integration. Skilled in AWS, Docker, and Kubernetes."",""linkedin"":""linkedin.com\/in\/stephaniecarter"",""github"":""github.com\/tyler03""}",name susan adkins email alewis example.net phone 4133247430 location city batesstad country turkmenistan remote preference remote summary results driven devops engineer with proven expertise in cloud infrastructure automation and continuous integration. skilled in aws docker and kubernetes. linkedin linkedin.com in stephaniecarter github github.com tyler03,"['git', 'github', 'docker']",3
"{""name"":""Karen Davis DDS"",""email"":""stephanie27@example.org"",""phone"":""465.880.4935x9626"",""location"":{""city"":""Port Alicia"",""country"":""Switzerland"",""remote_preference"":""remote""},""summary"":""Results-driven DevOps Engineer with proven expertise in cloud infrastructure, automation, and continuous integration. Skilled in AWS, Docker, and Kubernetes."",""linkedin"":""linkedin.com\/in\/bhardy"",""github"":""github.com\/erik82""}",name karen davis dds email stephanie27 example.org phone 465.880.4935x9626 location city port alicia country switzerland remote preference remote summary results driven devops engineer with proven expertise in cloud infrastructure automation and continuous integration. skilled in aws docker and kubernetes. linkedin linkedin.com in bhardy github github.com erik82,"['git', 'github', 'docker']",3
"{""name"":""Terri Clark"",""email"":""shelbycooper@example.com"",""phone"":""001-217-534-4738"",""location"":{""city"":""North Ginachester"",""country"":""Haiti"",""remote_preference"":""remote""},""summary"":""Results-driven DevOps Engineer with proven expertise in cloud infrastructure, automation, and continuous integration. Skilled in AWS, Docker, and Kubernetes."",""linkedin"":""linkedin.com\/in\/amy34"",""github"":""github.com\/vanessa87""}",name terri clark email shelbycooper example.com phone 001 217 534 4738 location city north ginachester country haiti remote preference remote summary results driven devops engineer with proven expertise in cloud infrastructure automation and continuous integration. skilled in aws docker and kubernetes. linkedin linkedin.com in amy34 github github.com vanessa87,"['git', 'github', 'docker']",3
"{""name"":""Susan Allen"",""email"":""ykennedy@example.net"",""phone"":""704-837-4790x981"",""location"":{""city"":""Brianton"",""country"":""Kuwait"",""remote_preference"":""hybrid""},""summary"":""Results-driven DevOps Engineer with proven expertise in cloud infrastructure, automation, and continuous integration. Skilled in AWS, Docker, and Kubernetes."",""linkedin"":""linkedin.com\/in\/mathisalex"",""github"":""github.com\/wyatt34""}",name susan allen email ykennedy example.net phone 704 837 4790x981 location city brianton country kuwait remote preference hybrid summary results driven devops engineer with proven expertise in cloud infrastructure automation and continuous integration. skilled in aws docker and kubernetes. linkedin linkedin.com in mathisalex github github.com wyatt34,"['git', 'github', 'docker']",3
"{""name"":""Jennifer Morris"",""email"":""aosborn@example.com"",""phone"":""+1-840-955-9893x249"",""location"":{""city"":""Hartville"",""country"":""Turks and Caicos Islands"",""remote_preference"":""hybrid""},""summary"":""Results-driven DevOps Engineer with proven expertise in cloud infrastructure, automation, and continuous integration. Skilled in AWS, Docker, and Kubernetes."",""linkedin"":""linkedin.com\/in\/meganguerrero"",""github"":""github.com\/carlsontracy""}",name jennifer morris email aosborn example.com phone +1 840 955 9893x249 location city hartville country turks and caicos islands remote preference hybrid summary results driven devops engineer with proven expertise in cloud infrastructure automation and continuous integration. skilled in aws docker and kubernetes. linkedin linkedin.com in meganguerrero github github.com carlsontracy,"['git', 'github', 'docker']",3
"{""name"":""Kimberly Johnson"",""email"":""mjones@example.com"",""phone"":""668.693.4019"",""location"":{""city"":""West Christopher"",""country"":""Mali"",""remote_preference"":""hybrid""},""summary"":""Results-driven DevOps Engineer with proven expertise in cloud infrastructure, automation, and continuous integration. Skilled in AWS, Docker, and Kubernetes."",""linkedin"":""linkedin.com\/in\/whiteerin"",""github"":""github.com\/robersonjasmine""}",name kimberly johnson email mjones example.com phone 668.693.4019 location city west christopher country mali remote preference hybrid summary results driven devops engineer with proven expertise in cloud infrastructure automation and continuous integration. skilled in aws docker and kubernetes. linkedin linkedin.com in whiteerin github github.com robersonjasmine,"['git', 'github', 'docker']",3
"{""name"":""Micheal Knapp"",""email"":""lchavez@example.net"",""phone"":""+1-834-803-6091x8871"",""location"":{""city"":""Harringtonchester"",""country"":""India"",""remote_preference"":""onsite""},""summary"":""Results-driven DevOps Engineer with proven expertise in cloud infrastructure, automation, and continuous integration. Skilled in AWS, Docker, and Kubernetes."",""linkedin"":""linkedin.com\/in\/farrellroberto"",""github"":""github.com\/asanders""}",name micheal knapp email lchavez example.net phone +1 834 803 6091x8871 location city harringtonchester country india remote preference onsite summary results driven devops engineer with proven expertise in cloud infrastructure automation and continuous integration. skilled in aws docker and kubernetes. linkedin linkedin.com in farrellroberto github github.com asanders,"['git', 'github', 'docker']",3
"{""name"":""Lisa Nelson"",""email"":""christopherthompson@example.org"",""phone"":""285.625.0989"",""location"":{""city"":""Youngmouth"",""country"":""French Polynesia"",""remote_preference"":""remote""},""summary"":""Results-driven DevOps Engineer with proven expertise in cloud infrastructure, automation, and continuous integration. Skilled in AWS, Docker, and Kubernetes."",""linkedin"":""linkedin.com\/in\/jeffrey72"",""github"":""github.com\/matthewsdylan""}",name lisa nelson email christopherthompson example.org phone 285.625.0989 location city youngmouth country french polynesia remote preference remote summary results driven devops engineer with proven expertise in cloud infrastructure automation and continuous integration. skilled in aws docker and kubernetes. linkedin linkedin.com in jeffrey72 github github.com matthewsdylan,"['git', 'github', 'docker']",3
"{""name"":""Nathaniel Walker"",""email"":""millerkathryn@example.net"",""phone"":""508-854-6295x49780"",""location"":{""city"":""Johnsonbury"",""country"":""Burkina Faso"",""remote_preference"":""onsite""},""summary"":""Results-driven DevOps Engineer with proven expertise in cloud infrastructure, automation, and continuous integration. Skilled in AWS, Docker, and Kubernetes."",""linkedin"":""linkedin.com\/in\/sandersjulie"",""github"":""github.com\/pricejacqueline""}",name nathaniel walker email millerkathryn example.net phone 508 854 6295x49780 location city johnsonbury country burkina faso remote preference onsite summary results driven devops engineer with proven expertise in cloud infrastructure automation and continuous integration. skilled in aws docker and kubernetes. linkedin linkedin.com in sandersjulie github github.com pricejacqueline,"['git', 'github', 'docker']",3
"{""name"":""Kristen Williams"",""email"":""robert52@example.org"",""phone"":""329-575-1797x199"",""location"":{""city"":""North Allison"",""country"":""Trinidad and Tobago"",""remote_preference"":""onsite""},""summary"":""Results-driven DevOps Engineer with proven expertise in cloud infrastructure, automation, and continuous integration. Skilled in AWS, Docker, and Kubernetes."",""linkedin"":""linkedin.com\/in\/barberjohn"",""github"":""github.com\/beasleyjeffery""}",name kristen williams email robert52 example.org phone 329 575 1797x199 location city north allison country trinidad and tobago remote preference onsite summary results driven devops engineer with proven expertise in cloud infrastructure automation and continuous integration. skilled in aws docker and kubernetes. linkedin linkedin.com in barberjohn github github.com beasleyjeffery,"['git', 'github', 'docker']",3
"{""name"":""Antonio Cross"",""email"":""coloncarla@example.org"",""phone"":""236.993.0606x5893"",""location"":{""city"":""Port Williamport"",""country"":""Turkmenistan"",""remote_preference"":""remote""},""summary"":""Results-driven DevOps Engineer with proven expertise in cloud infrastructure, automation, and continuous integration. Skilled in AWS, Docker, and Kubernetes."",""linkedin"":""linkedin.com\/in\/matthewhood"",""github"":""github.com\/kevin45""}",name antonio cross email coloncarla example.org phone 236.993.0606x5893 location city port williamport country turkmenistan remote preference remote summary results driven devops engineer with proven expertise in cloud infrastructure automation and continuous integration. skilled in aws docker and kubernetes. linkedin linkedin.com in matthewhood github github.com kevin45,"['git', 'github', 'docker']",3
"{""name"":""Douglas Cordova"",""email"":""dustin68@example.com"",""phone"":""556-732-3187x414"",""location"":{""city"":""Lopezbury"",""country"":""Kazakhstan"",""remote_preference"":""remote""},""summary"":""Results-driven DevOps Engineer with proven expertise in cloud infrastructure, automation, and continuous integration. Skilled in AWS, Docker, and Kubernetes."",""linkedin"":""linkedin.com\/in\/ghill"",""github"":""github.com\/yadams""}",name douglas cordova email dustin68 example.com phone 556 732 3187x414 location city lopezbury country kazakhstan remote preference remote summary results driven devops engineer with proven expertise in cloud infrastructure automation and continuous integration. skilled in aws docker and kubernetes. linkedin linkedin.com in ghill github github.com yadams,"['git', 'github', 'docker']",3
"{""name"":""Tyler Watson"",""email"":""johnclark@example.org"",""phone"":""+1-387-587-0009x927"",""location"":{""city"":""Arroyoport"",""country"":""Puerto Rico"",""remote_preference"":""hybrid""},""summary"":""Results-driven DevOps Engineer with proven expertise in cloud infrastructure, automation, and continuous integration. Skilled in AWS, Docker, and Kubernetes."",""linkedin"":""linkedin.com\/in\/terri51"",""github"":""github.com\/jason57""}",name tyler watson email johnclark example.org phone +1 387 587 0009x927 location city arroyoport country puerto rico remote preference hybrid summary results driven devops engineer with proven expertise in cloud infrastructure automation and continuous integration. skilled in aws docker and kubernetes. linkedin linkedin.com in terri51 github github.com jason57,"['git', 'github', 'docker']",3
"{""name"":""James Jackson"",""email"":""shannonlee@example.com"",""phone"":""+1-204-310-7241x534"",""location"":{""city"":""Kimside"",""country"":""Dominica"",""remote_preference"":""hybrid""},""summary"":""Results-driven DevOps Engineer with proven expertise in cloud infrastructure, automation, and continuous integration. Skilled in AWS, Docker, and Kubernetes."",""linkedin"":""linkedin.com\/in\/hjackson"",""github"":""github.com\/quinnjose""}",name james jackson email shannonlee example.com phone +1 204 310 7241x534 location city kimside country dominica remote preference hybrid summary results driven devops engineer with proven expertise in cloud infrastructure automation and continuous integration. skilled in aws docker and kubernetes. linkedin linkedin.com in hjackson github github.com quinnjose,"['git', 'github', 'docker']",3
"{""name"":""Caleb Cox"",""email"":""csmith@example.org"",""phone"":""+1-643-202-1110x82234"",""location"":{""city"":""Josephfurt"",""country"":""Christmas Island"",""remote_preference"":""remote""},""summary"":""Results-driven DevOps Engineer with proven expertise in cloud infrastructure, automation, and continuous integration. Skilled in AWS, Docker, and Kubernetes."",""linkedin"":""linkedin.com\/in\/connor02"",""github"":""github.com\/teresaedwards""}",name caleb cox email csmith example.org phone +1 643 202 1110x82234 location city josephfurt country christmas island remote preference remote summary results driven devops engineer with proven expertise in cloud infrastructure automation and continuous integration. skilled in aws docker and kubernetes. linkedin linkedin.com in connor02 github github.com teresaedwards,"['git', 'github', 'docker']",3
"{""name"":""Mr. Luis Curry PhD"",""email"":""alejandrofarrell@example.org"",""phone"":""001-910-419-3300"",""location"":{""city"":""Port Nicole"",""country"":""Dominica"",""remote_preference"":""remote""},""summary"":""Results-driven DevOps Engineer with proven expertise in cloud infrastructure, automation, and continuous integration. Skilled in AWS, Docker, and Kubernetes."",""linkedin"":""linkedin.com\/in\/rachel04"",""github"":""github.com\/callahancory""}",name mr. luis curry phd email alejandrofarrell example.org phone 001 910 419 3300 location city port nicole country dominica remote preference remote summary results driven devops engineer with proven expertise in cloud infrastructure automation and continuous integration. skilled in aws docker and kubernetes. linkedin linkedin.com in rachel04 github github.com callahancory,"['git', 'github', 'docker']",3
"{""name"":""Kathy Guerrero"",""email"":""raymondwyatt@example.org"",""phone"":""(341)825-1756"",""location"":{""city"":""Port Roberttown"",""country"":""Russian Federation"",""remote_preference"":""remote""},""summary"":""Results-driven DevOps Engineer with proven expertise in cloud infrastructure, automation, and continuous integration. Skilled in AWS, Docker, and Kubernetes."",""linkedin"":""linkedin.com\/in\/floresbenjamin"",""github"":""github.com\/stantonwilliam""}",name kathy guerrero email raymondwyatt example.org phone 341 825 1756 location city port roberttown country russian federation remote preference remote summary results driven devops engineer with proven expertise in cloud infrastructure automation and continuous integration. skilled in aws docker and kubernetes. linkedin linkedin.com in floresbenjamin github github.com stantonwilliam,"['git', 'github', 'docker']",3
"{""name"":""Stacy White"",""email"":""alexandramorgan@example.com"",""phone"":""(746)884-1205x055"",""location"":{""city"":""Port Ronnie"",""country"":""Slovakia (Slovak Republic)"",""remote_preference"":""onsite""},""summary"":""Results-driven DevOps Engineer with proven expertise in cloud infrastructure, automation, and continuous integration. Skilled in AWS, Docker, and Kubernetes."",""linkedin"":""linkedin.com\/in\/maria68"",""github"":""github.com\/tsavage""}",name stacy white email alexandramorgan example.com phone 746 884 1205x055 location city port ronnie country slovakia slovak republic remote preference onsite summary results driven devops engineer with proven expertise in cloud infrastructure automation and continuous integration. skilled in aws docker and kubernetes. linkedin linkedin.com in maria68 github github.com tsavage,"['git', 'github', 'docker']",3
"{""name"":""Caleb Ingram"",""email"":""fmoore@example.net"",""phone"":""+1-267-845-3684x891"",""location"":{""city"":""Lisamouth"",""country"":""Slovakia (Slovak Republic)"",""remote_preference"":""onsite""},""summary"":""Results-driven DevOps Engineer with proven expertise in cloud infrastructure, automation, and continuous integration. Skilled in AWS, Docker, and Kubernetes."",""linkedin"":""linkedin.com\/in\/anthony50"",""github"":""github.com\/zimmermanmonique""}",name caleb ingram email fmoore example.net phone +1 267 845 3684x891 location city lisamouth country slovakia slovak republic remote preference onsite summary results driven devops engineer with proven expertise in cloud infrastructure automation and continuous integration. skilled in aws docker and kubernetes. linkedin linkedin.com in anthony50 github github.com zimmermanmonique,"['git', 'github', 'docker']",3
"{""name"":""Brian Perez"",""email"":""stephanie70@example.net"",""phone"":""001-385-494-9159"",""location"":{""city"":""Webbville"",""country"":""Bangladesh"",""remote_preference"":""onsite""},""summary"":""Results-driven DevOps Engineer with proven expertise in cloud infrastructure, automation, and continuous integration. Skilled in AWS, Docker, and Kubernetes."",""linkedin"":""linkedin.com\/in\/aadkins"",""github"":""github.com\/ubrown""}",name brian perez email stephanie70 example.net phone 001 385 494 9159 location city webbville country bangladesh remote preference onsite summary results driven devops engineer with proven expertise in cloud infrastructure automation and continuous integration. skilled in aws docker and kubernetes. linkedin linkedin.com in aadkins github github.com ubrown,"['git', 'github', 'docker']",3
"{""name"":""Autumn Rodgers"",""email"":""baileyjames@example.com"",""phone"":""670-239-9213"",""location"":{""city"":""Lake Anthonymouth"",""country"":""Eritrea"",""remote_preference"":""remote""},""summary"":""Results-driven DevOps Engineer with proven expertise in cloud infrastructure, automation, and continuous integration. Skilled in AWS, Docker, and Kubernetes."",""linkedin"":""linkedin.com\/in\/kelly03"",""github"":""github.com\/josejohnston""}",name autumn rodgers email baileyjames example.com phone 670 239 9213 location city lake anthonymouth country eritrea remote preference remote summary results driven devops engineer with proven expertise in cloud infrastructure automation and continuous integration. skilled in aws docker and kubernetes. linkedin linkedin.com in kelly03 github github.com josejohnston,"['git', 'github', 'docker']",3
"{""name"":""Deborah Norris"",""email"":""moorejacob@example.net"",""phone"":""+1-305-353-6986x0068"",""location"":{""city"":""Rebeccastad"",""country"":""El Salvador"",""remote_preference"":""remote""},""summary"":""Results-driven DevOps Engineer with proven expertise in cloud infrastructure, automation, and continuous integration. Skilled in AWS, Docker, and Kubernetes."",""linkedin"":""linkedin.com\/in\/qparrish"",""github"":""github.com\/brian08""}",name deborah norris email moorejacob example.net phone +1 305 353 6986x0068 location city rebeccastad country el salvador remote preference remote summary results driven devops engineer with proven expertise in cloud infrastructure automation and continuous integration. skilled in aws docker and kubernetes. linkedin linkedin.com in qparrish github github.com brian08,"['git', 'github', 'docker']",3
"{""name"":""Pamela Santiago"",""email"":""abenjamin@example.com"",""phone"":""+1-512-555-5008x71476"",""location"":{""city"":""Port Shannon"",""country"":""Finland"",""remote_preference"":""remote""},""summary"":""Results-driven DevOps Engineer with proven expertise in cloud infrastructure, automation, and continuous integration. Skilled in AWS, Docker, and Kubernetes."",""linkedin"":""linkedin.com\/in\/jacobcollins"",""github"":""github.com\/xthomas""}",name pamela santiago email abenjamin example.com phone +1 512 555 5008x71476 location city port shannon country finland remote preference remote summary results driven devops engineer with proven expertise in cloud infrastructure automation and continuous integration. skilled in aws docker and kubernetes. linkedin linkedin.com in jacobcollins github github.com xthomas,"['git', 'github', 'docker']",3
"{""name"":""Paul Sanders"",""email"":""potterjoseph@example.com"",""phone"":""375.348.3254"",""location"":{""city"":""South Ericashire"",""country"":""Montenegro"",""remote_preference"":""remote""},""summary"":""Results-driven DevOps Engineer with proven expertise in cloud infrastructure, automation, and continuous integration. Skilled in AWS, Docker, and Kubernetes."",""linkedin"":""linkedin.com\/in\/ebell"",""github"":""github.com\/ryan96""}",name paul sanders email potterjoseph example.com phone 375.348.3254 location city south ericashire country montenegro remote preference remote summary results driven devops engineer with proven expertise in cloud infrastructure automation and continuous integration. skilled in aws docker and kubernetes. linkedin linkedin.com in ebell github github.com ryan96,"['git', 'github', 'docker']",3
"{""name"":""Caroline Tate"",""email"":""javier77@example.org"",""phone"":""812.944.0462x611"",""location"":{""city"":""North Sarah"",""country"":""Colombia"",""remote_preference"":""remote""},""summary"":""Results-driven DevOps Engineer with proven expertise in cloud infrastructure, automation, and continuous integration. Skilled in AWS, Docker, and Kubernetes."",""linkedin"":""linkedin.com\/in\/jeremiahsmith"",""github"":""github.com\/chelsea08""}",name caroline tate email javier77 example.org phone 812.944.0462x611 location city north sarah country colombia remote preference remote summary results driven devops engineer with proven expertise in cloud infrastructure automation and continuous integration. skilled in aws docker and kubernetes. linkedin linkedin.com in jeremiahsmith github github.com chelsea08,"['git', 'github', 'docker']",3
"{""name"":""John Rivera"",""email"":""bryantdonna@example.net"",""phone"":""352-370-7343"",""location"":{""city"":""Bradleyberg"",""country"":""Kiribati"",""remote_preference"":""onsite""},""summary"":""Results-driven DevOps Engineer with proven expertise in cloud infrastructure, automation, and continuous integration. Skilled in AWS, Docker, and Kubernetes."",""linkedin"":""linkedin.com\/in\/lliu"",""github"":""github.com\/jflores""}",name john rivera email bryantdonna example.net phone 352 370 7343 location city bradleyberg country kiribati remote preference onsite summary results driven devops engineer with proven expertise in cloud infrastructure automation and continuous integration. skilled in aws docker and kubernetes. linkedin linkedin.com in lliu github github.com jflores,"['git', 'github', 'docker']",3
"{""name"":""Jacqueline Velazquez"",""email"":""janetrobinson@example.net"",""phone"":""9416421906"",""location"":{""city"":""Nancyland"",""country"":""Central African Republic"",""remote_preference"":""remote""},""summary"":""Results-driven DevOps Engineer with proven expertise in cloud infrastructure, automation, and continuous integration. Skilled in AWS, Docker, and Kubernetes."",""linkedin"":""linkedin.com\/in\/amy21"",""github"":""github.com\/jasonnguyen""}",name jacqueline velazquez email janetrobinson example.net phone 9416421906 location city nancyland country central african republic remote preference remote summary results driven devops engineer with proven expertise in cloud infrastructure automation and continuous integration. skilled in aws docker and kubernetes. linkedin linkedin.com in amy21 github github.com jasonnguyen,"['git', 'github', 'docker']",3
"{""name"":""Austin Smith"",""email"":""omyers@example.org"",""phone"":""664.631.0683x035"",""location"":{""city"":""Ryanstad"",""country"":""Chad"",""remote_preference"":""hybrid""},""summary"":""Results-driven DevOps Engineer with proven expertise in cloud infrastructure, automation, and continuous integration. Skilled in AWS, Docker, and Kubernetes."",""linkedin"":""linkedin.com\/in\/lesliebrown"",""github"":""github.com\/kathleenarmstrong""}",name austin smith email omyers example.org phone 664.631.0683x035 location city ryanstad country chad remote preference hybrid summary results driven devops engineer with proven expertise in cloud infrastructure automation and continuous integration. skilled in aws docker and kubernetes. linkedin linkedin.com in lesliebrown github github.com kathleenarmstrong,"['git', 'github', 'docker']",3
